"dbpedia_69","dbpedia_70","0.9903225806451612"
"dbpedia_43","dbpedia_44","1.0"
"dbpedia_64","dbpedia_63","1.0"
"dbpedia_49","dbpedia_48","1.0"
"dbpedia_38","dbpedia_37","1.0"
"dbpedia_28","dbpedia_27","1.0"
"dbpedia_31","dbpedia_30","0.95"
"dbpedia_34","dbpedia_33","1.0"
"dbpedia_1300","dbpedia_1299","0.9562499999999999"
"dbpedia_1205","dbpedia_1188","1.0"
"dbpedia_1206","dbpedia_1189","1.0"
"dbpedia_1206","dbpedia_1188","1.0"
"dbpedia_1205","dbpedia_1189","1.0"
"dbpedia_1204","dbpedia_1189","1.0"
"dbpedia_1203","dbpedia_1188","1.0"
"dbpedia_1203","dbpedia_1189","1.0"
"dbpedia_1204","dbpedia_1188","1.0"
"dbpedia_1202","dbpedia_1189","1.0"
"dbpedia_1201","dbpedia_1188","1.0"
"dbpedia_1202","dbpedia_1188","1.0"
"dbpedia_1201","dbpedia_1189","1.0"
"dbpedia_1200","dbpedia_1189","1.0"
"dbpedia_1200","dbpedia_1188","1.0"
"dbpedia_1208","dbpedia_1189","1.0"
"dbpedia_1207","dbpedia_1188","1.0"
"dbpedia_1207","dbpedia_1189","1.0"
"dbpedia_1208","dbpedia_1188","1.0"
"dbpedia_1207","dbpedia_1186","1.0"
"dbpedia_1208","dbpedia_1187","1.0"
"dbpedia_1208","dbpedia_1186","1.0"
"dbpedia_1207","dbpedia_1187","1.0"
"dbpedia_1208","dbpedia_1185","1.0"
"dbpedia_1207","dbpedia_1184","1.0"
"dbpedia_1207","dbpedia_1185","1.0"
"dbpedia_1208","dbpedia_1184","1.0"
"dbpedia_1208","dbpedia_1183","1.0"
"dbpedia_1207","dbpedia_1182","1.0"
"dbpedia_1207","dbpedia_1183","1.0"
"dbpedia_1208","dbpedia_1182","1.0"
"dbpedia_18","dbpedia_17","1.0"
"dbpedia_1203","dbpedia_1182","1.0"
"dbpedia_1201","dbpedia_1184","1.0"
"dbpedia_1202","dbpedia_1185","1.0"
"dbpedia_1200","dbpedia_1187","1.0"
"dbpedia_1204","dbpedia_1183","1.0"
"dbpedia_1204","dbpedia_1182","1.0"
"dbpedia_1201","dbpedia_1185","1.0"
"dbpedia_1200","dbpedia_1186","1.0"
"dbpedia_1202","dbpedia_1184","1.0"
"dbpedia_1203","dbpedia_1183","1.0"
"dbpedia_1205","dbpedia_1182","1.0"
"dbpedia_1202","dbpedia_1187","1.0"
"dbpedia_1201","dbpedia_1186","1.0"
"dbpedia_1200","dbpedia_1185","1.0"
"dbpedia_1206","dbpedia_1183","1.0"
"dbpedia_1206","dbpedia_1182","1.0"
"dbpedia_1200","dbpedia_1184","1.0"
"dbpedia_1201","dbpedia_1187","1.0"
"dbpedia_1202","dbpedia_1186","1.0"
"dbpedia_1205","dbpedia_1183","1.0"
"dbpedia_1200","dbpedia_1183","1.0"
"dbpedia_1204","dbpedia_1187","1.0"
"dbpedia_1205","dbpedia_1184","1.0"
"dbpedia_1203","dbpedia_1186","1.0"
"dbpedia_1206","dbpedia_1185","1.0"
"dbpedia_1200","dbpedia_1182","1.0"
"dbpedia_1203","dbpedia_1187","1.0"
"dbpedia_1204","dbpedia_1186","1.0"
"dbpedia_1206","dbpedia_1184","1.0"
"dbpedia_1205","dbpedia_1185","1.0"
"dbpedia_2799","dbpedia_2800","0.97"
"dbpedia_1201","dbpedia_1182","1.0"
"dbpedia_1206","dbpedia_1187","1.0"
"dbpedia_1204","dbpedia_1185","1.0"
"dbpedia_1205","dbpedia_1186","1.0"
"dbpedia_1203","dbpedia_1184","1.0"
"dbpedia_1202","dbpedia_1183","1.0"
"dbpedia_1202","dbpedia_1182","1.0"
"dbpedia_1201","dbpedia_1183","1.0"
"dbpedia_1205","dbpedia_1187","1.0"
"dbpedia_1203","dbpedia_1185","1.0"
"dbpedia_1204","dbpedia_1184","1.0"
"dbpedia_1206","dbpedia_1186","1.0"
"dbpedia_4614","dbpedia_4613","1.0"
"dbpedia_4615","dbpedia_4614","1.0"
"dbpedia_4615","dbpedia_4613","1.0"
"dbpedia_4396","dbpedia_4395","1.0"
"dbpedia_4393","dbpedia_4395","0.8525"
"dbpedia_4393","dbpedia_4396","0.8525"
"dbpedia_4616","dbpedia_4615","1.0"
"dbpedia_4393","dbpedia_4394","1.0"
"dbpedia_4616","dbpedia_4613","1.0"
"dbpedia_4396","dbpedia_4394","0.8525"
"dbpedia_4616","dbpedia_4614","1.0"
"dbpedia_4395","dbpedia_4394","0.8525"
"dbpedia_1077","dbpedia_1078","0.9911764705882352"
"dbpedia_4399","dbpedia_4398","1.0"
"dbpedia_4391","dbpedia_4390","1.0"
"dbpedia_1474","dbpedia_1471","1.0"
"dbpedia_1472","dbpedia_1473","1.0"
"dbpedia_1325","dbpedia_1324","1.0"
"dbpedia_1207","dbpedia_1204","1.0"
"dbpedia_1338","dbpedia_1337","0.9911764705882352"
"dbpedia_1314","dbpedia_1313","1.0"
"dbpedia_1473","dbpedia_1471","1.0"
"dbpedia_4682","dbpedia_4681","1.0"
"dbpedia_1208","dbpedia_1204","1.0"
"dbpedia_1365","dbpedia_1364","1.0"
"dbpedia_1472","dbpedia_1471","1.0"
"dbpedia_1474","dbpedia_1473","1.0"
"dbpedia_1330","dbpedia_1331","1.0"
"dbpedia_1207","dbpedia_1202","1.0"
"dbpedia_1208","dbpedia_1203","1.0"
"dbpedia_1474","dbpedia_1472","1.0"
"dbpedia_1829","dbpedia_1830","1.0"
"dbpedia_1207","dbpedia_1203","1.0"
"dbpedia_1208","dbpedia_1202","1.0"
"dbpedia_4304","dbpedia_4303","1.0"
"dbpedia_1474","dbpedia_1475","1.0"
"dbpedia_1367","dbpedia_1366","1.0"
"dbpedia_1332","dbpedia_1331","1.0"
"dbpedia_1359","dbpedia_1358","1.0"
"dbpedia_1343","dbpedia_1342","0.9624999999999999"
"dbpedia_1478","dbpedia_1479","1.0"
"dbpedia_1828","dbpedia_1830","1.0"
"dbpedia_1438","dbpedia_1439","0.9764705882352941"
"dbpedia_1979","dbpedia_1989","1.0"
"dbpedia_1978","dbpedia_1988","1.0"
"dbpedia_1208","dbpedia_1201","1.0"
"dbpedia_1207","dbpedia_1200","1.0"
"dbpedia_4541","dbpedia_4540","0.9571428571428571"
"dbpedia_4565","dbpedia_4564","1.0"
"dbpedia_1729","dbpedia_1730","1.0"
"dbpedia_1978","dbpedia_1989","1.0"
"dbpedia_1363","dbpedia_1362","1.0"
"dbpedia_1979","dbpedia_1988","1.0"
"dbpedia_1208","dbpedia_1200","1.0"
"dbpedia_1207","dbpedia_1201","1.0"
"dbpedia_1367","dbpedia_1364","0.9947368421052631"
"dbpedia_1366","dbpedia_1364","0.9947368421052631"
"dbpedia_1367","dbpedia_1365","0.9947368421052631"
"dbpedia_1366","dbpedia_1365","0.9947368421052631"
"dbpedia_1477","dbpedia_1474","1.0"
"dbpedia_1478","dbpedia_1475","1.0"
"dbpedia_1479","dbpedia_1472","1.0"
"dbpedia_1595","dbpedia_1594","1.0"
"dbpedia_1476","dbpedia_1477","1.0"
"dbpedia_1202","dbpedia_1203","1.0"
"dbpedia_1203","dbpedia_1200","1.0"
"dbpedia_1479","dbpedia_1473","1.0"
"dbpedia_1478","dbpedia_1474","1.0"
"dbpedia_1477","dbpedia_1475","1.0"
"dbpedia_4404","dbpedia_4403","1.0"
"dbpedia_1204","dbpedia_1200","1.0"
"dbpedia_1487","dbpedia_1488","1.0"
"dbpedia_1201","dbpedia_1203","1.0"
"dbpedia_1476","dbpedia_1475","1.0"
"dbpedia_1478","dbpedia_1477","1.0"
"dbpedia_1206","dbpedia_1201","1.0"
"dbpedia_1205","dbpedia_1200","1.0"
"dbpedia_1201","dbpedia_1204","1.0"
"dbpedia_4433","dbpedia_4432","1.0"
"dbpedia_1476","dbpedia_1474","1.0"
"dbpedia_4421","dbpedia_4420","1.0"
"dbpedia_1479","dbpedia_1471","1.0"
"dbpedia_1478","dbpedia_1476","1.0"
"dbpedia_1206","dbpedia_1200","1.0"
"dbpedia_1205","dbpedia_1201","1.0"
"dbpedia_4417","dbpedia_4416","1.0"
"dbpedia_4415","dbpedia_4414","1.0"
"dbpedia_4427","dbpedia_4426","0.9833333333333333"
"dbpedia_4413","dbpedia_4412","1.0"
"dbpedia_1202","dbpedia_1204","1.0"
"dbpedia_1476","dbpedia_1473","1.0"
"dbpedia_1475","dbpedia_1472","1.0"
"dbpedia_4562","dbpedia_4560","1.0"
"dbpedia_1478","dbpedia_1471","1.0"
"dbpedia_1235","dbpedia_1236","1.0"
"dbpedia_4749","dbpedia_4750","0.9934782608695651"
"dbpedia_1479","dbpedia_1476","1.0"
"dbpedia_1206","dbpedia_1203","1.0"
"dbpedia_1205","dbpedia_1202","1.0"
"dbpedia_1476","dbpedia_1472","1.0"
"dbpedia_4557","dbpedia_4556","1.0"
"dbpedia_4561","dbpedia_4560","1.0"
"dbpedia_1477","dbpedia_1471","1.0"
"dbpedia_1475","dbpedia_1473","1.0"
"dbpedia_1330","dbpedia_1332","1.0"
"dbpedia_1479","dbpedia_1477","1.0"
"dbpedia_1206","dbpedia_1202","1.0"
"dbpedia_1205","dbpedia_1203","1.0"
"dbpedia_1477","dbpedia_1472","1.0"
"dbpedia_1479","dbpedia_1474","1.0"
"dbpedia_1478","dbpedia_1473","1.0"
"dbpedia_1228","dbpedia_1227","1.0"
"dbpedia_1476","dbpedia_1471","1.0"
"dbpedia_1212","dbpedia_1211","1.0"
"dbpedia_1204","dbpedia_1203","1.0"
"dbpedia_1202","dbpedia_1201","1.0"
"dbpedia_1201","dbpedia_1200","1.0"
"dbpedia_1206","dbpedia_1205","1.0"
"dbpedia_1205","dbpedia_1204","1.0"
"dbpedia_1919","dbpedia_1920","1.0"
"dbpedia_1478","dbpedia_1472","1.0"
"dbpedia_1479","dbpedia_1475","1.0"
"dbpedia_1477","dbpedia_1473","1.0"
"dbpedia_1475","dbpedia_1471","1.0"
"dbpedia_4562","dbpedia_4561","1.0"
"dbpedia_4072","dbpedia_4075","1.0"
"dbpedia_1202","dbpedia_1200","1.0"
"dbpedia_1206","dbpedia_1204","1.0"
"dbpedia_4041","dbpedia_4043","1.0"
"dbpedia_1694","dbpedia_1695","1.0"
"dbpedia_4044","dbpedia_4042","1.0"
"dbpedia_4073","dbpedia_4075","1.0"
"dbpedia_4030","dbpedia_4032","1.0"
"dbpedia_4769","dbpedia_4771","1.0"
"dbpedia_4068","dbpedia_4066","1.0"
"dbpedia_1087","dbpedia_1086","0.9666666666666667"
"dbpedia_1206","dbpedia_1207","1.0"
"dbpedia_4051","dbpedia_4050","1.0"
"dbpedia_4043","dbpedia_4042","1.0"
"dbpedia_4074","dbpedia_4075","1.0"
"dbpedia_4030","dbpedia_4031","1.0"
"dbpedia_4041","dbpedia_4044","1.0"
"dbpedia_4067","dbpedia_4066","1.0"
"dbpedia_1205","dbpedia_1207","1.0"
"dbpedia_1091","dbpedia_1092","0.9568181818181818"
"dbpedia_1080","dbpedia_1081","1.0"
"dbpedia_1205","dbpedia_1208","1.0"
"dbpedia_4054","dbpedia_4053","1.0"
"dbpedia_4041","dbpedia_4042","1.0"
"dbpedia_4088","dbpedia_4087","0.9926829268292683"
"dbpedia_4044","dbpedia_4043","1.0"
"dbpedia_4032","dbpedia_4031","1.0"
"dbpedia_4074","dbpedia_4073","1.0"
"dbpedia_1206","dbpedia_1208","1.0"
"dbpedia_4062","dbpedia_4061","0.97"
"dbpedia_4768","dbpedia_4771","1.0"
"dbpedia_4056","dbpedia_4055","1.0"
"dbpedia_4068","dbpedia_4067","1.0"
"dbpedia_1697","dbpedia_1694","1.0"
"dbpedia_1698","dbpedia_1695","1.0"
"dbpedia_1696","dbpedia_1697","1.0"
"dbpedia_4768","dbpedia_4770","1.0"
"dbpedia_1086","dbpedia_1085","0.9595238095238094"
"dbpedia_4172","dbpedia_4171","1.0"
"dbpedia_1698","dbpedia_1694","1.0"
"dbpedia_1697","dbpedia_1695","1.0"
"dbpedia_4173","dbpedia_4170","1.0"
"dbpedia_4406","dbpedia_4405","1.0"
"dbpedia_4649","dbpedia_4650","1.0"
"dbpedia_4184","dbpedia_4183","1.0"
"dbpedia_1696","dbpedia_1695","1.0"
"dbpedia_1698","dbpedia_1697","1.0"
"dbpedia_4648","dbpedia_4650","1.0"
"dbpedia_1087","dbpedia_1084","0.96"
"dbpedia_1696","dbpedia_1694","1.0"
"dbpedia_1698","dbpedia_1696","1.0"
"dbpedia_4769","dbpedia_4770","1.0"
"dbpedia_4647","dbpedia_4650","1.0"
"dbpedia_1087","dbpedia_1085","0.9619047619047618"
"dbpedia_1305","dbpedia_1307","0.9781249999999999"
"dbpedia_1698","dbpedia_1699","1.0"
"dbpedia_1436","dbpedia_1437","0.9764705882352941"
"dbpedia_4134","dbpedia_4133","1.0"
"dbpedia_1699","dbpedia_1696","1.0"
"dbpedia_1979","dbpedia_1985","1.0"
"dbpedia_1978","dbpedia_1984","1.0"
"dbpedia_1305","dbpedia_1306","0.9594594594594594"
"dbpedia_4166","dbpedia_4165","1.0"
"dbpedia_1699","dbpedia_1697","1.0"
"dbpedia_4182","dbpedia_4181","1.0"
"dbpedia_1719","dbpedia_1720","1.0"
"dbpedia_1978","dbpedia_1985","1.0"
"dbpedia_1969","dbpedia_1970","1.0"
"dbpedia_1979","dbpedia_1984","1.0"
"dbpedia_4173","dbpedia_4171","1.0"
"dbpedia_4176","dbpedia_4174","1.0"
"dbpedia_1082","dbpedia_1083","1.0"
"dbpedia_4172","dbpedia_4170","1.0"
"dbpedia_1438","dbpedia_1437","0.9764705882352941"
"dbpedia_1084","dbpedia_1085","0.9547619047619047"
"dbpedia_4177","dbpedia_4175","1.0"
"dbpedia_1979","dbpedia_1987","1.0"
"dbpedia_1699","dbpedia_1694","1.0"
"dbpedia_1978","dbpedia_1986","1.0"
"dbpedia_4189","dbpedia_4187","1.0"
"dbpedia_4161","dbpedia_4160","1.0"
"dbpedia_4175","dbpedia_4174","1.0"
"dbpedia_4173","dbpedia_4172","1.0"
"dbpedia_4199","dbpedia_4198","1.0"
"dbpedia_1307","dbpedia_1306","0.9554054054054053"
"dbpedia_4151","dbpedia_4150","1.0"
"dbpedia_4191","dbpedia_4190","1.0"
"dbpedia_1438","dbpedia_1436","1.0"
"dbpedia_1978","dbpedia_1987","1.0"
"dbpedia_1699","dbpedia_1695","1.0"
"dbpedia_4171","dbpedia_4170","1.0"
"dbpedia_4177","dbpedia_4176","1.0"
"dbpedia_4189","dbpedia_4188","1.0"
"dbpedia_1979","dbpedia_1986","1.0"
"dbpedia_1979","dbpedia_1980","1.0"
"dbpedia_4148","dbpedia_4147","1.0"
"dbpedia_1306","dbpedia_1308","0.9918918918918919"
"dbpedia_4033","dbpedia_4031","1.0"
"dbpedia_4074","dbpedia_4072","1.0"
"dbpedia_1439","dbpedia_1436","0.9764705882352941"
"dbpedia_4069","dbpedia_4067","1.0"
"dbpedia_1978","dbpedia_1980","1.0"
"dbpedia_4177","dbpedia_4174","1.0"
"dbpedia_1307","dbpedia_1308","0.9564516129032258"
"dbpedia_4033","dbpedia_4032","1.0"
"dbpedia_1439","dbpedia_1437","1.0"
"dbpedia_4669","dbpedia_4670","0.959375"
"dbpedia_4073","dbpedia_4072","1.0"
"dbpedia_4069","dbpedia_4068","1.0"
"dbpedia_4176","dbpedia_4175","1.0"
"dbpedia_4188","dbpedia_4187","1.0"
"dbpedia_1084","dbpedia_1086","0.9666666666666667"
"dbpedia_1978","dbpedia_1981","1.0"
"dbpedia_1979","dbpedia_1982","1.0"
"dbpedia_1208","dbpedia_1207","1.0"
"dbpedia_4267","dbpedia_4266","1.0"
"dbpedia_1564","dbpedia_1565","1.0"
"dbpedia_1979","dbpedia_1983","1.0"
"dbpedia_1979","dbpedia_1981","1.0"
"dbpedia_1978","dbpedia_1982","1.0"
"dbpedia_4162","dbpedia_4163","1.0"
"dbpedia_1305","dbpedia_1308","0.9612903225806451"
"dbpedia_4069","dbpedia_4066","1.0"
"dbpedia_1978","dbpedia_1983","1.0"
"dbpedia_1987","dbpedia_1980","1.0"
"dbpedia_1570","dbpedia_1569","1.0"
"dbpedia_1985","dbpedia_1982","1.0"
"dbpedia_1984","dbpedia_1981","1.0"
"dbpedia_1985","dbpedia_1983","1.0"
"dbpedia_1986","dbpedia_1980","1.0"
"dbpedia_1985","dbpedia_1981","1.0"
"dbpedia_1984","dbpedia_1982","1.0"
"dbpedia_1984","dbpedia_1983","1.0"
"dbpedia_1987","dbpedia_1982","1.0"
"dbpedia_1986","dbpedia_1981","1.0"
"dbpedia_1985","dbpedia_1980","1.0"
"dbpedia_1987","dbpedia_1983","1.0"
"dbpedia_1987","dbpedia_1981","1.0"
"dbpedia_1986","dbpedia_1982","1.0"
"dbpedia_1984","dbpedia_1980","1.0"
"dbpedia_1986","dbpedia_1983","1.0"
"dbpedia_1854","dbpedia_1853","1.0"
"dbpedia_1983","dbpedia_1980","1.0"
"dbpedia_1980","dbpedia_1981","1.0"
"dbpedia_1987","dbpedia_1985","1.0"
"dbpedia_1986","dbpedia_1984","1.0"
"dbpedia_4689","dbpedia_4690","1.0"
"dbpedia_1982","dbpedia_1980","1.0"
"dbpedia_1986","dbpedia_1985","1.0"
"dbpedia_1987","dbpedia_1984","1.0"
"dbpedia_4688","dbpedia_4690","1.0"
"dbpedia_1982","dbpedia_1981","1.0"
"dbpedia_1926","dbpedia_1925","1.0"
"dbpedia_4687","dbpedia_4690","1.0"
"dbpedia_1983","dbpedia_1981","1.0"
"dbpedia_1988","dbpedia_1989","1.0"
"dbpedia_1984","dbpedia_1985","1.0"
"dbpedia_1986","dbpedia_1987","1.0"
"dbpedia_1982","dbpedia_1983","1.0"
"dbpedia_1962","dbpedia_1963","1.0"
"dbpedia_2599","dbpedia_2600","1.0"
"dbpedia_1818","dbpedia_1819","0.965"
"dbpedia_4030","dbpedia_4033","1.0"
"dbpedia_1706","dbpedia_1707","1.0"
"dbpedia_1989","dbpedia_1987","1.0"
"dbpedia_1988","dbpedia_1986","1.0"
"dbpedia_1964","dbpedia_1962","1.0"
"dbpedia_1988","dbpedia_1987","1.0"
"dbpedia_1989","dbpedia_1986","1.0"
"dbpedia_1964","dbpedia_1963","1.0"
"dbpedia_1988","dbpedia_1984","1.0"
"dbpedia_1989","dbpedia_1985","1.0"
"dbpedia_4792","dbpedia_4791","0.9583333333333333"
"dbpedia_4796","dbpedia_4795","0.9781249999999999"
"dbpedia_1989","dbpedia_1984","1.0"
"dbpedia_1988","dbpedia_1985","1.0"
"dbpedia_4778","dbpedia_4777","1.0"
"dbpedia_1989","dbpedia_1982","1.0"
"dbpedia_1988","dbpedia_1981","1.0"
"dbpedia_1989","dbpedia_1983","1.0"
"dbpedia_4688","dbpedia_4687","1.0"
"dbpedia_1989","dbpedia_1981","1.0"
"dbpedia_1988","dbpedia_1982","1.0"
"dbpedia_4648","dbpedia_4647","1.0"
"dbpedia_1988","dbpedia_1983","1.0"
"dbpedia_4771","dbpedia_4770","1.0"
"dbpedia_1244","dbpedia_1243","1.0"
"dbpedia_1836","dbpedia_1837","0.96"
"dbpedia_1989","dbpedia_1980","1.0"
"dbpedia_4689","dbpedia_4687","1.0"
"dbpedia_4649","dbpedia_4647","1.0"
"dbpedia_4663","dbpedia_4662","1.0"
"dbpedia_1988","dbpedia_1980","1.0"
"dbpedia_4689","dbpedia_4688","1.0"
"dbpedia_4649","dbpedia_4648","1.0"
"dbpedia_1832","dbpedia_1831","1.0"
"dbpedia_2646","dbpedia_2689","0.8645833333333333"
"dbpedia_2647","dbpedia_2689","0.8645833333333333"
"dbpedia_2647","dbpedia_2690","0.8645833333333333"
"dbpedia_2646","dbpedia_2690","0.8645833333333333"
"dbpedia_4639","dbpedia_4638","1.0"
"dbpedia_1971","dbpedia_1972","1.0"
"dbpedia_4508","dbpedia_4506","1.0"
"dbpedia_1931","dbpedia_1932","0.9651515151515151"
"dbpedia_1933","dbpedia_1934","0.9651515151515151"
"dbpedia_1937","dbpedia_1938","0.9666666666666667"
"dbpedia_4508","dbpedia_4509","1.0"
"dbpedia_4287","dbpedia_4286","1.0"
"dbpedia_4156","dbpedia_4155","1.0"
"dbpedia_4508","dbpedia_4507","1.0"
"dbpedia_1934","dbpedia_1932","0.9651515151515151"
"dbpedia_1933","dbpedia_1931","0.9651515151515151"
"dbpedia_1934","dbpedia_1931","1.0"
"dbpedia_1933","dbpedia_1932","1.0"
"dbpedia_1978","dbpedia_1979","1.0"
"dbpedia_4506","dbpedia_4509","1.0"
"dbpedia_4419","dbpedia_4418","1.0"
"dbpedia_4507","dbpedia_4509","1.0"
"dbpedia_1807","dbpedia_1806","0.9926829268292683"
"dbpedia_4507","dbpedia_4506","1.0"
"dbpedia_4678","dbpedia_4677","1.0"
"dbpedia_1105","dbpedia_1104","0.9923076923076922"
"dbpedia_4549","dbpedia_4548","1.0"
"dbpedia_1714","dbpedia_1715","1.0"
"dbpedia_4769","dbpedia_4768","1.0"
"dbpedia_1713","dbpedia_1712","1.0"
"dbpedia_4762","dbpedia_4761","0.9516129032258064"
"dbpedia_4636","dbpedia_4635","1.0"
"dbpedia_4678","dbpedia_4676","1.0"
"dbpedia_1231","dbpedia_1230","1.0"
"dbpedia_4677","dbpedia_4676","1.0"
"dbpedia_3957","dbpedia_3959","0.97"
"dbpedia_3834","dbpedia_3835","0.9533333333333333"
"dbpedia_3957","dbpedia_3958","0.975"
"dbpedia_3956","dbpedia_3959","0.9666666666666667"
"dbpedia_3955","dbpedia_3959","0.97"
"dbpedia_3812","dbpedia_3811","0.9714285714285714"
"dbpedia_3814","dbpedia_3813","1.0"
"dbpedia_3957","dbpedia_3955","0.9708333333333333"
"dbpedia_3944","dbpedia_3942","1.0"
"dbpedia_3945","dbpedia_3943","1.0"
"dbpedia_3955","dbpedia_3956","0.9857142857142857"
"dbpedia_3945","dbpedia_3942","1.0"
"dbpedia_3944","dbpedia_3943","1.0"
"dbpedia_3957","dbpedia_3956","0.9708333333333333"
"dbpedia_3847","dbpedia_3848","1.0"
"dbpedia_3942","dbpedia_3943","1.0"
"dbpedia_3944","dbpedia_3945","1.0"
"dbpedia_3700","dbpedia_3701","0.9921052631578947"
"dbpedia_3843","dbpedia_3844","1.0"
"dbpedia_3845","dbpedia_3846","1.0"
"dbpedia_3841","dbpedia_3842","1.0"
"dbpedia_3958","dbpedia_3956","0.975"
"dbpedia_3958","dbpedia_3955","0.975"
"dbpedia_2024","dbpedia_2023","1.0"
"dbpedia_3975","dbpedia_3976","0.9678571428571429"
"dbpedia_3958","dbpedia_3959","0.97"
"dbpedia_2638","dbpedia_2640","0.953125"
"dbpedia_2048","dbpedia_2049","1.0"
"dbpedia_2637","dbpedia_2640","0.953125"
"dbpedia_2026","dbpedia_2025","1.0"
"dbpedia_3230","dbpedia_3229","0.9911764705882352"
"dbpedia_2048","dbpedia_2047","1.0"
"dbpedia_2055","dbpedia_2054","1.0"
"dbpedia_2049","dbpedia_2047","1.0"
"dbpedia_2163","dbpedia_2162","1.0"
"dbpedia_2529","dbpedia_2530","0.9823529411764705"
"dbpedia_2051","dbpedia_2052","0.986"
"dbpedia_2028","dbpedia_2027","1.0"
"dbpedia_3333","dbpedia_3334","0.9918918918918919"
"dbpedia_3357","dbpedia_3358","0.9777777777777777"
"dbpedia_3467","dbpedia_3468","0.990625"
"dbpedia_3337","dbpedia_3336","1.0"
"dbpedia_1899","dbpedia_1900","0.96"
"dbpedia_2639","dbpedia_2640","1.0"
"dbpedia_523","dbpedia_526","0.9696428571428571"
"dbpedia_521","dbpedia_528","0.9937499999999999"
"dbpedia_522","dbpedia_525","0.98"
"dbpedia_524","dbpedia_523","1.0"
"dbpedia_3212","dbpedia_3211","1.0"
"dbpedia_3342","dbpedia_3343","1.0"
"dbpedia_521","dbpedia_527","0.9671875"
"dbpedia_522","dbpedia_526","1.0"
"dbpedia_523","dbpedia_525","0.9714285714285714"
"dbpedia_2774","dbpedia_2773","1.0"
"dbpedia_524","dbpedia_525","0.9714285714285714"
"dbpedia_522","dbpedia_523","0.9696428571428571"
"dbpedia_521","dbpedia_529","0.9937499999999999"
"dbpedia_524","dbpedia_526","0.9696428571428571"
"dbpedia_522","dbpedia_524","0.9696428571428571"
"dbpedia_522","dbpedia_529","0.9696428571428571"
"dbpedia_524","dbpedia_527","0.9696428571428571"
"dbpedia_2642","dbpedia_2641","1.0"
"dbpedia_525","dbpedia_528","0.9714285714285714"
"dbpedia_521","dbpedia_524","0.9937499999999999"
"dbpedia_2776","dbpedia_2777","1.0"
"dbpedia_524","dbpedia_528","1.0"
"dbpedia_523","dbpedia_529","1.0"
"dbpedia_521","dbpedia_523","0.9937499999999999"
"dbpedia_525","dbpedia_527","0.98"
"dbpedia_524","dbpedia_529","1.0"
"dbpedia_523","dbpedia_528","1.0"
"dbpedia_521","dbpedia_526","0.9671875"
"dbpedia_522","dbpedia_527","1.0"
"dbpedia_522","dbpedia_528","0.9696428571428571"
"dbpedia_523","dbpedia_527","0.9696428571428571"
"dbpedia_521","dbpedia_525","0.96875"
"dbpedia_525","dbpedia_529","0.9714285714285714"
"dbpedia_526","dbpedia_529","0.9696428571428571"
"dbpedia_528","dbpedia_527","0.9696428571428571"
"dbpedia_527","dbpedia_529","0.9696428571428571"
"dbpedia_658","dbpedia_657","1.0"
"dbpedia_526","dbpedia_527","1.0"
"dbpedia_528","dbpedia_529","1.0"
"dbpedia_526","dbpedia_528","0.9696428571428571"
"dbpedia_526","dbpedia_525","0.98"
"dbpedia_522","dbpedia_521","0.9671875"
"dbpedia_2523","dbpedia_2524","1.0"
"dbpedia_2521","dbpedia_2520","1.0"
"dbpedia_4781","dbpedia_4779","1.0"
"dbpedia_4780","dbpedia_4779","1.0"
"dbpedia_2646","dbpedia_2647","1.0"
"dbpedia_2648","dbpedia_2649","1.0"
"dbpedia_3218","dbpedia_3220","1.0"
"dbpedia_3219","dbpedia_3220","1.0"
"dbpedia_3217","dbpedia_3220","1.0"
"dbpedia_1956","dbpedia_1957","0.9857142857142857"
"dbpedia_3958","dbpedia_3960","0.9730769230769231"
"dbpedia_3959","dbpedia_3960","0.97"
"dbpedia_4048","dbpedia_4047","1.0"
"dbpedia_4046","dbpedia_4045","1.0"
"dbpedia_4049","dbpedia_4047","1.0"
"dbpedia_4049","dbpedia_4048","1.0"
"dbpedia_2171","dbpedia_2172","1.0"
"dbpedia_1829","dbpedia_1828","1.0"
"dbpedia_521","dbpedia_532","1.0"
"dbpedia_521","dbpedia_531","0.96875"
"dbpedia_522","dbpedia_530","1.0"
"dbpedia_521","dbpedia_533","1.0"
"dbpedia_522","dbpedia_533","0.9671875"
"dbpedia_1825","dbpedia_1826","1.0"
"dbpedia_521","dbpedia_530","0.9671875"
"dbpedia_522","dbpedia_531","0.98"
"dbpedia_2649","dbpedia_2650","1.0"
"dbpedia_4789","dbpedia_4790","1.0"
"dbpedia_2648","dbpedia_2650","1.0"
"dbpedia_522","dbpedia_532","0.9671875"
"dbpedia_3346","dbpedia_3347","0.95"
"dbpedia_1824","dbpedia_1826","1.0"
"dbpedia_3219","dbpedia_3217","1.0"
"dbpedia_4525","dbpedia_4524","0.9914285714285713"
"dbpedia_3218","dbpedia_3217","1.0"
"dbpedia_3218","dbpedia_3219","1.0"
"dbpedia_54","dbpedia_53","0.9909090909090909"
"dbpedia_56","dbpedia_58","1.0"
"dbpedia_56","dbpedia_57","1.0"
"dbpedia_58","dbpedia_59","1.0"
"dbpedia_4781","dbpedia_4780","1.0"
"dbpedia_1951","dbpedia_1952","1.0"
"dbpedia_4786","dbpedia_4785","1.0"
"dbpedia_3476","dbpedia_3477","0.9933333333333333"
"dbpedia_3478","dbpedia_3479","0.9708333333333333"
"dbpedia_3955","dbpedia_3960","0.9730769230769231"
"dbpedia_3956","dbpedia_3960","0.9692307692307692"
"dbpedia_57","dbpedia_59","1.0"
"dbpedia_1824","dbpedia_1825","1.0"
"dbpedia_58","dbpedia_57","1.0"
"dbpedia_3957","dbpedia_3960","0.9692307692307692"
"dbpedia_56","dbpedia_59","1.0"
"dbpedia_2345","dbpedia_2319","1.0"
"dbpedia_405","dbpedia_406","0.9552631578947368"
"dbpedia_818","dbpedia_820","1.0"
"dbpedia_535","dbpedia_536","0.96875"
"dbpedia_930","dbpedia_926","0.95"
"dbpedia_537","dbpedia_538","1.0"
"dbpedia_2345","dbpedia_2317","1.0"
"dbpedia_665","dbpedia_666","0.9938775510204081"
"dbpedia_534","dbpedia_536","0.96875"
"dbpedia_2345","dbpedia_2318","1.0"
"dbpedia_256","dbpedia_255","1.0"
"dbpedia_2343","dbpedia_2317","1.0"
"dbpedia_2344","dbpedia_2318","1.0"
"dbpedia_930","dbpedia_928","1.0"
"dbpedia_254","dbpedia_256","1.0"
"dbpedia_2341","dbpedia_2319","1.0"
"dbpedia_252","dbpedia_254","1.0"
"dbpedia_2340","dbpedia_2314","1.0"
"dbpedia_270","dbpedia_271","1.0"
"dbpedia_252","dbpedia_253","1.0"
"dbpedia_2343","dbpedia_2318","1.0"
"dbpedia_2344","dbpedia_2317","1.0"
"dbpedia_930","dbpedia_927","0.95"
"dbpedia_537","dbpedia_539","1.0"
"dbpedia_2342","dbpedia_2319","1.0"
"dbpedia_254","dbpedia_255","1.0"
"dbpedia_819","dbpedia_820","1.0"
"dbpedia_2343","dbpedia_2319","1.0"
"dbpedia_252","dbpedia_256","1.0"
"dbpedia_253","dbpedia_255","1.0"
"dbpedia_2342","dbpedia_2318","1.0"
"dbpedia_2341","dbpedia_2317","1.0"
"dbpedia_2340","dbpedia_2316","1.0"
"dbpedia_425","dbpedia_426","1.0"
"dbpedia_254","dbpedia_253","1.0"
"dbpedia_2344","dbpedia_2319","1.0"
"dbpedia_930","dbpedia_929","1.0"
"dbpedia_253","dbpedia_256","1.0"
"dbpedia_252","dbpedia_255","1.0"
"dbpedia_2342","dbpedia_2317","1.0"
"dbpedia_2341","dbpedia_2318","1.0"
"dbpedia_2340","dbpedia_2315","1.0"
"dbpedia_533","dbpedia_532","1.0"
"dbpedia_535","dbpedia_530","0.98"
"dbpedia_530","dbpedia_533","0.9671875"
"dbpedia_531","dbpedia_532","0.96875"
"dbpedia_534","dbpedia_530","0.98"
"dbpedia_531","dbpedia_533","0.96875"
"dbpedia_517","dbpedia_518","1.0"
"dbpedia_530","dbpedia_532","0.9671875"
"dbpedia_625","dbpedia_624","0.9914285714285713"
"dbpedia_188","dbpedia_189","1.0"
"dbpedia_536","dbpedia_530","0.9671875"
"dbpedia_519","dbpedia_518","1.0"
"dbpedia_730","dbpedia_729","1.0"
"dbpedia_539","dbpedia_538","1.0"
"dbpedia_536","dbpedia_531","0.96875"
"dbpedia_534","dbpedia_533","0.96875"
"dbpedia_535","dbpedia_534","1.0"
"dbpedia_298","dbpedia_299","1.0"
"dbpedia_536","dbpedia_532","1.0"
"dbpedia_535","dbpedia_533","0.96875"
"dbpedia_535","dbpedia_532","0.96875"
"dbpedia_534","dbpedia_531","1.0"
"dbpedia_536","dbpedia_533","1.0"
"dbpedia_531","dbpedia_530","0.98"
"dbpedia_142","dbpedia_143","1.0"
"dbpedia_535","dbpedia_531","1.0"
"dbpedia_534","dbpedia_532","0.96875"
"dbpedia_443","dbpedia_445","1.0"
"dbpedia_551","dbpedia_552","0.9562499999999999"
"dbpedia_445","dbpedia_444","1.0"
"dbpedia_575","dbpedia_576","1.0"
"dbpedia_574","dbpedia_576","1.0"
"dbpedia_573","dbpedia_575","1.0"
"dbpedia_313","dbpedia_312","1.0"
"dbpedia_442","dbpedia_445","1.0"
"dbpedia_573","dbpedia_576","1.0"
"dbpedia_910","dbpedia_908","1.0"
"dbpedia_442","dbpedia_444","1.0"
"dbpedia_517","dbpedia_519","1.0"
"dbpedia_447","dbpedia_446","0.9681818181818181"
"dbpedia_910","dbpedia_907","1.0"
"dbpedia_443","dbpedia_442","1.0"
"dbpedia_910","dbpedia_909","1.0"
"dbpedia_443","dbpedia_444","1.0"
"dbpedia_933","dbpedia_927","0.95"
"dbpedia_2344","dbpedia_2314","1.0"
"dbpedia_931","dbpedia_929","0.95"
"dbpedia_2340","dbpedia_2318","1.0"
"dbpedia_2342","dbpedia_2316","1.0"
"dbpedia_2341","dbpedia_2315","1.0"
"dbpedia_2343","dbpedia_2314","1.0"
"dbpedia_933","dbpedia_928","1.0"
"dbpedia_932","dbpedia_929","0.95"
"dbpedia_2340","dbpedia_2317","1.0"
"dbpedia_2342","dbpedia_2315","1.0"
"dbpedia_2341","dbpedia_2316","1.0"
"dbpedia_386","dbpedia_385","1.0"
"dbpedia_933","dbpedia_929","1.0"
"dbpedia_2343","dbpedia_2315","1.0"
"dbpedia_2344","dbpedia_2316","1.0"
"dbpedia_932","dbpedia_928","0.95"
"dbpedia_931","dbpedia_927","1.0"
"dbpedia_2342","dbpedia_2314","1.0"
"dbpedia_335","dbpedia_334","0.9902777777777777"
"dbpedia_2343","dbpedia_2316","1.0"
"dbpedia_2344","dbpedia_2315","1.0"
"dbpedia_931","dbpedia_928","0.95"
"dbpedia_932","dbpedia_927","1.0"
"dbpedia_359","dbpedia_358","0.9937499999999999"
"dbpedia_2340","dbpedia_2319","1.0"
"dbpedia_2341","dbpedia_2314","1.0"
"dbpedia_2345","dbpedia_2315","1.0"
"dbpedia_932","dbpedia_926","1.0"
"dbpedia_2345","dbpedia_2316","1.0"
"dbpedia_931","dbpedia_926","1.0"
"dbpedia_933","dbpedia_926","0.95"
"dbpedia_2345","dbpedia_2314","1.0"
"dbpedia_968","dbpedia_967","1.0"
"dbpedia_966","dbpedia_969","1.0"
"dbpedia_485","dbpedia_484","1.0"
"dbpedia_920","dbpedia_921","1.0"
"dbpedia_531","dbpedia_527","0.98"
"dbpedia_2340","dbpedia_2322","1.0"
"dbpedia_532","dbpedia_527","0.9671875"
"dbpedia_535","dbpedia_526","0.98"
"dbpedia_931","dbpedia_933","0.95"
"dbpedia_533","dbpedia_528","0.9937499999999999"
"dbpedia_920","dbpedia_922","1.0"
"dbpedia_956","dbpedia_958","1.0"
"dbpedia_534","dbpedia_525","1.0"
"dbpedia_955","dbpedia_957","1.0"
"dbpedia_536","dbpedia_523","0.9937499999999999"
"dbpedia_967","dbpedia_969","1.0"
"dbpedia_483","dbpedia_485","1.0"
"dbpedia_530","dbpedia_529","0.9696428571428571"
"dbpedia_531","dbpedia_528","0.9714285714285714"
"dbpedia_533","dbpedia_527","0.9671875"
"dbpedia_534","dbpedia_526","0.98"
"dbpedia_2340","dbpedia_2321","1.0"
"dbpedia_532","dbpedia_528","0.9937499999999999"
"dbpedia_814","dbpedia_813","1.0"
"dbpedia_933","dbpedia_932","0.95"
"dbpedia_957","dbpedia_956","1.0"
"dbpedia_838","dbpedia_837","1.0"
"dbpedia_535","dbpedia_525","1.0"
"dbpedia_536","dbpedia_524","0.9937499999999999"
"dbpedia_944","dbpedia_945","1.0"
"dbpedia_955","dbpedia_958","1.0"
"dbpedia_968","dbpedia_969","1.0"
"dbpedia_966","dbpedia_967","1.0"
"dbpedia_530","dbpedia_528","0.9696428571428571"
"dbpedia_531","dbpedia_529","0.9714285714285714"
"dbpedia_931","dbpedia_930","0.95"
"dbpedia_532","dbpedia_529","0.9937499999999999"
"dbpedia_2345","dbpedia_2329","1.0"
"dbpedia_922","dbpedia_921","1.0"
"dbpedia_535","dbpedia_524","0.9714285714285714"
"dbpedia_536","dbpedia_525","0.96875"
"dbpedia_534","dbpedia_523","0.9714285714285714"
"dbpedia_2340","dbpedia_2324","1.0"
"dbpedia_966","dbpedia_968","1.0"
"dbpedia_530","dbpedia_527","1.0"
"dbpedia_533","dbpedia_529","0.9937499999999999"
"dbpedia_536","dbpedia_526","0.9671875"
"dbpedia_931","dbpedia_932","1.0"
"dbpedia_957","dbpedia_958","1.0"
"dbpedia_535","dbpedia_523","0.9714285714285714"
"dbpedia_534","dbpedia_524","0.9714285714285714"
"dbpedia_955","dbpedia_956","1.0"
"dbpedia_2340","dbpedia_2323","1.0"
"dbpedia_482","dbpedia_481","0.9926829268292683"
"dbpedia_531","dbpedia_523","0.9714285714285714"
"dbpedia_966","dbpedia_965","1.0"
"dbpedia_530","dbpedia_526","1.0"
"dbpedia_534","dbpedia_529","0.9714285714285714"
"dbpedia_536","dbpedia_527","0.9671875"
"dbpedia_2343","dbpedia_2329","1.0"
"dbpedia_532","dbpedia_523","0.9937499999999999"
"dbpedia_2340","dbpedia_2326","1.0"
"dbpedia_533","dbpedia_524","0.9937499999999999"
"dbpedia_530","dbpedia_525","0.98"
"dbpedia_531","dbpedia_524","0.9714285714285714"
"dbpedia_535","dbpedia_529","0.9714285714285714"
"dbpedia_536","dbpedia_528","0.9937499999999999"
"dbpedia_935","dbpedia_934","0.9930232558139535"
"dbpedia_2344","dbpedia_2329","1.0"
"dbpedia_533","dbpedia_523","0.9937499999999999"
"dbpedia_2340","dbpedia_2325","1.0"
"dbpedia_532","dbpedia_524","0.9937499999999999"
"dbpedia_530","dbpedia_524","0.9696428571428571"
"dbpedia_531","dbpedia_525","1.0"
"dbpedia_726","dbpedia_727","0.996875"
"dbpedia_483","dbpedia_484","1.0"
"dbpedia_534","dbpedia_527","0.98"
"dbpedia_535","dbpedia_528","0.9714285714285714"
"dbpedia_536","dbpedia_529","0.9937499999999999"
"dbpedia_533","dbpedia_526","0.9671875"
"dbpedia_2341","dbpedia_2329","1.0"
"dbpedia_2340","dbpedia_2328","1.0"
"dbpedia_532","dbpedia_525","0.96875"
"dbpedia_530","dbpedia_523","0.9696428571428571"
"dbpedia_531","dbpedia_526","0.98"
"dbpedia_532","dbpedia_526","0.9671875"
"dbpedia_535","dbpedia_527","0.98"
"dbpedia_534","dbpedia_528","0.9714285714285714"
"dbpedia_2342","dbpedia_2329","1.0"
"dbpedia_2340","dbpedia_2327","1.0"
"dbpedia_463","dbpedia_464","1.0"
"dbpedia_533","dbpedia_525","0.96875"
"dbpedia_595","dbpedia_596","1.0"
"dbpedia_594","dbpedia_596","1.0"
"dbpedia_571","dbpedia_572","1.0"
"dbpedia_584","dbpedia_583","1.0"
"dbpedia_702","dbpedia_703","1.0"
"dbpedia_594","dbpedia_597","1.0"
"dbpedia_595","dbpedia_597","1.0"
"dbpedia_535","dbpedia_522","0.98"
"dbpedia_534","dbpedia_521","0.96875"
"dbpedia_573","dbpedia_574","1.0"
"dbpedia_535","dbpedia_521","0.96875"
"dbpedia_534","dbpedia_522","0.98"
"dbpedia_595","dbpedia_594","1.0"
"dbpedia_2340","dbpedia_2320","1.0"
"dbpedia_536","dbpedia_521","1.0"
"dbpedia_575","dbpedia_574","1.0"
"dbpedia_536","dbpedia_522","0.9671875"
"dbpedia_597","dbpedia_596","1.0"
"dbpedia_735","dbpedia_734","0.991860465116279"
"dbpedia_733","dbpedia_736","0.991860465116279"
"dbpedia_927","dbpedia_929","0.95"
"dbpedia_996","dbpedia_995","1.0"
"dbpedia_2342","dbpedia_2320","1.0"
"dbpedia_876","dbpedia_877","1.0"
"dbpedia_905","dbpedia_904","1.0"
"dbpedia_733","dbpedia_735","0.991860465116279"
"dbpedia_928","dbpedia_929","1.0"
"dbpedia_971","dbpedia_973","1.0"
"dbpedia_2341","dbpedia_2320","1.0"
"dbpedia_971","dbpedia_972","1.0"
"dbpedia_320","dbpedia_319","1.0"
"dbpedia_2923","dbpedia_2924","1.0"
"dbpedia_2344","dbpedia_2320","1.0"
"dbpedia_917","dbpedia_918","0.9947368421052631"
"dbpedia_928","dbpedia_927","0.95"
"dbpedia_694","dbpedia_693","1.0"
"dbpedia_973","dbpedia_972","1.0"
"dbpedia_2946","dbpedia_2947","0.9624999999999999"
"dbpedia_2343","dbpedia_2320","1.0"
"dbpedia_928","dbpedia_926","0.95"
"dbpedia_974","dbpedia_973","1.0"
"dbpedia_974","dbpedia_972","1.0"
"dbpedia_927","dbpedia_926","1.0"
"dbpedia_2943","dbpedia_2944","1.0"
"dbpedia_330","dbpedia_329","1.0"
"dbpedia_2345","dbpedia_2320","1.0"
"dbpedia_720","dbpedia_721","1.0"
"dbpedia_735","dbpedia_736","1.0"
"dbpedia_733","dbpedia_734","1.0"
"dbpedia_766","dbpedia_767","1.0"
"dbpedia_929","dbpedia_926","0.95"
"dbpedia_734","dbpedia_736","0.991860465116279"
"dbpedia_974","dbpedia_971","1.0"
"dbpedia_2967","dbpedia_2966","1.0"
"dbpedia_2343","dbpedia_2325","1.0"
"dbpedia_2345","dbpedia_2323","1.0"
"dbpedia_2344","dbpedia_2326","1.0"
"dbpedia_861","dbpedia_862","0.9931818181818182"
"dbpedia_2342","dbpedia_2328","1.0"
"dbpedia_2341","dbpedia_2327","1.0"
"dbpedia_908","dbpedia_909","1.0"
"dbpedia_2901","dbpedia_2903","0.9772727272727272"
"dbpedia_2343","dbpedia_2326","1.0"
"dbpedia_2345","dbpedia_2324","1.0"
"dbpedia_2344","dbpedia_2325","1.0"
"dbpedia_2340","dbpedia_2329","1.0"
"dbpedia_2342","dbpedia_2327","1.0"
"dbpedia_2341","dbpedia_2328","1.0"
"dbpedia_2901","dbpedia_2902","0.975"
"dbpedia_964","dbpedia_965","1.0"
"dbpedia_942","dbpedia_941","1.0"
"dbpedia_590","dbpedia_589","1.0"
"dbpedia_540","dbpedia_538","1.0"
"dbpedia_986","dbpedia_987","0.9914285714285713"
"dbpedia_2343","dbpedia_2327","1.0"
"dbpedia_2344","dbpedia_2328","1.0"
"dbpedia_861","dbpedia_864","1.0"
"dbpedia_2902","dbpedia_2903","0.9791666666666666"
"dbpedia_2342","dbpedia_2326","1.0"
"dbpedia_2341","dbpedia_2325","1.0"
"dbpedia_2345","dbpedia_2321","1.0"
"dbpedia_908","dbpedia_907","1.0"
"dbpedia_818","dbpedia_819","1.0"
"dbpedia_913","dbpedia_914","0.9926829268292683"
"dbpedia_964","dbpedia_966","1.0"
"dbpedia_540","dbpedia_537","1.0"
"dbpedia_2343","dbpedia_2328","1.0"
"dbpedia_2344","dbpedia_2327","1.0"
"dbpedia_861","dbpedia_863","0.9931818181818182"
"dbpedia_2342","dbpedia_2325","1.0"
"dbpedia_2341","dbpedia_2326","1.0"
"dbpedia_2345","dbpedia_2322","1.0"
"dbpedia_843","dbpedia_844","0.9583333333333333"
"dbpedia_965","dbpedia_968","1.0"
"dbpedia_964","dbpedia_967","1.0"
"dbpedia_2817","dbpedia_2818","1.0"
"dbpedia_863","dbpedia_864","0.9931818181818182"
"dbpedia_854","dbpedia_855","0.9924999999999999"
"dbpedia_930","dbpedia_932","0.95"
"dbpedia_2345","dbpedia_2327","1.0"
"dbpedia_2341","dbpedia_2323","1.0"
"dbpedia_2342","dbpedia_2324","1.0"
"dbpedia_2343","dbpedia_2321","1.0"
"dbpedia_2344","dbpedia_2322","1.0"
"dbpedia_883","dbpedia_884","0.9914285714285713"
"dbpedia_965","dbpedia_967","1.0"
"dbpedia_964","dbpedia_968","1.0"
"dbpedia_540","dbpedia_539","1.0"
"dbpedia_862","dbpedia_864","0.9931818181818182"
"dbpedia_2345","dbpedia_2328","1.0"
"dbpedia_2342","dbpedia_2323","1.0"
"dbpedia_2341","dbpedia_2324","1.0"
"dbpedia_2343","dbpedia_2322","1.0"
"dbpedia_2344","dbpedia_2321","1.0"
"dbpedia_964","dbpedia_969","1.0"
"dbpedia_863","dbpedia_862","1.0"
"dbpedia_2341","dbpedia_2321","1.0"
"dbpedia_2342","dbpedia_2322","1.0"
"dbpedia_2343","dbpedia_2323","1.0"
"dbpedia_2345","dbpedia_2325","1.0"
"dbpedia_2344","dbpedia_2324","1.0"
"dbpedia_839","dbpedia_837","1.0"
"dbpedia_965","dbpedia_969","1.0"
"dbpedia_2343","dbpedia_2324","1.0"
"dbpedia_2341","dbpedia_2322","1.0"
"dbpedia_2342","dbpedia_2321","1.0"
"dbpedia_2344","dbpedia_2323","1.0"
"dbpedia_2345","dbpedia_2326","1.0"
"dbpedia_930","dbpedia_933","1.0"
"dbpedia_829","dbpedia_828","1.0"
"dbpedia_839","dbpedia_838","1.0"
"dbpedia_907","dbpedia_909","1.0"
"dbpedia_2803","dbpedia_2804","1.0"
"dbpedia_2802","dbpedia_2803","1.0"
"dbpedia_2324","dbpedia_2317","1.0"
"dbpedia_2325","dbpedia_2318","1.0"
"dbpedia_2322","dbpedia_2319","1.0"
"dbpedia_2633","dbpedia_2632","0.96875"
"dbpedia_2750","dbpedia_2751","1.0"
"dbpedia_2802","dbpedia_2804","1.0"
"dbpedia_2325","dbpedia_2317","1.0"
"dbpedia_2324","dbpedia_2318","1.0"
"dbpedia_2323","dbpedia_2319","1.0"
"dbpedia_2589","dbpedia_2588","0.9785714285714285"
"dbpedia_2802","dbpedia_2805","1.0"
"dbpedia_2323","dbpedia_2318","1.0"
"dbpedia_2324","dbpedia_2319","1.0"
"dbpedia_2322","dbpedia_2317","1.0"
"dbpedia_2803","dbpedia_2805","1.0"
"dbpedia_2323","dbpedia_2317","1.0"
"dbpedia_2325","dbpedia_2319","1.0"
"dbpedia_2322","dbpedia_2318","1.0"
"dbpedia_2679","dbpedia_2678","0.9921052631578947"
"dbpedia_2666","dbpedia_2665","1.0"
"dbpedia_2320","dbpedia_2317","1.0"
"dbpedia_2662","dbpedia_2661","0.9921052631578947"
"dbpedia_2321","dbpedia_2318","1.0"
"dbpedia_2631","dbpedia_2630","1.0"
"dbpedia_2765","dbpedia_2766","1.0"
"dbpedia_2635","dbpedia_2634","1.0"
"dbpedia_2320","dbpedia_2318","1.0"
"dbpedia_2321","dbpedia_2317","1.0"
"dbpedia_2718","dbpedia_2717","0.9968421052631579"
"dbpedia_2320","dbpedia_2319","1.0"
"dbpedia_418","dbpedia_417","0.98125"
"dbpedia_2321","dbpedia_2319","1.0"
"dbpedia_2726","dbpedia_2727","1.0"
"dbpedia_2541","dbpedia_2538","1.0"
"dbpedia_2664","dbpedia_2663","1.0"
"dbpedia_3057","dbpedia_3060","1.0"
"dbpedia_544","dbpedia_543","1.0"
"dbpedia_2540","dbpedia_2538","1.0"
"dbpedia_155","dbpedia_154","0.9833333333333333"
"dbpedia_3117","dbpedia_3116","1.0"
"dbpedia_3058","dbpedia_3060","1.0"
"dbpedia_3203","dbpedia_3204","0.9943396226415094"
"dbpedia_2794","dbpedia_2793","0.9947368421052631"
"dbpedia_2540","dbpedia_2539","1.0"
"dbpedia_636","dbpedia_635","0.9914285714285713"
"dbpedia_2541","dbpedia_2539","1.0"
"dbpedia_3157","dbpedia_3158","1.0"
"dbpedia_3027","dbpedia_3026","1.0"
"dbpedia_2328","dbpedia_2317","1.0"
"dbpedia_2329","dbpedia_2318","1.0"
"dbpedia_2326","dbpedia_2319","1.0"
"dbpedia_2893","dbpedia_2892","1.0"
"dbpedia_2537","dbpedia_2534","1.0"
"dbpedia_3241","dbpedia_3240","1.0"
"dbpedia_2534","dbpedia_2535","1.0"
"dbpedia_2328","dbpedia_2318","1.0"
"dbpedia_2329","dbpedia_2317","1.0"
"dbpedia_2327","dbpedia_2319","1.0"
"dbpedia_2844","dbpedia_2845","1.0"
"dbpedia_2536","dbpedia_2534","1.0"
"dbpedia_2848","dbpedia_2849","1.0"
"dbpedia_3679","dbpedia_3680","1.0"
"dbpedia_2328","dbpedia_2319","1.0"
"dbpedia_2327","dbpedia_2318","1.0"
"dbpedia_2326","dbpedia_2317","1.0"
"dbpedia_3059","dbpedia_3060","1.0"
"dbpedia_2880","dbpedia_2881","0.9777777777777777"
"dbpedia_2536","dbpedia_2535","1.0"
"dbpedia_2329","dbpedia_2319","1.0"
"dbpedia_2327","dbpedia_2317","1.0"
"dbpedia_2326","dbpedia_2318","1.0"
"dbpedia_2855","dbpedia_2856","1.0"
"dbpedia_3238","dbpedia_3239","1.0"
"dbpedia_2537","dbpedia_2535","1.0"
"dbpedia_3679","dbpedia_3682","0.8957575757575756"
"dbpedia_2329","dbpedia_2314","1.0"
"dbpedia_2372","dbpedia_2370","1.0"
"dbpedia_2327","dbpedia_2316","1.0"
"dbpedia_2326","dbpedia_2315","1.0"
"dbpedia_3069","dbpedia_3068","1.0"
"dbpedia_3058","dbpedia_3057","1.0"
"dbpedia_3021","dbpedia_3020","1.0"
"dbpedia_2536","dbpedia_2537","1.0"
"dbpedia_2328","dbpedia_2314","1.0"
"dbpedia_2370","dbpedia_2371","1.0"
"dbpedia_2327","dbpedia_2315","1.0"
"dbpedia_2326","dbpedia_2316","1.0"
"dbpedia_3022","dbpedia_3020","1.0"
"dbpedia_2329","dbpedia_2316","1.0"
"dbpedia_2328","dbpedia_2315","1.0"
"dbpedia_506","dbpedia_507","1.0"
"dbpedia_2327","dbpedia_2314","1.0"
"dbpedia_3058","dbpedia_3059","1.0"
"dbpedia_3021","dbpedia_3022","1.0"
"dbpedia_3023","dbpedia_3024","1.0"
"dbpedia_2372","dbpedia_2371","1.0"
"dbpedia_2329","dbpedia_2315","1.0"
"dbpedia_2328","dbpedia_2316","1.0"
"dbpedia_2326","dbpedia_2314","1.0"
"dbpedia_2987","dbpedia_2988","0.9923076923076922"
"dbpedia_2361","dbpedia_2360","0.9931818181818182"
"dbpedia_413","dbpedia_412","0.9553571428571428"
"dbpedia_3059","dbpedia_3057","1.0"
"dbpedia_2321","dbpedia_2314","1.0"
"dbpedia_196","dbpedia_195","1.0"
"dbpedia_2282","dbpedia_2283","1.0"
"dbpedia_2851","dbpedia_2850","1.0"
"dbpedia_2320","dbpedia_2314","1.0"
"dbpedia_2321","dbpedia_2316","1.0"
"dbpedia_2320","dbpedia_2315","1.0"
"dbpedia_2321","dbpedia_2315","1.0"
"dbpedia_2320","dbpedia_2316","1.0"
"dbpedia_2637","dbpedia_2638","1.0"
"dbpedia_2721","dbpedia_2720","1.0"
"dbpedia_2322","dbpedia_2315","1.0"
"dbpedia_2637","dbpedia_2639","0.953125"
"dbpedia_2325","dbpedia_2314","1.0"
"dbpedia_2323","dbpedia_2316","1.0"
"dbpedia_2280","dbpedia_2281","1.0"
"dbpedia_2538","dbpedia_2539","1.0"
"dbpedia_2284","dbpedia_2285","1.0"
"dbpedia_2322","dbpedia_2316","1.0"
"dbpedia_2638","dbpedia_2639","0.953125"
"dbpedia_2324","dbpedia_2314","1.0"
"dbpedia_2323","dbpedia_2315","1.0"
"dbpedia_2286","dbpedia_2284","1.0"
"dbpedia_2323","dbpedia_2314","1.0"
"dbpedia_2324","dbpedia_2315","1.0"
"dbpedia_2325","dbpedia_2316","1.0"
"dbpedia_2275","dbpedia_2274","1.0"
"dbpedia_2286","dbpedia_2285","1.0"
"dbpedia_2895","dbpedia_2896","1.0"
"dbpedia_2509","dbpedia_2508","0.9911764705882352"
"dbpedia_2322","dbpedia_2314","1.0"
"dbpedia_2853","dbpedia_2854","1.0"
"dbpedia_2325","dbpedia_2315","1.0"
"dbpedia_2324","dbpedia_2316","1.0"
"dbpedia_240","dbpedia_239","1.0"
"dbpedia_2196","dbpedia_2195","1.0"
"dbpedia_2145","dbpedia_2143","1.0"
"dbpedia_2146","dbpedia_2144","1.0"
"dbpedia_2336","dbpedia_2317","1.0"
"dbpedia_2337","dbpedia_2318","1.0"
"dbpedia_2333","dbpedia_2319","1.0"
"dbpedia_2145","dbpedia_2144","1.0"
"dbpedia_2146","dbpedia_2143","1.0"
"dbpedia_2147","dbpedia_2142","1.0"
"dbpedia_2336","dbpedia_2318","1.0"
"dbpedia_2337","dbpedia_2317","1.0"
"dbpedia_2335","dbpedia_2319","1.0"
"dbpedia_2334","dbpedia_2319","1.0"
"dbpedia_2146","dbpedia_2142","1.0"
"dbpedia_2147","dbpedia_2143","1.0"
"dbpedia_2335","dbpedia_2318","1.0"
"dbpedia_2336","dbpedia_2319","1.0"
"dbpedia_2334","dbpedia_2318","1.0"
"dbpedia_2333","dbpedia_2317","1.0"
"dbpedia_2013","dbpedia_2012","1.0"
"dbpedia_2145","dbpedia_2142","1.0"
"dbpedia_2147","dbpedia_2144","1.0"
"dbpedia_3065","dbpedia_3066","1.0"
"dbpedia_2335","dbpedia_2317","1.0"
"dbpedia_2337","dbpedia_2319","1.0"
"dbpedia_3063","dbpedia_3064","1.0"
"dbpedia_2334","dbpedia_2317","1.0"
"dbpedia_2333","dbpedia_2318","1.0"
"dbpedia_3061","dbpedia_3062","1.0"
"dbpedia_3762","dbpedia_3761","1.0"
"dbpedia_2144","dbpedia_2142","1.0"
"dbpedia_2147","dbpedia_2145","1.0"
"dbpedia_2331","dbpedia_2317","1.0"
"dbpedia_2332","dbpedia_2318","1.0"
"dbpedia_2143","dbpedia_2142","1.0"
"dbpedia_2147","dbpedia_2146","1.0"
"dbpedia_2331","dbpedia_2318","1.0"
"dbpedia_2332","dbpedia_2317","1.0"
"dbpedia_2330","dbpedia_2319","1.0"
"dbpedia_3548","dbpedia_3549","1.0"
"dbpedia_3632","dbpedia_3631","1.0"
"dbpedia_2331","dbpedia_2319","1.0"
"dbpedia_2330","dbpedia_2318","1.0"
"dbpedia_2143","dbpedia_2144","1.0"
"dbpedia_2145","dbpedia_2146","1.0"
"dbpedia_2332","dbpedia_2319","1.0"
"dbpedia_2330","dbpedia_2317","1.0"
"dbpedia_2363","dbpedia_2362","1.0"
"dbpedia_3768","dbpedia_3769","1.0"
"dbpedia_3199","dbpedia_3198","1.0"
"dbpedia_2019","dbpedia_2018","1.0"
"dbpedia_2338","dbpedia_2319","1.0"
"dbpedia_2369","dbpedia_2371","1.0"
"dbpedia_2106","dbpedia_2100","0.8716666666666667"
"dbpedia_2339","dbpedia_2319","1.0"
"dbpedia_2369","dbpedia_2372","1.0"
"dbpedia_2338","dbpedia_2317","1.0"
"dbpedia_2339","dbpedia_2318","1.0"
"dbpedia_2277","dbpedia_2276","1.0"
"dbpedia_2338","dbpedia_2318","1.0"
"dbpedia_2339","dbpedia_2317","1.0"
"dbpedia_2369","dbpedia_2370","1.0"
"dbpedia_2329","dbpedia_2326","1.0"
"dbpedia_2328","dbpedia_2325","1.0"
"dbpedia_2338","dbpedia_2315","1.0"
"dbpedia_2339","dbpedia_2316","1.0"
"dbpedia_2327","dbpedia_2328","1.0"
"dbpedia_2329","dbpedia_2325","1.0"
"dbpedia_2328","dbpedia_2326","1.0"
"dbpedia_2338","dbpedia_2316","1.0"
"dbpedia_2339","dbpedia_2315","1.0"
"dbpedia_3326","dbpedia_3327","1.0"
"dbpedia_2367","dbpedia_2366","1.0"
"dbpedia_2329","dbpedia_2328","1.0"
"dbpedia_2321","dbpedia_2320","1.0"
"dbpedia_2339","dbpedia_2314","1.0"
"dbpedia_2327","dbpedia_2326","1.0"
"dbpedia_2329","dbpedia_2327","1.0"
"dbpedia_3584","dbpedia_3583","1.0"
"dbpedia_2338","dbpedia_2314","1.0"
"dbpedia_2327","dbpedia_2325","1.0"
"dbpedia_2451","dbpedia_2450","1.0"
"dbpedia_2323","dbpedia_2320","1.0"
"dbpedia_2327","dbpedia_2324","1.0"
"dbpedia_2326","dbpedia_2323","1.0"
"dbpedia_2328","dbpedia_2321","1.0"
"dbpedia_2329","dbpedia_2322","1.0"
"dbpedia_2322","dbpedia_2320","1.0"
"dbpedia_2326","dbpedia_2324","1.0"
"dbpedia_2327","dbpedia_2323","1.0"
"dbpedia_2328","dbpedia_2322","1.0"
"dbpedia_2329","dbpedia_2321","1.0"
"dbpedia_2325","dbpedia_2320","1.0"
"dbpedia_2326","dbpedia_2321","1.0"
"dbpedia_2327","dbpedia_2322","1.0"
"dbpedia_2328","dbpedia_2323","1.0"
"dbpedia_2329","dbpedia_2324","1.0"
"dbpedia_108","dbpedia_107","1.0"
"dbpedia_3327","dbpedia_3325","1.0"
"dbpedia_2326","dbpedia_2322","1.0"
"dbpedia_2327","dbpedia_2321","1.0"
"dbpedia_2329","dbpedia_2323","1.0"
"dbpedia_2328","dbpedia_2324","1.0"
"dbpedia_2324","dbpedia_2320","1.0"
"dbpedia_3326","dbpedia_3325","1.0"
"dbpedia_3324","dbpedia_3323","1.0"
"dbpedia_2324","dbpedia_2321","1.0"
"dbpedia_2325","dbpedia_2322","1.0"
"dbpedia_2327","dbpedia_2320","1.0"
"dbpedia_2938","dbpedia_2937","1.0"
"dbpedia_2323","dbpedia_2324","1.0"
"dbpedia_2330","dbpedia_2316","1.0"
"dbpedia_2332","dbpedia_2314","1.0"
"dbpedia_2325","dbpedia_2321","1.0"
"dbpedia_2326","dbpedia_2320","1.0"
"dbpedia_2324","dbpedia_2322","1.0"
"dbpedia_148","dbpedia_147","1.0"
"dbpedia_2330","dbpedia_2315","1.0"
"dbpedia_2331","dbpedia_2314","1.0"
"dbpedia_3328","dbpedia_3325","1.0"
"dbpedia_2323","dbpedia_2322","1.0"
"dbpedia_2325","dbpedia_2324","1.0"
"dbpedia_2329","dbpedia_2320","1.0"
"dbpedia_2330","dbpedia_2314","1.0"
"dbpedia_2332","dbpedia_2316","1.0"
"dbpedia_2331","dbpedia_2315","1.0"
"dbpedia_2323","dbpedia_2321","1.0"
"dbpedia_2325","dbpedia_2323","1.0"
"dbpedia_2328","dbpedia_2320","1.0"
"dbpedia_2332","dbpedia_2315","1.0"
"dbpedia_2331","dbpedia_2316","1.0"
"dbpedia_2453","dbpedia_2452","1.0"
"dbpedia_2804","dbpedia_2805","1.0"
"dbpedia_2321","dbpedia_2322","1.0"
"dbpedia_2337","dbpedia_2314","1.0"
"dbpedia_2335","dbpedia_2316","1.0"
"dbpedia_2325","dbpedia_2326","1.0"
"dbpedia_2334","dbpedia_2316","1.0"
"dbpedia_2333","dbpedia_2315","1.0"
"dbpedia_246","dbpedia_248","0.9601449275362318"
"dbpedia_3371","dbpedia_3372","0.9951612903225806"
"dbpedia_2336","dbpedia_2314","1.0"
"dbpedia_2335","dbpedia_2315","1.0"
"dbpedia_245","dbpedia_246","0.9601449275362318"
"dbpedia_2334","dbpedia_2315","1.0"
"dbpedia_2333","dbpedia_2316","1.0"
"dbpedia_247","dbpedia_248","0.9601449275362318"
"dbpedia_2335","dbpedia_2314","1.0"
"dbpedia_2337","dbpedia_2316","1.0"
"dbpedia_2336","dbpedia_2315","1.0"
"dbpedia_2541","dbpedia_2540","1.0"
"dbpedia_234","dbpedia_235","1.0"
"dbpedia_245","dbpedia_247","0.9601449275362318"
"dbpedia_3328","dbpedia_3326","1.0"
"dbpedia_2334","dbpedia_2314","1.0"
"dbpedia_2337","dbpedia_2315","1.0"
"dbpedia_2336","dbpedia_2316","1.0"
"dbpedia_2239","dbpedia_2238","0.98"
"dbpedia_2585","dbpedia_2586","1.0"
"dbpedia_247","dbpedia_246","1.0"
"dbpedia_2333","dbpedia_2314","1.0"
"dbpedia_3328","dbpedia_3327","1.0"
"dbpedia_245","dbpedia_248","1.0"
"dbpedia_3858","dbpedia_3859","1.0"
"dbpedia_3803","dbpedia_3802","1.0"
"dbpedia_3582","dbpedia_3581","1.0"
"dbpedia_3932","dbpedia_3930","1.0"
"dbpedia_3931","dbpedia_3932","1.0"
"dbpedia_3931","dbpedia_3930","1.0"
"dbpedia_3920","dbpedia_3921","0.985"
"dbpedia_3748","dbpedia_3747","1.0"
"dbpedia_3311","dbpedia_3307","1.0"
"dbpedia_3310","dbpedia_3307","1.0"
"dbpedia_3311","dbpedia_3309","1.0"
"dbpedia_3310","dbpedia_3308","1.0"
"dbpedia_3310","dbpedia_3309","1.0"
"dbpedia_3311","dbpedia_3308","1.0"
"dbpedia_2089","dbpedia_2090","1.0"
"dbpedia_2009","dbpedia_2010","0.9954545454545454"
"dbpedia_3805","dbpedia_3806","0.9914285714285713"
"dbpedia_3889","dbpedia_3888","1.0"
"dbpedia_3876","dbpedia_3875","1.0"
"dbpedia_3885","dbpedia_3884","1.0"
"dbpedia_3861","dbpedia_3860","1.0"
"dbpedia_3876","dbpedia_3877","1.0"
"dbpedia_3929","dbpedia_3927","1.0"
"dbpedia_3928","dbpedia_3926","1.0"
"dbpedia_3852","dbpedia_3853","1.0"
"dbpedia_3928","dbpedia_3927","1.0"
"dbpedia_3877","dbpedia_3875","1.0"
"dbpedia_3929","dbpedia_3926","1.0"
"dbpedia_3984","dbpedia_3985","1.0"
"dbpedia_3928","dbpedia_3929","1.0"
"dbpedia_3914","dbpedia_3915","1.0"
"dbpedia_3926","dbpedia_3927","1.0"
"dbpedia_3986","dbpedia_3985","1.0"
"dbpedia_3927","dbpedia_3925","1.0"
"dbpedia_3986","dbpedia_3984","1.0"
"dbpedia_3926","dbpedia_3925","1.0"
"dbpedia_3929","dbpedia_3925","1.0"
"dbpedia_3928","dbpedia_3925","1.0"
"dbpedia_3250","dbpedia_3249","0.9633333333333333"
"dbpedia_3931","dbpedia_3925","1.0"
"dbpedia_1194","dbpedia_1201","1.0"
"dbpedia_1192","dbpedia_1203","1.0"
"dbpedia_1193","dbpedia_1200","1.0"
"dbpedia_1191","dbpedia_1202","1.0"
"dbpedia_1190","dbpedia_1205","1.0"
"dbpedia_3930","dbpedia_3925","1.0"
"dbpedia_1194","dbpedia_1200","1.0"
"dbpedia_1192","dbpedia_1202","1.0"
"dbpedia_1193","dbpedia_1201","1.0"
"dbpedia_1191","dbpedia_1203","1.0"
"dbpedia_1190","dbpedia_1204","1.0"
"dbpedia_2116","dbpedia_2117","1.0"
"dbpedia_2071","dbpedia_2070","0.959090909090909"
"dbpedia_1195","dbpedia_1200","1.0"
"dbpedia_1190","dbpedia_1203","1.0"
"dbpedia_1191","dbpedia_1204","1.0"
"dbpedia_1196","dbpedia_1201","1.0"
"dbpedia_1192","dbpedia_1205","1.0"
"dbpedia_3932","dbpedia_3925","1.0"
"dbpedia_1195","dbpedia_1201","1.0"
"dbpedia_1190","dbpedia_1202","1.0"
"dbpedia_2248","dbpedia_2249","1.0"
"dbpedia_1191","dbpedia_1205","1.0"
"dbpedia_3073","dbpedia_3074","1.0"
"dbpedia_2246","dbpedia_2247","1.0"
"dbpedia_1196","dbpedia_1200","1.0"
"dbpedia_1192","dbpedia_1204","1.0"
"dbpedia_1195","dbpedia_1202","1.0"
"dbpedia_1199","dbpedia_1206","1.0"
"dbpedia_1190","dbpedia_1201","1.0"
"dbpedia_1197","dbpedia_1208","1.0"
"dbpedia_1196","dbpedia_1203","1.0"
"dbpedia_1194","dbpedia_1205","1.0"
"dbpedia_1193","dbpedia_1204","1.0"
"dbpedia_1199","dbpedia_1207","1.0"
"dbpedia_1195","dbpedia_1203","1.0"
"dbpedia_1190","dbpedia_1200","1.0"
"dbpedia_1198","dbpedia_1208","1.0"
"dbpedia_1196","dbpedia_1202","1.0"
"dbpedia_1194","dbpedia_1204","1.0"
"dbpedia_2110","dbpedia_2111","1.0"
"dbpedia_1193","dbpedia_1205","1.0"
"dbpedia_1193","dbpedia_1202","1.0"
"dbpedia_1198","dbpedia_1207","1.0"
"dbpedia_1197","dbpedia_1206","1.0"
"dbpedia_1196","dbpedia_1205","1.0"
"dbpedia_1194","dbpedia_1203","1.0"
"dbpedia_1192","dbpedia_1201","1.0"
"dbpedia_1191","dbpedia_1200","1.0"
"dbpedia_1199","dbpedia_1208","1.0"
"dbpedia_1195","dbpedia_1204","1.0"
"dbpedia_1198","dbpedia_1206","1.0"
"dbpedia_1197","dbpedia_1207","1.0"
"dbpedia_1193","dbpedia_1203","1.0"
"dbpedia_1196","dbpedia_1204","1.0"
"dbpedia_1194","dbpedia_1202","1.0"
"dbpedia_1192","dbpedia_1200","1.0"
"dbpedia_1191","dbpedia_1201","1.0"
"dbpedia_2114","dbpedia_2113","0.9727272727272727"
"dbpedia_3098","dbpedia_3097","1.0"
"dbpedia_1195","dbpedia_1205","1.0"
"dbpedia_2318","dbpedia_2319","1.0"
"dbpedia_2244","dbpedia_2243","1.0"
"dbpedia_2318","dbpedia_2317","1.0"
"dbpedia_2396","dbpedia_2397","1.0"
"dbpedia_2319","dbpedia_2317","1.0"
"dbpedia_2316","dbpedia_2317","1.0"
"dbpedia_2094","dbpedia_2095","1.0"
"dbpedia_3070","dbpedia_3071","1.0"
"dbpedia_2002","dbpedia_2003","1.0"
"dbpedia_3078","dbpedia_3077","1.0"
"dbpedia_2314","dbpedia_2315","1.0"
"dbpedia_2317","dbpedia_2314","1.0"
"dbpedia_2446","dbpedia_2445","1.0"
"dbpedia_2316","dbpedia_2314","1.0"
"dbpedia_2576","dbpedia_2577","1.0"
"dbpedia_3311","dbpedia_3310","1.0"
"dbpedia_2316","dbpedia_2315","1.0"
"dbpedia_1990","dbpedia_1978","1.0"
"dbpedia_1991","dbpedia_1979","1.0"
"dbpedia_2317","dbpedia_2315","1.0"
"dbpedia_1990","dbpedia_1979","1.0"
"dbpedia_1991","dbpedia_1978","1.0"
"dbpedia_2319","dbpedia_2316","1.0"
"dbpedia_2318","dbpedia_2315","1.0"
"dbpedia_3682","dbpedia_3680","0.8957575757575756"
"dbpedia_3601","dbpedia_3602","1.0"
"dbpedia_3603","dbpedia_3602","1.0"
"dbpedia_2319","dbpedia_2315","1.0"
"dbpedia_2318","dbpedia_2316","1.0"
"dbpedia_3603","dbpedia_3601","1.0"
"dbpedia_2319","dbpedia_2314","1.0"
"dbpedia_3601","dbpedia_3600","1.0"
"dbpedia_3603","dbpedia_3600","1.0"
"dbpedia_2318","dbpedia_2314","1.0"
"dbpedia_3602","dbpedia_3600","1.0"
"dbpedia_1196","dbpedia_1207","1.0"
"dbpedia_1198","dbpedia_1205","1.0"
"dbpedia_1197","dbpedia_1204","1.0"
"dbpedia_1193","dbpedia_1208","1.0"
"dbpedia_1195","dbpedia_1206","1.0"
"dbpedia_1199","dbpedia_1202","1.0"
"dbpedia_2748","dbpedia_2751","1.0"
"dbpedia_2749","dbpedia_2750","1.0"
"dbpedia_1196","dbpedia_1206","1.0"
"dbpedia_1198","dbpedia_1204","1.0"
"dbpedia_1197","dbpedia_1205","1.0"
"dbpedia_3421","dbpedia_3422","1.0"
"dbpedia_1194","dbpedia_1208","1.0"
"dbpedia_1199","dbpedia_1203","1.0"
"dbpedia_1195","dbpedia_1207","1.0"
"dbpedia_3070","dbpedia_3068","1.0"
"dbpedia_3071","dbpedia_3069","1.0"
"dbpedia_2749","dbpedia_2751","1.0"
"dbpedia_2748","dbpedia_2750","1.0"
"dbpedia_3429","dbpedia_3428","0.9911764705882352"
"dbpedia_1199","dbpedia_1204","1.0"
"dbpedia_1195","dbpedia_1208","1.0"
"dbpedia_1193","dbpedia_1206","1.0"
"dbpedia_1198","dbpedia_1203","1.0"
"dbpedia_1197","dbpedia_1202","1.0"
"dbpedia_1194","dbpedia_1207","1.0"
"dbpedia_3071","dbpedia_3068","1.0"
"dbpedia_3070","dbpedia_3069","1.0"
"dbpedia_1199","dbpedia_1205","1.0"
"dbpedia_3449","dbpedia_3448","0.9957142857142857"
"dbpedia_1196","dbpedia_1208","1.0"
"dbpedia_1198","dbpedia_1202","1.0"
"dbpedia_1197","dbpedia_1203","1.0"
"dbpedia_1193","dbpedia_1207","1.0"
"dbpedia_1194","dbpedia_1206","1.0"
"dbpedia_2312","dbpedia_2313","1.0"
"dbpedia_1993","dbpedia_1979","1.0"
"dbpedia_1992","dbpedia_1978","1.0"
"dbpedia_3926","dbpedia_3932","1.0"
"dbpedia_3929","dbpedia_3931","1.0"
"dbpedia_3928","dbpedia_3930","1.0"
"dbpedia_1191","dbpedia_1206","1.0"
"dbpedia_1192","dbpedia_1207","1.0"
"dbpedia_1197","dbpedia_1200","1.0"
"dbpedia_1198","dbpedia_1201","1.0"
"dbpedia_1993","dbpedia_1978","1.0"
"dbpedia_1992","dbpedia_1979","1.0"
"dbpedia_3929","dbpedia_3930","1.0"
"dbpedia_3928","dbpedia_3931","1.0"
"dbpedia_3927","dbpedia_3932","1.0"
"dbpedia_1191","dbpedia_1207","1.0"
"dbpedia_1192","dbpedia_1206","1.0"
"dbpedia_1190","dbpedia_1208","1.0"
"dbpedia_1197","dbpedia_1201","1.0"
"dbpedia_1198","dbpedia_1200","1.0"
"dbpedia_1995","dbpedia_1979","1.0"
"dbpedia_1994","dbpedia_1978","1.0"
"dbpedia_3926","dbpedia_3930","1.0"
"dbpedia_3928","dbpedia_3932","1.0"
"dbpedia_3927","dbpedia_3931","1.0"
"dbpedia_1190","dbpedia_1207","1.0"
"dbpedia_1191","dbpedia_1208","1.0"
"dbpedia_1199","dbpedia_1200","1.0"
"dbpedia_1994","dbpedia_1979","1.0"
"dbpedia_1995","dbpedia_1978","1.0"
"dbpedia_3926","dbpedia_3931","1.0"
"dbpedia_1192","dbpedia_1208","1.0"
"dbpedia_3929","dbpedia_3932","1.0"
"dbpedia_1190","dbpedia_1206","1.0"
"dbpedia_3927","dbpedia_3930","1.0"
"dbpedia_1199","dbpedia_1201","1.0"
"dbpedia_3397","dbpedia_3398","1.0"
"dbpedia_1993","dbpedia_1987","1.0"
"dbpedia_1992","dbpedia_1986","1.0"
"dbpedia_2440","dbpedia_2439","1.0"
"dbpedia_1995","dbpedia_1985","1.0"
"dbpedia_1994","dbpedia_1984","1.0"
"dbpedia_1994","dbpedia_1985","1.0"
"dbpedia_1993","dbpedia_1986","1.0"
"dbpedia_1992","dbpedia_1987","1.0"
"dbpedia_1995","dbpedia_1984","1.0"
"dbpedia_3005","dbpedia_3006","1.0"
"dbpedia_2695","dbpedia_2696","1.0"
"dbpedia_2682","dbpedia_2683","0.9934782608695651"
"dbpedia_2684","dbpedia_2685","1.0"
"dbpedia_1992","dbpedia_1984","1.0"
"dbpedia_1995","dbpedia_1987","1.0"
"dbpedia_1994","dbpedia_1986","1.0"
"dbpedia_1993","dbpedia_1985","1.0"
"dbpedia_1994","dbpedia_1987","1.0"
"dbpedia_1992","dbpedia_1985","1.0"
"dbpedia_1995","dbpedia_1986","1.0"
"dbpedia_261","dbpedia_260","1.0"
"dbpedia_1993","dbpedia_1984","1.0"
"dbpedia_265","dbpedia_264","0.9909090909090909"
"dbpedia_2699","dbpedia_2698","1.0"
"dbpedia_1993","dbpedia_1983","1.0"
"dbpedia_1993","dbpedia_1982","1.0"
"dbpedia_1995","dbpedia_1980","1.0"
"dbpedia_1992","dbpedia_1981","1.0"
"dbpedia_2619","dbpedia_2618","0.9909090909090909"
"dbpedia_1992","dbpedia_1983","1.0"
"dbpedia_1993","dbpedia_1981","1.0"
"dbpedia_1994","dbpedia_1980","1.0"
"dbpedia_1992","dbpedia_1982","1.0"
"dbpedia_1995","dbpedia_1983","1.0"
"dbpedia_1995","dbpedia_1982","1.0"
"dbpedia_1994","dbpedia_1981","1.0"
"dbpedia_1993","dbpedia_1980","1.0"
"dbpedia_2697","dbpedia_2695","1.0"
"dbpedia_2748","dbpedia_2749","1.0"
"dbpedia_2736","dbpedia_2737","1.0"
"dbpedia_438","dbpedia_437","1.0"
"dbpedia_1994","dbpedia_1983","1.0"
"dbpedia_1994","dbpedia_1982","1.0"
"dbpedia_1995","dbpedia_1981","1.0"
"dbpedia_1992","dbpedia_1980","1.0"
"dbpedia_2697","dbpedia_2696","1.0"
"dbpedia_1991","dbpedia_1980","1.0"
"dbpedia_1990","dbpedia_1980","1.0"
"dbpedia_131","dbpedia_130","1.0"
"dbpedia_133","dbpedia_132","1.0"
"dbpedia_1991","dbpedia_1983","1.0"
"dbpedia_389","dbpedia_392","1.0"
"dbpedia_611","dbpedia_610","1.0"
"dbpedia_1990","dbpedia_1981","1.0"
"dbpedia_1991","dbpedia_1982","1.0"
"dbpedia_1990","dbpedia_1983","1.0"
"dbpedia_3126","dbpedia_3125","0.9619047619047618"
"dbpedia_389","dbpedia_391","1.0"
"dbpedia_1990","dbpedia_1982","1.0"
"dbpedia_1991","dbpedia_1981","1.0"
"dbpedia_3689","dbpedia_3696","0.9154761904761904"
"dbpedia_3559","dbpedia_3560","1.0"
"dbpedia_389","dbpedia_390","1.0"
"dbpedia_1991","dbpedia_1985","1.0"
"dbpedia_1990","dbpedia_1984","1.0"
"dbpedia_2568","dbpedia_2565","0.9714285714285714"
"dbpedia_2567","dbpedia_2568","0.9714285714285714"
"dbpedia_3122","dbpedia_3123","1.0"
"dbpedia_3689","dbpedia_3695","0.9154761904761904"
"dbpedia_919","dbpedia_920","1.0"
"dbpedia_919","dbpedia_922","1.0"
"dbpedia_1991","dbpedia_1984","1.0"
"dbpedia_1990","dbpedia_1985","1.0"
"dbpedia_2568","dbpedia_2566","1.0"
"dbpedia_919","dbpedia_921","1.0"
"dbpedia_1990","dbpedia_1986","1.0"
"dbpedia_1991","dbpedia_1987","1.0"
"dbpedia_2567","dbpedia_2566","0.9714285714285714"
"dbpedia_1991","dbpedia_1986","1.0"
"dbpedia_2567","dbpedia_2565","1.0"
"dbpedia_1990","dbpedia_1987","1.0"
"dbpedia_1990","dbpedia_1988","1.0"
"dbpedia_1991","dbpedia_1989","1.0"
"dbpedia_3081","dbpedia_3080","1.0"
"dbpedia_1990","dbpedia_1989","1.0"
"dbpedia_1991","dbpedia_1988","1.0"
"dbpedia_395","dbpedia_394","1.0"
"dbpedia_394","dbpedia_393","1.0"
"dbpedia_2380","dbpedia_2381","1.0"
"dbpedia_395","dbpedia_393","1.0"
"dbpedia_2385","dbpedia_2384","1.0"
"dbpedia_2996","dbpedia_2995","0.9972222222222222"
"dbpedia_436","dbpedia_435","1.0"
"dbpedia_435","dbpedia_437","1.0"
"dbpedia_436","dbpedia_438","1.0"
"dbpedia_397","dbpedia_398","0.9903225806451612"
"dbpedia_2875","dbpedia_2874","1.0"
"dbpedia_435","dbpedia_438","1.0"
"dbpedia_2732","dbpedia_2731","1.0"
"dbpedia_436","dbpedia_437","1.0"
"dbpedia_306","dbpedia_305","1.0"
"dbpedia_391","dbpedia_390","1.0"
"dbpedia_2391","dbpedia_2392","1.0"
"dbpedia_2878","dbpedia_2876","1.0"
"dbpedia_1995","dbpedia_1989","1.0"
"dbpedia_1994","dbpedia_1988","1.0"
"dbpedia_391","dbpedia_392","1.0"
"dbpedia_2877","dbpedia_2876","1.0"
"dbpedia_1994","dbpedia_1989","1.0"
"dbpedia_1995","dbpedia_1988","1.0"
"dbpedia_390","dbpedia_392","1.0"
"dbpedia_2689","dbpedia_2690","1.0"
"dbpedia_1993","dbpedia_1989","1.0"
"dbpedia_1992","dbpedia_1988","1.0"
"dbpedia_2866","dbpedia_2865","1.0"
"dbpedia_2877","dbpedia_2878","1.0"
"dbpedia_1993","dbpedia_1988","1.0"
"dbpedia_1992","dbpedia_1989","1.0"
"dbpedia_3837","dbpedia_3649","0.8587301587301586"
"dbpedia_3308","dbpedia_3307","1.0"
"dbpedia_2251","dbpedia_2252","1.0"
"dbpedia_1865","dbpedia_1864","1.0"
"dbpedia_3084","dbpedia_3085","1.0"
"dbpedia_4004","dbpedia_4003","1.0"
"dbpedia_3308","dbpedia_3309","1.0"
"dbpedia_4001","dbpedia_4000","1.0"
"dbpedia_4002","dbpedia_4001","1.0"
"dbpedia_2082","dbpedia_2081","1.0"
"dbpedia_1995","dbpedia_1993","1.0"
"dbpedia_1995","dbpedia_1992","1.0"
"dbpedia_1994","dbpedia_1991","1.0"
"dbpedia_3087","dbpedia_3086","1.0"
"dbpedia_1997","dbpedia_1998","1.0"
"dbpedia_1993","dbpedia_1994","1.0"
"dbpedia_1994","dbpedia_1992","1.0"
"dbpedia_1995","dbpedia_1991","1.0"
"dbpedia_4002","dbpedia_4000","1.0"
"dbpedia_1993","dbpedia_1992","1.0"
"dbpedia_1991","dbpedia_1990","1.0"
"dbpedia_1915","dbpedia_1914","1.0"
"dbpedia_3309","dbpedia_3307","1.0"
"dbpedia_1995","dbpedia_1994","1.0"
"dbpedia_1993","dbpedia_1991","1.0"
"dbpedia_1993","dbpedia_1990","1.0"
"dbpedia_1991","dbpedia_1992","1.0"
"dbpedia_3696","dbpedia_3695","1.0"
"dbpedia_1992","dbpedia_1990","1.0"
"dbpedia_1995","dbpedia_1990","1.0"
"dbpedia_1994","dbpedia_1990","1.0"
"dbpedia_2086","dbpedia_2087","1.0"
"dbpedia_3083","dbpedia_3082","1.0"
"dbpedia_2565","dbpedia_2566","0.9714285714285714"
"dbpedia_3302","dbpedia_3303","1.0"
"dbpedia_1601","dbpedia_1602","0.9937499999999999"
"dbpedia_1609","dbpedia_1608","1.0"
"dbpedia_2437","dbpedia_2436","1.0"
"dbpedia_3562","dbpedia_3563","1.0"
"dbpedia_1609","dbpedia_1606","1.0"
"dbpedia_1609","dbpedia_1607","1.0"
"dbpedia_1607","dbpedia_1606","1.0"
"dbpedia_253","dbpedia_257","1.0"
"dbpedia_1608","dbpedia_1606","1.0"
"dbpedia_252","dbpedia_257","1.0"
"dbpedia_126","dbpedia_125","1.0"
"dbpedia_1607","dbpedia_1608","1.0"
"dbpedia_255","dbpedia_257","1.0"
"dbpedia_124","dbpedia_126","1.0"
"dbpedia_3430","dbpedia_3431","0.9823529411764705"
"dbpedia_3432","dbpedia_3433","1.0"
"dbpedia_1736","dbpedia_1737","0.9928571428571428"
"dbpedia_254","dbpedia_257","1.0"
"dbpedia_124","dbpedia_125","1.0"
"dbpedia_125","dbpedia_127","1.0"
"dbpedia_1867","dbpedia_1866","1.0"
"dbpedia_124","dbpedia_127","1.0"
"dbpedia_256","dbpedia_257","1.0"
"dbpedia_126","dbpedia_127","1.0"
"dbpedia_1779","dbpedia_1781","1.0"
"dbpedia_4372","dbpedia_4383","1.0"
"dbpedia_4348","dbpedia_4347","1.0"
"dbpedia_1739","dbpedia_1740","1.0"
"dbpedia_1779","dbpedia_1780","1.0"
"dbpedia_4373","dbpedia_4383","1.0"
"dbpedia_1392","dbpedia_1393","1.0"
"dbpedia_1389","dbpedia_1388","1.0"
"dbpedia_4370","dbpedia_4383","1.0"
"dbpedia_1779","dbpedia_1782","1.0"
"dbpedia_4371","dbpedia_4383","0.97"
"dbpedia_4371","dbpedia_4382","0.97"
"dbpedia_4370","dbpedia_4381","1.0"
"dbpedia_4373","dbpedia_4380","0.97"
"dbpedia_1789","dbpedia_1790","0.9916666666666666"
"dbpedia_4371","dbpedia_4381","0.97"
"dbpedia_4370","dbpedia_4382","1.0"
"dbpedia_4372","dbpedia_4380","0.97"
"dbpedia_4371","dbpedia_4380","1.0"
"dbpedia_4373","dbpedia_4382","1.0"
"dbpedia_4372","dbpedia_4381","1.0"
"dbpedia_4257","dbpedia_4260","1.0"
"dbpedia_4370","dbpedia_4380","0.97"
"dbpedia_4373","dbpedia_4381","1.0"
"dbpedia_4372","dbpedia_4382","1.0"
"dbpedia_4377","dbpedia_4380","0.97"
"dbpedia_4375","dbpedia_4382","0.97"
"dbpedia_4374","dbpedia_4381","1.0"
"dbpedia_1528","dbpedia_1526","1.0"
"dbpedia_1189","dbpedia_1185","1.0"
"dbpedia_1199","dbpedia_1196","1.0"
"dbpedia_1187","dbpedia_1184","1.0"
"dbpedia_1198","dbpedia_1199","1.0"
"dbpedia_1196","dbpedia_1189","1.0"
"dbpedia_1188","dbpedia_1185","1.0"
"dbpedia_1515","dbpedia_1517","1.0"
"dbpedia_1516","dbpedia_1514","1.0"
"dbpedia_4259","dbpedia_4260","1.0"
"dbpedia_1195","dbpedia_1188","1.0"
"dbpedia_4376","dbpedia_4380","0.97"
"dbpedia_4375","dbpedia_4381","0.97"
"dbpedia_4374","dbpedia_4382","1.0"
"dbpedia_1163","dbpedia_1162","1.0"
"dbpedia_1189","dbpedia_1184","1.0"
"dbpedia_4448","dbpedia_4447","1.0"
"dbpedia_1528","dbpedia_1527","0.9914634146341463"
"dbpedia_4464","dbpedia_4462","1.0"
"dbpedia_1197","dbpedia_1199","1.0"
"dbpedia_1188","dbpedia_1184","1.0"
"dbpedia_1514","dbpedia_1517","1.0"
"dbpedia_1196","dbpedia_1188","1.0"
"dbpedia_1187","dbpedia_1185","1.0"
"dbpedia_1515","dbpedia_1516","1.0"
"dbpedia_4258","dbpedia_4260","1.0"
"dbpedia_1195","dbpedia_1189","1.0"
"dbpedia_4377","dbpedia_4382","1.0"
"dbpedia_4375","dbpedia_4380","0.96"
"dbpedia_4376","dbpedia_4381","1.0"
"dbpedia_4489","dbpedia_4488","1.0"
"dbpedia_4378","dbpedia_4383","0.97"
"dbpedia_1528","dbpedia_1524","0.9914634146341463"
"dbpedia_1879","dbpedia_1880","1.0"
"dbpedia_1197","dbpedia_1196","1.0"
"dbpedia_4463","dbpedia_4462","1.0"
"dbpedia_4464","dbpedia_4463","1.0"
"dbpedia_1186","dbpedia_1185","1.0"
"dbpedia_1198","dbpedia_1197","1.0"
"dbpedia_1187","dbpedia_1186","1.0"
"dbpedia_1185","dbpedia_1184","1.0"
"dbpedia_1194","dbpedia_1189","1.0"
"dbpedia_1193","dbpedia_1188","1.0"
"dbpedia_4374","dbpedia_4380","0.97"
"dbpedia_4377","dbpedia_4381","1.0"
"dbpedia_4379","dbpedia_4383","1.0"
"dbpedia_4376","dbpedia_4382","1.0"
"dbpedia_1528","dbpedia_1525","1.0"
"dbpedia_4441","dbpedia_4440","0.990625"
"dbpedia_1174","dbpedia_1173","1.0"
"dbpedia_1152","dbpedia_1151","1.0"
"dbpedia_1198","dbpedia_1196","1.0"
"dbpedia_1186","dbpedia_1184","1.0"
"dbpedia_1194","dbpedia_1188","1.0"
"dbpedia_1193","dbpedia_1189","1.0"
"dbpedia_4378","dbpedia_4381","0.97"
"dbpedia_4376","dbpedia_4383","1.0"
"dbpedia_1527","dbpedia_1525","0.9914634146341463"
"dbpedia_4379","dbpedia_4382","1.0"
"dbpedia_1526","dbpedia_1524","0.9914634146341463"
"dbpedia_4359","dbpedia_4358","1.0"
"dbpedia_1198","dbpedia_1195","1.0"
"dbpedia_1197","dbpedia_1194","1.0"
"dbpedia_1186","dbpedia_1183","1.0"
"dbpedia_1192","dbpedia_1189","1.0"
"dbpedia_1291","dbpedia_1290","1.0"
"dbpedia_4596","dbpedia_4595","1.0"
"dbpedia_1191","dbpedia_1188","1.0"
"dbpedia_4311","dbpedia_4310","0.9916666666666666"
"dbpedia_4378","dbpedia_4382","0.97"
"dbpedia_1526","dbpedia_1525","1.0"
"dbpedia_1527","dbpedia_1524","1.0"
"dbpedia_4377","dbpedia_4383","1.0"
"dbpedia_4379","dbpedia_4381","1.0"
"dbpedia_1296","dbpedia_1295","1.0"
"dbpedia_1197","dbpedia_1195","1.0"
"dbpedia_1199","dbpedia_1193","1.0"
"dbpedia_1198","dbpedia_1194","1.0"
"dbpedia_1290","dbpedia_1292","1.0"
"dbpedia_1186","dbpedia_1182","1.0"
"dbpedia_1192","dbpedia_1188","1.0"
"dbpedia_1191","dbpedia_1189","1.0"
"dbpedia_4379","dbpedia_4380","0.97"
"dbpedia_4374","dbpedia_4383","1.0"
"dbpedia_1189","dbpedia_1183","1.0"
"dbpedia_1199","dbpedia_1194","1.0"
"dbpedia_1618","dbpedia_1620","1.0"
"dbpedia_1619","dbpedia_1621","1.0"
"dbpedia_1198","dbpedia_1193","1.0"
"dbpedia_1188","dbpedia_1183","1.0"
"dbpedia_1187","dbpedia_1182","1.0"
"dbpedia_1291","dbpedia_1292","1.0"
"dbpedia_1639","dbpedia_1641","1.0"
"dbpedia_1638","dbpedia_1640","1.0"
"dbpedia_1190","dbpedia_1189","1.0"
"dbpedia_1524","dbpedia_1525","0.9914634146341463"
"dbpedia_4378","dbpedia_4380","0.96"
"dbpedia_1189","dbpedia_1182","1.0"
"dbpedia_4375","dbpedia_4383","0.97"
"dbpedia_1526","dbpedia_1527","0.9914634146341463"
"dbpedia_1538","dbpedia_1539","0.9874999999999999"
"dbpedia_1618","dbpedia_1621","1.0"
"dbpedia_1619","dbpedia_1620","1.0"
"dbpedia_1199","dbpedia_1195","1.0"
"dbpedia_1197","dbpedia_1193","1.0"
"dbpedia_1516","dbpedia_1517","1.0"
"dbpedia_1187","dbpedia_1183","1.0"
"dbpedia_1515","dbpedia_1514","1.0"
"dbpedia_1188","dbpedia_1182","1.0"
"dbpedia_1190","dbpedia_1188","1.0"
"dbpedia_1639","dbpedia_1640","1.0"
"dbpedia_1638","dbpedia_1641","1.0"
"dbpedia_1525","dbpedia_1523","0.9914634146341463"
"dbpedia_4365","dbpedia_4364","1.0"
"dbpedia_4364","dbpedia_4363","1.0"
"dbpedia_4377","dbpedia_4376","1.0"
"dbpedia_4376","dbpedia_4375","0.97"
"dbpedia_4389","dbpedia_4388","1.0"
"dbpedia_4469","dbpedia_4470","1.0"
"dbpedia_1665","dbpedia_1666","1.0"
"dbpedia_4352","dbpedia_4351","1.0"
"dbpedia_4356","dbpedia_4355","1.0"
"dbpedia_1191","dbpedia_1196","1.0"
"dbpedia_1192","dbpedia_1197","1.0"
"dbpedia_1170","dbpedia_1171","1.0"
"dbpedia_1190","dbpedia_1199","1.0"
"dbpedia_1194","dbpedia_1195","1.0"
"dbpedia_1524","dbpedia_1523","1.0"
"dbpedia_4365","dbpedia_4363","1.0"
"dbpedia_4377","dbpedia_4375","0.97"
"dbpedia_1667","dbpedia_1666","0.9938775510204081"
"dbpedia_1773","dbpedia_1774","1.0"
"dbpedia_1190","dbpedia_1198","1.0"
"dbpedia_1191","dbpedia_1197","1.0"
"dbpedia_1192","dbpedia_1196","1.0"
"dbpedia_1193","dbpedia_1195","1.0"
"dbpedia_1527","dbpedia_1523","1.0"
"dbpedia_4096","dbpedia_4097","1.0"
"dbpedia_1196","dbpedia_1195","1.0"
"dbpedia_1795","dbpedia_1796","1.0"
"dbpedia_4469","dbpedia_4472","1.0"
"dbpedia_1192","dbpedia_1199","1.0"
"dbpedia_1190","dbpedia_1197","1.0"
"dbpedia_1191","dbpedia_1198","1.0"
"dbpedia_1194","dbpedia_1193","1.0"
"dbpedia_1183","dbpedia_1182","1.0"
"dbpedia_1172","dbpedia_1171","1.0"
"dbpedia_1526","dbpedia_1523","0.9914634146341463"
"dbpedia_4469","dbpedia_4471","1.0"
"dbpedia_1190","dbpedia_1196","1.0"
"dbpedia_1192","dbpedia_1198","1.0"
"dbpedia_1191","dbpedia_1199","1.0"
"dbpedia_4366","dbpedia_4365","1.0"
"dbpedia_1667","dbpedia_1663","1.0"
"dbpedia_1183","dbpedia_1184","1.0"
"dbpedia_1290","dbpedia_1289","1.0"
"dbpedia_4342","dbpedia_4341","1.0"
"dbpedia_1666","dbpedia_1663","0.9938775510204081"
"dbpedia_1665","dbpedia_1662","1.0"
"dbpedia_1199","dbpedia_1188","1.0"
"dbpedia_1663","dbpedia_1664","1.0"
"dbpedia_4117","dbpedia_4116","1.0"
"dbpedia_1674","dbpedia_1671","1.0"
"dbpedia_4378","dbpedia_4377","0.97"
"dbpedia_1672","dbpedia_1673","1.0"
"dbpedia_1190","dbpedia_1195","1.0"
"dbpedia_4379","dbpedia_4378","0.97"
"dbpedia_4128","dbpedia_4127","1.0"
"dbpedia_1192","dbpedia_1193","1.0"
"dbpedia_4129","dbpedia_4128","1.0"
"dbpedia_1645","dbpedia_1644","1.0"
"dbpedia_1161","dbpedia_1160","1.0"
"dbpedia_1669","dbpedia_1668","1.0"
"dbpedia_1528","dbpedia_1523","0.9914634146341463"
"dbpedia_1641","dbpedia_1640","1.0"
"dbpedia_1667","dbpedia_1662","0.9938775510204081"
"dbpedia_1666","dbpedia_1662","1.0"
"dbpedia_1183","dbpedia_1185","1.0"
"dbpedia_1665","dbpedia_1663","0.9938775510204081"
"dbpedia_1199","dbpedia_1189","1.0"
"dbpedia_1190","dbpedia_1194","1.0"
"dbpedia_1191","dbpedia_1193","1.0"
"dbpedia_1673","dbpedia_1671","1.0"
"dbpedia_4379","dbpedia_4377","1.0"
"dbpedia_1621","dbpedia_1620","1.0"
"dbpedia_4129","dbpedia_4127","1.0"
"dbpedia_1160","dbpedia_1162","1.0"
"dbpedia_4259","dbpedia_4258","1.0"
"dbpedia_4379","dbpedia_4376","1.0"
"dbpedia_4366","dbpedia_4363","1.0"
"dbpedia_4258","dbpedia_4257","1.0"
"dbpedia_4378","dbpedia_4375","1.0"
"dbpedia_1667","dbpedia_1665","0.9938775510204081"
"dbpedia_1161","dbpedia_1163","1.0"
"dbpedia_1663","dbpedia_1662","0.9938775510204081"
"dbpedia_1292","dbpedia_1289","1.0"
"dbpedia_1182","dbpedia_1185","1.0"
"dbpedia_1198","dbpedia_1189","1.0"
"dbpedia_1674","dbpedia_1673","1.0"
"dbpedia_1661","dbpedia_1660","0.9938775510204081"
"dbpedia_1665","dbpedia_1664","0.9938775510204081"
"dbpedia_1197","dbpedia_1188","1.0"
"dbpedia_1672","dbpedia_1671","1.0"
"dbpedia_1191","dbpedia_1194","1.0"
"dbpedia_4237","dbpedia_4236","1.0"
"dbpedia_1190","dbpedia_1193","1.0"
"dbpedia_1192","dbpedia_1195","1.0"
"dbpedia_1193","dbpedia_1196","1.0"
"dbpedia_4247","dbpedia_4246","1.0"
"dbpedia_1161","dbpedia_1162","1.0"
"dbpedia_4259","dbpedia_4257","1.0"
"dbpedia_4379","dbpedia_4375","0.97"
"dbpedia_4366","dbpedia_4364","1.0"
"dbpedia_4378","dbpedia_4376","0.97"
"dbpedia_1667","dbpedia_1664","1.0"
"dbpedia_1652","dbpedia_1651","1.0"
"dbpedia_1160","dbpedia_1163","1.0"
"dbpedia_1656","dbpedia_1655","1.0"
"dbpedia_1291","dbpedia_1289","1.0"
"dbpedia_1182","dbpedia_1184","1.0"
"dbpedia_1662","dbpedia_1660","1.0"
"dbpedia_1664","dbpedia_1662","0.9938775510204081"
"dbpedia_1666","dbpedia_1664","0.9938775510204081"
"dbpedia_1197","dbpedia_1189","1.0"
"dbpedia_1674","dbpedia_1672","1.0"
"dbpedia_1190","dbpedia_1192","1.0"
"dbpedia_1198","dbpedia_1188","1.0"
"dbpedia_1191","dbpedia_1195","1.0"
"dbpedia_1170","dbpedia_1172","1.0"
"dbpedia_1192","dbpedia_1194","1.0"
"dbpedia_1194","dbpedia_1196","1.0"
"dbpedia_4115","dbpedia_4114","1.0"
"dbpedia_4111","dbpedia_4110","1.0"
"dbpedia_4103","dbpedia_4102","1.0"
"dbpedia_1782","dbpedia_1780","1.0"
"dbpedia_1664","dbpedia_1661","1.0"
"dbpedia_1663","dbpedia_1660","0.9938775510204081"
"dbpedia_1782","dbpedia_1781","1.0"
"dbpedia_1661","dbpedia_1662","0.9938775510204081"
"dbpedia_1190","dbpedia_1191","1.0"
"dbpedia_1425","dbpedia_1424","1.0"
"dbpedia_1412","dbpedia_1413","1.0"
"dbpedia_1664","dbpedia_1660","0.9938775510204081"
"dbpedia_1663","dbpedia_1661","1.0"
"dbpedia_1259","dbpedia_1260","1.0"
"dbpedia_1413","dbpedia_1411","1.0"
"dbpedia_1667","dbpedia_1661","1.0"
"dbpedia_1666","dbpedia_1661","0.9938775510204081"
"dbpedia_1192","dbpedia_1191","1.0"
"dbpedia_1665","dbpedia_1660","1.0"
"dbpedia_1780","dbpedia_1781","1.0"
"dbpedia_4370","dbpedia_4379","1.0"
"dbpedia_1793","dbpedia_1794","1.0"
"dbpedia_1412","dbpedia_1411","1.0"
"dbpedia_1667","dbpedia_1660","0.9938775510204081"
"dbpedia_1666","dbpedia_1660","1.0"
"dbpedia_1665","dbpedia_1661","0.9938775510204081"
"dbpedia_4371","dbpedia_4379","0.97"
"dbpedia_4113","dbpedia_4112","1.0"
"dbpedia_4108","dbpedia_4107","1.0"
"dbpedia_4370","dbpedia_4377","1.0"
"dbpedia_4371","dbpedia_4378","0.96"
"dbpedia_4124","dbpedia_4123","1.0"
"dbpedia_4216","dbpedia_4215","1.0"
"dbpedia_4370","dbpedia_4378","0.97"
"dbpedia_4371","dbpedia_4377","0.97"
"dbpedia_4233","dbpedia_4232","1.0"
"dbpedia_4370","dbpedia_4375","0.97"
"dbpedia_4371","dbpedia_4376","0.97"
"dbpedia_4254","dbpedia_4253","1.0"
"dbpedia_4370","dbpedia_4376","1.0"
"dbpedia_4371","dbpedia_4375","0.96"
"dbpedia_4603","dbpedia_4602","0.9911764705882352"
"dbpedia_4607","dbpedia_4606","1.0"
"dbpedia_4254","dbpedia_4251","1.0"
"dbpedia_4254","dbpedia_4252","1.0"
"dbpedia_4382","dbpedia_4383","1.0"
"dbpedia_4381","dbpedia_4383","1.0"
"dbpedia_4607","dbpedia_4608","1.0"
"dbpedia_4606","dbpedia_4608","1.0"
"dbpedia_4382","dbpedia_4381","1.0"
"dbpedia_4121","dbpedia_4120","1.0"
"dbpedia_4380","dbpedia_4383","0.97"
"dbpedia_4252","dbpedia_4251","1.0"
"dbpedia_4253","dbpedia_4252","1.0"
"dbpedia_1908","dbpedia_1907","1.0"
"dbpedia_4382","dbpedia_4380","0.97"
"dbpedia_4381","dbpedia_4380","0.97"
"dbpedia_4253","dbpedia_4251","1.0"
"dbpedia_1767","dbpedia_1765","1.0"
"dbpedia_4470","dbpedia_4471","1.0"
"dbpedia_1766","dbpedia_1765","1.0"
"dbpedia_4366","dbpedia_4362","1.0"
"dbpedia_4470","dbpedia_4472","1.0"
"dbpedia_1178","dbpedia_1180","0.9681818181818181"
"dbpedia_4495","dbpedia_4494","1.0"
"dbpedia_4472","dbpedia_4471","1.0"
"dbpedia_1179","dbpedia_1180","0.9681818181818181"
"dbpedia_1766","dbpedia_1767","1.0"
"dbpedia_1021","dbpedia_1020","1.0"
"dbpedia_4606","dbpedia_4609","1.0"
"dbpedia_4363","dbpedia_4362","1.0"
"dbpedia_1768","dbpedia_1766","1.0"
"dbpedia_4387","dbpedia_4386","1.0"
"dbpedia_1177","dbpedia_1180","1.0"
"dbpedia_1768","dbpedia_1767","1.0"
"dbpedia_4607","dbpedia_4609","1.0"
"dbpedia_4365","dbpedia_4362","1.0"
"dbpedia_4364","dbpedia_4362","1.0"
"dbpedia_1768","dbpedia_1765","1.0"
"dbpedia_4582","dbpedia_4581","0.9892857142857142"
"dbpedia_1179","dbpedia_1178","1.0"
"dbpedia_1139","dbpedia_1138","1.0"
"dbpedia_1638","dbpedia_1639","1.0"
"dbpedia_1179","dbpedia_1177","0.9681818181818181"
"dbpedia_1154","dbpedia_1153","1.0"
"dbpedia_1156","dbpedia_1155","1.0"
"dbpedia_1047","dbpedia_1046","1.0"
"dbpedia_1178","dbpedia_1177","0.9681818181818181"
"dbpedia_1004","dbpedia_1001","1.0"
"dbpedia_4826","dbpedia_4825","1.0"
"dbpedia_1003","dbpedia_1001","1.0"
"dbpedia_1002","dbpedia_1001","1.0"
"dbpedia_4827","dbpedia_4828","1.0"
"dbpedia_4580","dbpedia_4581","0.9710526315789473"
"dbpedia_4804","dbpedia_4803","0.98"
"dbpedia_1636","dbpedia_1635","0.9916666666666666"
"dbpedia_4580","dbpedia_4582","0.9789473684210526"
"dbpedia_1618","dbpedia_1619","1.0"
"dbpedia_1004","dbpedia_1003","1.0"
"dbpedia_4718","dbpedia_4717","1.0"
"dbpedia_4715","dbpedia_4714","1.0"
"dbpedia_1004","dbpedia_1002","1.0"
"dbpedia_1003","dbpedia_1002","1.0"
"dbpedia_1158","dbpedia_1157","1.0"
"dbpedia_4609","dbpedia_4608","1.0"
"dbpedia_4807","dbpedia_4806","1.0"
"dbpedia_1263","dbpedia_1262","1.0"
"dbpedia_1019","dbpedia_1021","1.0"
"dbpedia_1018","dbpedia_1020","1.0"
"dbpedia_1019","dbpedia_1020","1.0"
"dbpedia_1018","dbpedia_1021","1.0"
"dbpedia_4370","dbpedia_4373","1.0"
"dbpedia_4371","dbpedia_4374","0.97"
"dbpedia_4373","dbpedia_4372","1.0"
"dbpedia_4370","dbpedia_4374","1.0"
"dbpedia_4371","dbpedia_4373","0.97"
"dbpedia_4371","dbpedia_4372","0.97"
"dbpedia_4370","dbpedia_4372","1.0"
"dbpedia_4371","dbpedia_4370","0.97"
"dbpedia_4379","dbpedia_4374","1.0"
"dbpedia_4378","dbpedia_4373","0.97"
"dbpedia_1197","dbpedia_1186","1.0"
"dbpedia_1199","dbpedia_1184","1.0"
"dbpedia_1198","dbpedia_1187","1.0"
"dbpedia_4379","dbpedia_4373","1.0"
"dbpedia_4378","dbpedia_4374","0.97"
"dbpedia_1198","dbpedia_1186","1.0"
"dbpedia_1199","dbpedia_1185","1.0"
"dbpedia_1197","dbpedia_1187","1.0"
"dbpedia_4379","dbpedia_4372","1.0"
"dbpedia_1198","dbpedia_1185","1.0"
"dbpedia_1197","dbpedia_1184","1.0"
"dbpedia_1199","dbpedia_1186","1.0"
"dbpedia_4378","dbpedia_4372","0.97"
"dbpedia_1197","dbpedia_1185","1.0"
"dbpedia_1198","dbpedia_1184","1.0"
"dbpedia_1199","dbpedia_1187","1.0"
"dbpedia_4377","dbpedia_4372","1.0"
"dbpedia_4374","dbpedia_4373","1.0"
"dbpedia_4375","dbpedia_4374","0.97"
"dbpedia_1198","dbpedia_1183","1.0"
"dbpedia_1197","dbpedia_1182","1.0"
"dbpedia_4376","dbpedia_4372","1.0"
"dbpedia_4375","dbpedia_4373","0.97"
"dbpedia_1197","dbpedia_1183","1.0"
"dbpedia_1198","dbpedia_1182","1.0"
"dbpedia_4375","dbpedia_4372","0.97"
"dbpedia_4376","dbpedia_4373","1.0"
"dbpedia_4377","dbpedia_4374","1.0"
"dbpedia_1199","dbpedia_1182","1.0"
"dbpedia_4374","dbpedia_4372","1.0"
"dbpedia_4376","dbpedia_4374","1.0"
"dbpedia_4377","dbpedia_4373","1.0"
"dbpedia_1199","dbpedia_1183","1.0"
"dbpedia_1193","dbpedia_1182","1.0"
"dbpedia_1191","dbpedia_1184","1.0"
"dbpedia_1190","dbpedia_1187","1.0"
"dbpedia_1192","dbpedia_1185","1.0"
"dbpedia_1194","dbpedia_1183","1.0"
"dbpedia_1194","dbpedia_1182","1.0"
"dbpedia_1190","dbpedia_1186","1.0"
"dbpedia_1191","dbpedia_1185","1.0"
"dbpedia_1192","dbpedia_1184","1.0"
"dbpedia_1193","dbpedia_1183","1.0"
"dbpedia_1627","dbpedia_1626","0.9909090909090909"
"dbpedia_1195","dbpedia_1182","1.0"
"dbpedia_1196","dbpedia_1183","1.0"
"dbpedia_1190","dbpedia_1185","1.0"
"dbpedia_1191","dbpedia_1186","1.0"
"dbpedia_1192","dbpedia_1187","1.0"
"dbpedia_1019","dbpedia_1018","1.0"
"dbpedia_1190","dbpedia_1184","1.0"
"dbpedia_1191","dbpedia_1187","1.0"
"dbpedia_1196","dbpedia_1182","1.0"
"dbpedia_1192","dbpedia_1186","1.0"
"dbpedia_1195","dbpedia_1183","1.0"
"dbpedia_1187","dbpedia_1188","1.0"
"dbpedia_1196","dbpedia_1185","1.0"
"dbpedia_1190","dbpedia_1183","1.0"
"dbpedia_1194","dbpedia_1187","1.0"
"dbpedia_1193","dbpedia_1186","1.0"
"dbpedia_1195","dbpedia_1184","1.0"
"dbpedia_1189","dbpedia_1188","1.0"
"dbpedia_1196","dbpedia_1184","1.0"
"dbpedia_1187","dbpedia_1189","1.0"
"dbpedia_1190","dbpedia_1182","1.0"
"dbpedia_1141","dbpedia_1140","0.9916666666666666"
"dbpedia_1193","dbpedia_1187","1.0"
"dbpedia_1194","dbpedia_1186","1.0"
"dbpedia_1195","dbpedia_1185","1.0"
"dbpedia_1186","dbpedia_1189","1.0"
"dbpedia_1196","dbpedia_1187","1.0"
"dbpedia_1191","dbpedia_1182","1.0"
"dbpedia_1192","dbpedia_1183","1.0"
"dbpedia_1193","dbpedia_1184","1.0"
"dbpedia_1194","dbpedia_1185","1.0"
"dbpedia_1195","dbpedia_1186","1.0"
"dbpedia_1192","dbpedia_1182","1.0"
"dbpedia_1196","dbpedia_1186","1.0"
"dbpedia_1186","dbpedia_1188","1.0"
"dbpedia_1191","dbpedia_1183","1.0"
"dbpedia_1195","dbpedia_1187","1.0"
"dbpedia_1193","dbpedia_1185","1.0"
"dbpedia_1194","dbpedia_1184","1.0"
"dbpedia_1147","dbpedia_1146","0.9571428571428571"
"dbpedia_4722","dbpedia_4721","1.0"
"dbpedia_4726","dbpedia_4725","1.0"
"dbpedia_1275","dbpedia_1274","1.0"
"dbpedia_1279","dbpedia_1278","1.0"
"dbpedia_3190","dbpedia_3189","1.0"
"dbpedia_3530","dbpedia_3529","1.0"
"dbpedia_3530","dbpedia_3528","1.0"
"dbpedia_3530","dbpedia_3527","1.0"
"dbpedia_3530","dbpedia_3526","1.0"
"dbpedia_2328","dbpedia_2337","1.0"
"dbpedia_2329","dbpedia_2338","1.0"
"dbpedia_2321","dbpedia_2330","1.0"
"dbpedia_2326","dbpedia_2339","1.0"
"dbpedia_2328","dbpedia_2338","1.0"
"dbpedia_2329","dbpedia_2337","1.0"
"dbpedia_2320","dbpedia_2330","1.0"
"dbpedia_2327","dbpedia_2339","1.0"
"dbpedia_2321","dbpedia_2332","1.0"
"dbpedia_2320","dbpedia_2331","1.0"
"dbpedia_2328","dbpedia_2339","1.0"
"dbpedia_2327","dbpedia_2338","1.0"
"dbpedia_2326","dbpedia_2337","1.0"
"dbpedia_2321","dbpedia_2331","1.0"
"dbpedia_2329","dbpedia_2339","1.0"
"dbpedia_2320","dbpedia_2332","1.0"
"dbpedia_2327","dbpedia_2337","1.0"
"dbpedia_2326","dbpedia_2338","1.0"
"dbpedia_2325","dbpedia_2330","1.0"
"dbpedia_2329","dbpedia_2334","1.0"
"dbpedia_2328","dbpedia_2333","1.0"
"dbpedia_2323","dbpedia_2332","1.0"
"dbpedia_2322","dbpedia_2331","1.0"
"dbpedia_2327","dbpedia_2336","1.0"
"dbpedia_2326","dbpedia_2335","1.0"
"dbpedia_2329","dbpedia_2333","1.0"
"dbpedia_2328","dbpedia_2334","1.0"
"dbpedia_2324","dbpedia_2330","1.0"
"dbpedia_2323","dbpedia_2331","1.0"
"dbpedia_2322","dbpedia_2332","1.0"
"dbpedia_2327","dbpedia_2335","1.0"
"dbpedia_2326","dbpedia_2336","1.0"
"dbpedia_2323","dbpedia_2330","1.0"
"dbpedia_2324","dbpedia_2331","1.0"
"dbpedia_2325","dbpedia_2332","1.0"
"dbpedia_2328","dbpedia_2335","1.0"
"dbpedia_2329","dbpedia_2336","1.0"
"dbpedia_2326","dbpedia_2333","1.0"
"dbpedia_2327","dbpedia_2334","1.0"
"dbpedia_2325","dbpedia_2331","1.0"
"dbpedia_2328","dbpedia_2336","1.0"
"dbpedia_2329","dbpedia_2335","1.0"
"dbpedia_2324","dbpedia_2332","1.0"
"dbpedia_2322","dbpedia_2330","1.0"
"dbpedia_2326","dbpedia_2334","1.0"
"dbpedia_2327","dbpedia_2333","1.0"
"dbpedia_2326","dbpedia_2331","1.0"
"dbpedia_2327","dbpedia_2332","1.0"
"dbpedia_2322","dbpedia_2335","1.0"
"dbpedia_4399","dbpedia_4400","1.0"
"dbpedia_2320","dbpedia_2337","1.0"
"dbpedia_2324","dbpedia_2333","1.0"
"dbpedia_2325","dbpedia_2334","1.0"
"dbpedia_2329","dbpedia_2330","1.0"
"dbpedia_2321","dbpedia_2338","1.0"
"dbpedia_2323","dbpedia_2336","1.0"
"dbpedia_4398","dbpedia_4400","1.0"
"dbpedia_2326","dbpedia_2332","1.0"
"dbpedia_2327","dbpedia_2331","1.0"
"dbpedia_2322","dbpedia_2336","1.0"
"dbpedia_2325","dbpedia_2333","1.0"
"dbpedia_2328","dbpedia_2330","1.0"
"dbpedia_2320","dbpedia_2338","1.0"
"dbpedia_2324","dbpedia_2334","1.0"
"dbpedia_2321","dbpedia_2337","1.0"
"dbpedia_2323","dbpedia_2335","1.0"
"dbpedia_2327","dbpedia_2330","1.0"
"dbpedia_2322","dbpedia_2333","1.0"
"dbpedia_2323","dbpedia_2334","1.0"
"dbpedia_2320","dbpedia_2339","1.0"
"dbpedia_2324","dbpedia_2335","1.0"
"dbpedia_2325","dbpedia_2336","1.0"
"dbpedia_2329","dbpedia_2332","1.0"
"dbpedia_2328","dbpedia_2331","1.0"
"dbpedia_2326","dbpedia_2330","1.0"
"dbpedia_2322","dbpedia_2334","1.0"
"dbpedia_2321","dbpedia_2339","1.0"
"dbpedia_2323","dbpedia_2333","1.0"
"dbpedia_2325","dbpedia_2335","1.0"
"dbpedia_2329","dbpedia_2331","1.0"
"dbpedia_2328","dbpedia_2332","1.0"
"dbpedia_2324","dbpedia_2336","1.0"
"dbpedia_2320","dbpedia_2333","1.0"
"dbpedia_2324","dbpedia_2337","1.0"
"dbpedia_2325","dbpedia_2338","1.0"
"dbpedia_2321","dbpedia_2334","1.0"
"dbpedia_2322","dbpedia_2339","1.0"
"dbpedia_2349","dbpedia_2351","1.0"
"dbpedia_2325","dbpedia_2337","1.0"
"dbpedia_2320","dbpedia_2334","1.0"
"dbpedia_2324","dbpedia_2338","1.0"
"dbpedia_2321","dbpedia_2333","1.0"
"dbpedia_2323","dbpedia_2339","1.0"
"dbpedia_2321","dbpedia_2336","1.0"
"dbpedia_2323","dbpedia_2338","1.0"
"dbpedia_2320","dbpedia_2335","1.0"
"dbpedia_2324","dbpedia_2339","1.0"
"dbpedia_2322","dbpedia_2337","1.0"
"dbpedia_2321","dbpedia_2335","1.0"
"dbpedia_2323","dbpedia_2337","1.0"
"dbpedia_2325","dbpedia_2339","1.0"
"dbpedia_2320","dbpedia_2336","1.0"
"dbpedia_2322","dbpedia_2338","1.0"
"dbpedia_2349","dbpedia_2350","1.0"
"dbpedia_3537","dbpedia_3536","1.0"
"dbpedia_3054","dbpedia_3053","1.0"
"dbpedia_3663","dbpedia_3664","0.9863636363636363"
"dbpedia_3290","dbpedia_3291","1.0"
"dbpedia_2468","dbpedia_2470","1.0"
"dbpedia_3773","dbpedia_3772","1.0"
"dbpedia_3050","dbpedia_3051","1.0"
"dbpedia_2469","dbpedia_2470","1.0"
"dbpedia_3667","dbpedia_3666","1.0"
"dbpedia_2350","dbpedia_2351","1.0"
"dbpedia_3164","dbpedia_3163","1.0"
"dbpedia_3184","dbpedia_3185","1.0"
"dbpedia_3032","dbpedia_3031","1.0"
"dbpedia_3056","dbpedia_3055","1.0"
"dbpedia_3161","dbpedia_3162","1.0"
"dbpedia_2352","dbpedia_2353","0.8988095238095238"
"dbpedia_2222","dbpedia_2221","1.0"
"dbpedia_3647","dbpedia_3646","1.0"
"dbpedia_3293","dbpedia_3294","1.0"
"dbpedia_2338","dbpedia_2339","1.0"
"dbpedia_2332","dbpedia_2330","1.0"
"dbpedia_2462","dbpedia_2461","1.0"
"dbpedia_2330","dbpedia_2331","1.0"
"dbpedia_2338","dbpedia_2337","1.0"
"dbpedia_2339","dbpedia_2337","1.0"
"dbpedia_2332","dbpedia_2331","1.0"
"dbpedia_2337","dbpedia_2330","1.0"
"dbpedia_2335","dbpedia_2332","1.0"
"dbpedia_2338","dbpedia_2335","1.0"
"dbpedia_2339","dbpedia_2336","1.0"
"dbpedia_2333","dbpedia_2331","1.0"
"dbpedia_2334","dbpedia_2332","1.0"
"dbpedia_2336","dbpedia_2330","1.0"
"dbpedia_2335","dbpedia_2331","1.0"
"dbpedia_2338","dbpedia_2336","1.0"
"dbpedia_2339","dbpedia_2335","1.0"
"dbpedia_2334","dbpedia_2331","1.0"
"dbpedia_2335","dbpedia_2330","1.0"
"dbpedia_2337","dbpedia_2332","1.0"
"dbpedia_2336","dbpedia_2331","1.0"
"dbpedia_2338","dbpedia_2333","1.0"
"dbpedia_2339","dbpedia_2334","1.0"
"dbpedia_2334","dbpedia_2330","1.0"
"dbpedia_2337","dbpedia_2331","1.0"
"dbpedia_2336","dbpedia_2332","1.0"
"dbpedia_2338","dbpedia_2334","1.0"
"dbpedia_2339","dbpedia_2333","1.0"
"dbpedia_2464","dbpedia_2465","1.0"
"dbpedia_2466","dbpedia_2467","1.0"
"dbpedia_2468","dbpedia_2469","1.0"
"dbpedia_2333","dbpedia_2330","1.0"
"dbpedia_2338","dbpedia_2331","1.0"
"dbpedia_2339","dbpedia_2332","1.0"
"dbpedia_2337","dbpedia_2334","1.0"
"dbpedia_2336","dbpedia_2333","1.0"
"dbpedia_2338","dbpedia_2332","1.0"
"dbpedia_2339","dbpedia_2331","1.0"
"dbpedia_2337","dbpedia_2333","1.0"
"dbpedia_2336","dbpedia_2334","1.0"
"dbpedia_2334","dbpedia_2335","1.0"
"dbpedia_2358","dbpedia_2359","1.0"
"dbpedia_2339","dbpedia_2330","1.0"
"dbpedia_2336","dbpedia_2335","1.0"
"dbpedia_2338","dbpedia_2330","1.0"
"dbpedia_2335","dbpedia_2333","1.0"
"dbpedia_2337","dbpedia_2335","1.0"
"dbpedia_2334","dbpedia_2333","1.0"
"dbpedia_2336","dbpedia_2337","1.0"
"dbpedia_2332","dbpedia_2333","1.0"
"dbpedia_3531","dbpedia_3532","1.0"
"dbpedia_2709","dbpedia_2708","0.9943396226415094"
"dbpedia_2340","dbpedia_2334","1.0"
"dbpedia_2340","dbpedia_2333","1.0"
"dbpedia_2340","dbpedia_2336","1.0"
"dbpedia_2340","dbpedia_2335","1.0"
"dbpedia_2340","dbpedia_2338","1.0"
"dbpedia_2340","dbpedia_2337","1.0"
"dbpedia_350","dbpedia_349","1.0"
"dbpedia_2340","dbpedia_2339","1.0"
"dbpedia_2703","dbpedia_2704","1.0"
"dbpedia_2952","dbpedia_2953","1.0"
"dbpedia_2340","dbpedia_2330","1.0"
"dbpedia_2340","dbpedia_2332","1.0"
"dbpedia_2340","dbpedia_2331","1.0"
"dbpedia_3045","dbpedia_3044","1.0"
"dbpedia_2341","dbpedia_2331","1.0"
"dbpedia_2342","dbpedia_2332","1.0"
"dbpedia_2961","dbpedia_2960","1.0"
"dbpedia_2344","dbpedia_2330","1.0"
"dbpedia_2341","dbpedia_2332","1.0"
"dbpedia_2342","dbpedia_2331","1.0"
"dbpedia_2831","dbpedia_2830","0.9657894736842105"
"dbpedia_2343","dbpedia_2330","1.0"
"dbpedia_3036","dbpedia_3037","1.0"
"dbpedia_2342","dbpedia_2330","1.0"
"dbpedia_2343","dbpedia_2331","1.0"
"dbpedia_2344","dbpedia_2332","1.0"
"dbpedia_2341","dbpedia_2330","1.0"
"dbpedia_2343","dbpedia_2332","1.0"
"dbpedia_2344","dbpedia_2331","1.0"
"dbpedia_2345","dbpedia_2331","1.0"
"dbpedia_2345","dbpedia_2332","1.0"
"dbpedia_3039","dbpedia_3040","1.0"
"dbpedia_2963","dbpedia_2962","1.0"
"dbpedia_2480","dbpedia_2481","1.0"
"dbpedia_2345","dbpedia_2330","1.0"
"dbpedia_2345","dbpedia_2335","1.0"
"dbpedia_2343","dbpedia_2337","1.0"
"dbpedia_2344","dbpedia_2338","1.0"
"dbpedia_2341","dbpedia_2339","1.0"
"dbpedia_2345","dbpedia_2336","1.0"
"dbpedia_2343","dbpedia_2338","1.0"
"dbpedia_2344","dbpedia_2337","1.0"
"dbpedia_2342","dbpedia_2339","1.0"
"dbpedia_2345","dbpedia_2333","1.0"
"dbpedia_2343","dbpedia_2339","1.0"
"dbpedia_2342","dbpedia_2338","1.0"
"dbpedia_2341","dbpedia_2337","1.0"
"dbpedia_2345","dbpedia_2334","1.0"
"dbpedia_2344","dbpedia_2339","1.0"
"dbpedia_2342","dbpedia_2337","1.0"
"dbpedia_2341","dbpedia_2338","1.0"
"dbpedia_2343","dbpedia_2333","1.0"
"dbpedia_2344","dbpedia_2334","1.0"
"dbpedia_2345","dbpedia_2339","1.0"
"dbpedia_2342","dbpedia_2336","1.0"
"dbpedia_2341","dbpedia_2335","1.0"
"dbpedia_2343","dbpedia_2334","1.0"
"dbpedia_2344","dbpedia_2333","1.0"
"dbpedia_2342","dbpedia_2335","1.0"
"dbpedia_2341","dbpedia_2336","1.0"
"dbpedia_2343","dbpedia_2335","1.0"
"dbpedia_2344","dbpedia_2336","1.0"
"dbpedia_2345","dbpedia_2337","1.0"
"dbpedia_2341","dbpedia_2333","1.0"
"dbpedia_2342","dbpedia_2334","1.0"
"dbpedia_2343","dbpedia_2336","1.0"
"dbpedia_2344","dbpedia_2335","1.0"
"dbpedia_2345","dbpedia_2338","1.0"
"dbpedia_2341","dbpedia_2334","1.0"
"dbpedia_2342","dbpedia_2333","1.0"
"dbpedia_3656","dbpedia_3657","0.96875"
"dbpedia_3041","dbpedia_3042","1.0"
"dbpedia_4831","dbpedia_4830","1.0"
"dbpedia_3788","dbpedia_3789","0.9857142857142857"
"dbpedia_4481","dbpedia_4482","1.0"
"dbpedia_3658","dbpedia_3659","1.0"
"dbpedia_1039","dbpedia_1040","1.0"
"dbpedia_2343","dbpedia_2341","1.0"
"dbpedia_2344","dbpedia_2342","1.0"
"dbpedia_2473","dbpedia_2474","1.0"
"dbpedia_2343","dbpedia_2342","1.0"
"dbpedia_2344","dbpedia_2341","1.0"
"dbpedia_2345","dbpedia_2340","1.0"
"dbpedia_3529","dbpedia_3526","1.0"
"dbpedia_3529","dbpedia_3527","1.0"
"dbpedia_2341","dbpedia_2342","1.0"
"dbpedia_2343","dbpedia_2344","1.0"
"dbpedia_2342","dbpedia_2340","1.0"
"dbpedia_4838","dbpedia_4837","0.961111111111111"
"dbpedia_2345","dbpedia_2343","1.0"
"dbpedia_1649","dbpedia_1648","1.0"
"dbpedia_2341","dbpedia_2340","1.0"
"dbpedia_2345","dbpedia_2344","1.0"
"dbpedia_2471","dbpedia_2472","1.0"
"dbpedia_2344","dbpedia_2340","1.0"
"dbpedia_2345","dbpedia_2341","1.0"
"dbpedia_2343","dbpedia_2340","1.0"
"dbpedia_2345","dbpedia_2342","1.0"
"dbpedia_3528","dbpedia_3527","1.0"
"dbpedia_3528","dbpedia_3526","1.0"
"dbpedia_3526","dbpedia_3527","1.0"
"dbpedia_3528","dbpedia_3529","1.0"
