"dbpedia_3319","Forbes443","0.9976570556330451","Pernod Ricard","Pernod Ricard"
"dbpedia_692","Forbes234","0.9976570556330451","Bristol Myers Squibb","Bristol-Myers Squibb"
"dbpedia_4213","Forbes1077","0.9409756769546895","Tata Steel BSL","Tata Steel"
"dbpedia_4212","Forbes1077","0.9976570556330451","Tata Steel","Tata Steel"
"dbpedia_581","Forbes1275","0.9976570556330451","Bed Bath & Beyond","Bed Bath & Beyond"
"dbpedia_289","Forbes9","0.9759289188488915","Apple Inc.","Apple"
"dbpedia_1884","Forbes492","0.9976570556330451","Hana Financial Group","Hana Financial Group"
"dbpedia_4432","Forbes1290","0.9976570556330451","Transocean","Transocean"
"dbpedia_4433","Forbes1290","0.9976570556330451","Transocean","Transocean"
"dbpedia_3611","Forbes735","0.9976570556330451","Ross Stores","Ross Stores"
"dbpedia_4492","Forbes1941","0.90695962832368","U.S. Steel","US Steel"
"dbpedia_1127","Forbes808","0.90695962832368","D. R. Horton","DR Horton"
"dbpedia_2703","Forbes137","0.9976570556330451","Manulife","Manulife"
"dbpedia_2704","Forbes137","0.9976570556330451","Manulife","Manulife"
"dbpedia_3839","Forbes725","0.9976570556330451","Sherwin-Williams","Sherwin-Williams"
"dbpedia_230","Forbes1183","0.9976570556330451","American Water Works","American Water Works"
"dbpedia_2180","Forbes445","0.90695962832368","Intercontinental Exchange","IntercontinentalExchange"
"dbpedia_4140","Forbes960","0.9510161959396083","TUI Group","TUI"
"dbpedia_1171","Forbes1500","0.9976570556330451","Dangote Cement","Dangote Cement"
"dbpedia_1172","Forbes1500","0.9976570556330451","Dangote Cement","Dangote Cement"
"dbpedia_1170","Forbes1500","0.9976570556330451","Dangote Cement","Dangote Cement"
"dbpedia_2057","Forbes312","0.9976570556330451","Hyundai Mobis","Hyundai Mobis"
"dbpedia_2852","Forbes1193","0.9976570556330451","Mitsubishi Motors","Mitsubishi Motors"
"dbpedia_2053","Forbes1451","0.9976570556330451","Hyundai Glovis","Hyundai Glovis"
"dbpedia_3352","Forbes1129","0.9870890241595529","Phoenix Group","Phoenix Group Holdings"
"dbpedia_1850","Forbes699","0.9976570556330451","Guosen Securities","Guosen Securities"
"dbpedia_4219","Forbes2000","0.9976570556330451","Tech Mahindra","Tech Mahindra"
"dbpedia_1818","Forbes652","0.9976570556330451","Great Wall Motor","Great Wall Motor"
"dbpedia_4727","Forbes683","0.9976570556330451","Weyerhaeuser","Weyerhaeuser"
"dbpedia_1819","Forbes652","0.9976570556330451","Great Wall Motor","Great Wall Motor"
"dbpedia_447","Forbes51","0.9510161959396083","BMW","BMW Group"
"dbpedia_446","Forbes51","0.9510161959396083","BMW","BMW Group"
"dbpedia_542","Forbes1004","0.9976570556330451","Bank of East Asia","Bank of East Asia"
"dbpedia_508","Forbes1485","0.9967731884243126","Bank Mizrahi-Tefahot","Mizrahi Tefahot Bank"
"dbpedia_470","Forbes1152","0.9510161959396083","Ball Corporation","Ball"
"dbpedia_1748","Forbes1260","0.9454428114386022","Genting Group","Genting"
"dbpedia_1155","Forbes839","0.9976570556330451","Daiichi Sankyo","Daiichi Sankyo"
"dbpedia_3738","Forbes882","0.9976570556330451","Sandvik","Sandvik"
"dbpedia_1156","Forbes839","0.9976570556330451","Daiichi Sankyo","Daiichi Sankyo"
"dbpedia_226","Forbes97","0.9976570556330451","American Express","American Express"
"dbpedia_72","Forbes1682","0.9976570556330451","AU Optronics","AU Optronics"
"dbpedia_4724","Forbes1583","0.9976570556330451","Westlake Chemical","Westlake Chemical"
"dbpedia_4366","Forbes935","0.9510161959396083","Tokyu Corporation","Tokyu"
"dbpedia_4363","Forbes935","0.9510161959396083","Tokyu Corporation","Tokyu"
"dbpedia_4362","Forbes935","0.9510161959396083","Tokyu Corporation","Tokyu"
"dbpedia_4365","Forbes935","0.9510161959396083","Tokyu Corporation","Tokyu"
"dbpedia_4364","Forbes935","0.9510161959396083","Tokyu Corporation","Tokyu"
"dbpedia_2611","Forbes298","0.9454428114386022","LyondellBasell","LyondellBasell Industries"
"dbpedia_2444","Forbes509","0.9510161959396083","Komatsu Limited","Komatsu"
"dbpedia_397","Forbes1960","0.9596783663806556","Automotive Holdings Group","Group 1 Automotive"
"dbpedia_160","Forbes1927","0.9976570556330451","Aldar Properties","Aldar Properties"
"dbpedia_398","Forbes1960","0.9596783663806556","Automotive Holdings Group","Group 1 Automotive"
"dbpedia_3505","Forbes856","0.9976570556330451","Rakuten","Rakuten"
"dbpedia_1134","Forbes1765","0.9976570556330451","DGB Financial Group","DGB Financial Group"
"dbpedia_3829","Forbes995","0.9976570556330451","Shanghai Pharmaceuticals","Shanghai Pharmaceuticals"
"dbpedia_1251","Forbes77","0.9976570556330451","Deutsche Telekom","Deutsche Telekom"
"dbpedia_2304","Forbes890","0.9976570556330451","Julius Baer Group","Julius Baer Group"
"dbpedia_687","Forbes279","0.9976570556330451","Bridgestone","Bridgestone"
"dbpedia_3366","Forbes16","0.9917815212361658","Ping An Insurance","Ping An Insurance Group"
"dbpedia_4819","Forbes1201","0.9877957240100474","Zijin Mining","Zijin Mining Group"
"dbpedia_981","Forbes551","0.9976570556330451","Citizens Financial Group","Citizens Financial Group"
"dbpedia_1864","Forbes271","0.8809455720236976","HP Inc.","HP"
"dbpedia_1865","Forbes271","0.8809455720236976","HP Inc.","HP"
"dbpedia_3544","Forbes695","0.9976570556330451","Reinsurance Group of America","Reinsurance Group of America"
"dbpedia_110","Forbes1955","0.9976570556330451","Advanced Micro Devices","Advanced Micro Devices"
"dbpedia_4800","Forbes1224","0.9732870564261817","Yum China","Yum China Holdings"
"dbpedia_221","Forbes1377","0.9976570556330451","Amcor","Amcor"
"dbpedia_1404","Forbes1135","0.976693810729561","Electrolux","Electrolux Group"
"dbpedia_420","Forbes27","0.9510161959396083","Axa","AXA Group"
"dbpedia_356","Forbes1963","0.9976570556330451","Associated Banc-Corp","Associated Banc-Corp"
"dbpedia_2123","Forbes1327","0.978203134636978","Illumina, Inc.","Illumina"
"dbpedia_4717","Forbes661","0.955521026193766","West Japan Railway Company","West Japan Railway"
"dbpedia_4718","Forbes661","0.955521026193766","West Japan Railway Company","West Japan Railway"
"dbpedia_4258","Forbes148","0.9510161959396083","Tencent","Tencent Holdings"
"dbpedia_2614","Forbes497","0.9938758654698034","M&T Bank","M&T Bank"
"dbpedia_4259","Forbes148","0.9510161959396083","Tencent","Tencent Holdings"
"dbpedia_3987","Forbes421","0.9880951942643251","Standard Bank","Standard Bank Group"
"dbpedia_4257","Forbes148","0.9510161959396083","Tencent","Tencent Holdings"
"dbpedia_919","Forbes1432","0.9444447083140093","China Merchants Bank","China Merchants Holdings"
"dbpedia_4260","Forbes148","0.9510161959396083","Tencent","Tencent Holdings"
"dbpedia_4267","Forbes1559","0.9976570556330451","Terumo","Terumo"
"dbpedia_4266","Forbes1559","0.9976570556330451","Terumo","Terumo"
"dbpedia_2852","Forbes478","0.9754917889833055","Mitsubishi Motors","Mitsubishi"
"dbpedia_3470","Forbes170","0.9976570556330451","Qualcomm","Qualcomm"
"dbpedia_732","Forbes974","0.9976570556330451","CBRE Group","CBRE Group"
"dbpedia_1022","Forbes1430","0.9976570556330451","Coloplast","Coloplast"
"dbpedia_3438","Forbes731","0.9976570556330451","Prologis","Prologis"
"dbpedia_3725","Forbes697","0.9803585369007873","Samsung C&T Corporation","Samsung C&T"
"dbpedia_3854","Forbes1458","0.9976570556330451","Shiseido","Shiseido"
"dbpedia_4622","Forbes162","0.9773255984671565","Vinci SA","VINCI"
"dbpedia_4576","Forbes211","0.9976570556330451","Valero Energy","Valero Energy"
"dbpedia_2487","Forbes574","0.9976570556330451","LG Chem","LG Chem"
"dbpedia_3102","Forbes297","0.9976570556330451","Northrop Grumman","Northrop Grumman"
"dbpedia_3837","Forbes1684","0.9976570556330451","Shaw Communications","Shaw Communications"
"dbpedia_2230","Forbes711","0.9510161959396083","Isuzu","Isuzu Motors"
"dbpedia_3398","Forbes1821","0.9773277902777903","Popular, Inc.","Popular"
"dbpedia_937","Forbes329","0.9976570556330451","China Resources Land","China Resources Land"
"dbpedia_3397","Forbes1821","0.9773277902777903","Popular, Inc.","Popular"
"dbpedia_3760","Forbes432","0.9229132003002293","Saudi Electricity Company","Saudi Electricity"
"dbpedia_2859","Forbes1382","0.90695962832368","Mitsui O.S.K. Lines","Mitsui OSK Lines"
"dbpedia_1143","Forbes1311","0.9976570556330451","DXC Technology","Dxc Technology"
"dbpedia_4301","Forbes917","0.9871534776222408","The Swatch Group","Swatch Group"
"dbpedia_2041","Forbes749","0.9976570556330451","Husky Energy","Husky Energy"
"dbpedia_437","Forbes296","0.9510161959396083","BCE Inc.","BCE"
"dbpedia_438","Forbes296","0.9510161959396083","BCE Inc.","BCE"
"dbpedia_4402","Forbes817","0.9976570556330451","Toshiba","Toshiba"
"dbpedia_4539","Forbes1833","0.9702994414039435","United Aircraft Corporation","United Aircraft"
"dbpedia_792","Forbes193","0.8830491898907514","Canadian Imperial Bank of Commerce","Canadian Imperial Bank"
"dbpedia_3176","Forbes1395","0.9976570556330451","Omron","OMRON"
"dbpedia_4630","Forbes173","0.9455623103857275","Visa Inc.","Visa"
"dbpedia_3852","Forbes1219","0.9976570556330451","Shionogi","Shionogi"
"dbpedia_3853","Forbes1219","0.9976570556330451","Shionogi","Shionogi"
"dbpedia_3791","Forbes832","0.9976570556330451","Secom","Secom"
"dbpedia_1464","Forbes1376","0.9976570556330451","Essex Property Trust","Essex Property Trust"
"dbpedia_3555","Forbes1787","0.9976570556330451","Remgro","Remgro"
"dbpedia_435","Forbes296","0.9510161959396083","BCE Inc.","BCE"
"dbpedia_1144","Forbes662","0.9761855021908279","DaVita Inc.","DaVita"
"dbpedia_436","Forbes296","0.9510161959396083","BCE Inc.","BCE"
"dbpedia_3674","Forbes1658","0.9976570556330451","SL Green Realty","SL Green Realty"
"dbpedia_3160","Forbes246","0.9658990819438091","Oil and Natural Gas Corporation","Oil & Natural Gas"
"dbpedia_1978","Forbes1885","0.9620714886937607","Hokkaido Electric Power Company","Hokkaido Electric Power"
"dbpedia_1979","Forbes1885","0.9620714886937607","Hokkaido Electric Power Company","Hokkaido Electric Power"
"dbpedia_2541","Forbes690","0.9510161959396083","Lenovo","Lenovo Group"
"dbpedia_2540","Forbes690","0.9510161959396083","Lenovo","Lenovo Group"
"dbpedia_1049","Forbes519","0.9976570556330451","ConocoPhillips","ConocoPhillips"
"dbpedia_1303","Forbes1289","0.9510161959396083","Doosan Group","Doosan"
"dbpedia_2464","Forbes526","0.9976570556330451","Kubota","Kubota"
"dbpedia_4160","Forbes1483","0.9976570556330451","Taishin Financial Holdings","Taishin Financial Holdings"
"dbpedia_4161","Forbes1483","0.9976570556330451","Taishin Financial Holdings","Taishin Financial Holdings"
"dbpedia_2465","Forbes526","0.9976570556330451","Kubota","Kubota"
"dbpedia_3291","Forbes381","0.9976570556330451","PayPal","PayPal"
"dbpedia_2539","Forbes690","0.9510161959396083","Lenovo","Lenovo Group"
"dbpedia_3290","Forbes381","0.9976570556330451","PayPal","PayPal"
"dbpedia_2538","Forbes690","0.9510161959396083","Lenovo","Lenovo Group"
"dbpedia_1988","Forbes1885","0.9620714886937607","Hokkaido Electric Power Company","Hokkaido Electric Power"
"dbpedia_1989","Forbes1885","0.9620714886937607","Hokkaido Electric Power Company","Hokkaido Electric Power"
"dbpedia_3171","Forbes1153","0.9510161959396083","Olympus Corporation","Olympus"
"dbpedia_1286","Forbes590","0.9976570556330451","Dollar Tree","Dollar Tree"
"dbpedia_1768","Forbes1966","0.9976570556330451","Global Payments","Global Payments"
"dbpedia_1765","Forbes1966","0.9976570556330451","Global Payments","Global Payments"
"dbpedia_1238","Forbes233","0.9976570556330451","Denso","Denso"
"dbpedia_1767","Forbes1966","0.9976570556330451","Global Payments","Global Payments"
"dbpedia_3886","Forbes530","0.9976570556330451","Simon Property Group","Simon Property Group"
"dbpedia_1766","Forbes1966","0.9976570556330451","Global Payments","Global Payments"
"dbpedia_1322","Forbes154","0.9976570556330451","Duke Energy","Duke Energy"
"dbpedia_1984","Forbes1885","0.9620714886937607","Hokkaido Electric Power Company","Hokkaido Electric Power"
"dbpedia_3612","Forbes778","0.9976570556330451","Rosseti","ROSSETI"
"dbpedia_1985","Forbes1885","0.9620714886937607","Hokkaido Electric Power Company","Hokkaido Electric Power"
"dbpedia_1986","Forbes1885","0.9620714886937607","Hokkaido Electric Power Company","Hokkaido Electric Power"
"dbpedia_1987","Forbes1885","0.9620714886937607","Hokkaido Electric Power Company","Hokkaido Electric Power"
"dbpedia_1980","Forbes1885","0.9620714886937607","Hokkaido Electric Power Company","Hokkaido Electric Power"
"dbpedia_1981","Forbes1885","0.9620714886937607","Hokkaido Electric Power Company","Hokkaido Electric Power"
"dbpedia_1982","Forbes1885","0.9620714886937607","Hokkaido Electric Power Company","Hokkaido Electric Power"
"dbpedia_1983","Forbes1885","0.9620714886937607","Hokkaido Electric Power Company","Hokkaido Electric Power"
"dbpedia_3450","Forbes966","0.9976570556330451","Public Storage","Public Storage"
"dbpedia_1098","Forbes761","0.9976570556330451","Credicorp","Credicorp"
"dbpedia_3943","Forbes449","0.9976570556330451","Sony","Sony"
"dbpedia_2226","Forbes1673","0.9976570556330451","Israel Discount Bank","Israel Discount Bank"
"dbpedia_3942","Forbes449","0.9976570556330451","Sony","Sony"
"dbpedia_3945","Forbes449","0.9976570556330451","Sony","Sony"
"dbpedia_3944","Forbes449","0.9976570556330451","Sony","Sony"
"dbpedia_3793","Forbes1770","0.9354353948667536","Securitas AB","Securitas"
"dbpedia_2199","Forbes1834","0.9976570556330451","Inventec","Inventec"
"dbpedia_2850","Forbes1165","0.9976570556330451","Mitsubishi Materials","Mitsubishi Materials"
"dbpedia_2851","Forbes1165","0.9976570556330451","Mitsubishi Materials","Mitsubishi Materials"
"dbpedia_4487","Forbes351","0.9976570556330451","Tyson Foods","Tyson Foods"
"dbpedia_2906","Forbes1953","0.9976570556330451","Motherson Sumi Systems","Motherson Sumi Systems"
"dbpedia_764","Forbes985","0.9976570556330451","CP All","CP All"
"dbpedia_2369","Forbes881","0.9976570556330451","Kajima","Kajima"
"dbpedia_4207","Forbes377","0.9976570556330451","Tata Consultancy Services","Tata Consultancy Services"
"dbpedia_2731","Forbes379","0.9976570556330451","Mastercard","Mastercard"
"dbpedia_2732","Forbes379","0.9976570556330451","Mastercard","Mastercard"
"dbpedia_921","Forbes1432","0.9444447083140093","China Merchants Bank","China Merchants Holdings"
"dbpedia_922","Forbes1432","0.9444447083140093","China Merchants Bank","China Merchants Holdings"
"dbpedia_392","Forbes1288","0.9976570556330451","AutoNation","AutoNation"
"dbpedia_3503","Forbes1556","0.9976570556330451","Rajesh Exports","Rajesh Exports"
"dbpedia_920","Forbes1432","0.9444447083140093","China Merchants Bank","China Merchants Holdings"
"dbpedia_2371","Forbes881","0.9976570556330451","Kajima","Kajima"
"dbpedia_2372","Forbes881","0.9976570556330451","Kajima","Kajima"
"dbpedia_1907","Forbes1685","0.9976570556330451","Haseko","Haseko"
"dbpedia_3919","Forbes1264","0.9976570556330451","Sojitz","Sojitz"
"dbpedia_1908","Forbes1685","0.9976570556330451","Haseko","Haseko"
"dbpedia_2370","Forbes881","0.9976570556330451","Kajima","Kajima"
"dbpedia_896","Forbes1978","0.94784831501419","Chicago Bridge & Iron Company","Chicago Bridge & Iron"
"dbpedia_4008","Forbes456","0.9976570556330451","Steinhoff International","Steinhoff International"
"dbpedia_390","Forbes1288","0.9976570556330451","AutoNation","AutoNation"
"dbpedia_391","Forbes1288","0.9976570556330451","AutoNation","AutoNation"
"dbpedia_1157","Forbes434","0.9510161959396083","Daikin","Daikin Industries"
"dbpedia_4052","Forbes413","0.9911750837678811","Sumitomo Mitsui Trust Holdings","Sumitomo Mitsui Trust"
"dbpedia_1158","Forbes434","0.9510161959396083","Daikin","Daikin Industries"
"dbpedia_389","Forbes1288","0.9976570556330451","AutoNation","AutoNation"
"dbpedia_4570","Forbes646","0.9976570556330451","VMware","VMware"
"dbpedia_1033","Forbes1253","0.9976570556330451","Community Health Systems","Community Health Systems"
"dbpedia_768","Forbes806","0.9510161959396083","CSL Limited","CSL"
"dbpedia_3406","Forbes1926","0.9732870564261817","Pou Chen Corporation","Pou Chen"
"dbpedia_1329","Forbes1446","0.9976570556330451","E-mart","E-mart"
"dbpedia_4807","Forbes1053","0.9976570556330451","ZTE","ZTE"
"dbpedia_4806","Forbes1053","0.9976570556330451","ZTE","ZTE"
"dbpedia_303","Forbes970","0.9976570556330451","Arch Capital Group","Arch Capital Group"
"dbpedia_360","Forbes528","0.9976570556330451","Astellas Pharma","Astellas Pharma"
"dbpedia_4165","Forbes1252","0.9754401064766578","Taiwan Cooperative Bank","Taiwan Cooperative Financial"
"dbpedia_2416","Forbes337","0.9510161959396083","Kia","KIA Motors"
"dbpedia_4166","Forbes1252","0.9754401064766578","Taiwan Cooperative Bank","Taiwan Cooperative Financial"
"dbpedia_2277","Forbes1090","0.9976570556330451","Japan Exchange Group","Japan Exchange Group"
"dbpedia_2276","Forbes1090","0.9976570556330451","Japan Exchange Group","Japan Exchange Group"
"dbpedia_893","Forbes1822","0.9976570556330451","Chesapeake Energy","Chesapeake Energy"
"dbpedia_3645","Forbes178","0.9976570556330451","SAP","SAP"
"dbpedia_3729","Forbes253","0.9976570556330451","Samsung Life Insurance","Samsung Life Insurance"
"dbpedia_1505","Forbes1879","0.9976570556330451","Extra Space Storage","Extra Space Storage"
"dbpedia_3679","Forbes1084","0.9510161959396083","SMC Corporation","SMC"
"dbpedia_812","Forbes281","0.9976570556330451","Cardinal Health","Cardinal Health"
"dbpedia_4424","Forbes764","0.9976570556330451","Toyota Tsusho","Toyota Tsusho"
"dbpedia_227","Forbes403","0.9443373943178482","American Financial Group","American International Group"
"dbpedia_1615","Forbes851","0.9893088850624179","Formosa Plastics Corp","Formosa Plastics"
"dbpedia_723","Forbes1060","0.9976570556330451","C. H. Robinson","C.H. Robinson"
"dbpedia_1946","Forbes171","0.9976570556330451","Hewlett Packard Enterprise","Hewlett Packard Enterprise"
"dbpedia_4269","Forbes485","0.9011623893537043","Teva Pharmaceuticals","Teva Pharmaceutical"
"dbpedia_1990","Forbes1885","0.9620714886937607","Hokkaido Electric Power Company","Hokkaido Electric Power"
"dbpedia_1991","Forbes1885","0.9620714886937607","Hokkaido Electric Power Company","Hokkaido Electric Power"
"dbpedia_2878","Forbes654","0.8560494817161173","Molson Coors","Molson Coors Brewing"
"dbpedia_2877","Forbes654","0.8560494817161173","Molson Coors","Molson Coors Brewing"
"dbpedia_2876","Forbes654","0.8560494817161173","Molson Coors","Molson Coors Brewing"
"dbpedia_2450","Forbes138","0.9904106005836871","Korea Electric Power Corporation","Korea Electric Power"
"dbpedia_2451","Forbes138","0.9904106005836871","Korea Electric Power Corporation","Korea Electric Power"
"dbpedia_1992","Forbes1885","0.9620714886937607","Hokkaido Electric Power Company","Hokkaido Electric Power"
"dbpedia_1993","Forbes1885","0.9620714886937607","Hokkaido Electric Power Company","Hokkaido Electric Power"
"dbpedia_1994","Forbes1885","0.9620714886937607","Hokkaido Electric Power Company","Hokkaido Electric Power"
"dbpedia_1995","Forbes1885","0.9620714886937607","Hokkaido Electric Power Company","Hokkaido Electric Power"
"dbpedia_2476","Forbes1010","0.9976570556330451","Kuwait Finance House","Kuwait Finance House"
"dbpedia_4404","Forbes1655","0.9976570556330451","Tosoh","Tosoh"
"dbpedia_4403","Forbes1655","0.9976570556330451","Tosoh","Tosoh"
"dbpedia_222","Forbes857","0.9976570556330451","Ameren","Ameren"
"dbpedia_912","Forbes150","0.9752567530271903","China Everbright Limited","China Everbright Bank"
"dbpedia_199","Forbes24","0.978203134636978","Alphabet Inc.","Alphabet"
"dbpedia_3313","Forbes84","0.9976570556330451","PepsiCo","PepsiCo"
"dbpedia_1278","Forbes393","0.9976570556330451","Dish Network","DISH Network"
"dbpedia_1279","Forbes393","0.9976570556330451","Dish Network","DISH Network"
"dbpedia_907","Forbes135","0.9510161959396083","China Construction Bank","China Communications Construction"
"dbpedia_2401","Forbes675","0.9559801512495631","Kellogg's","Kellogg"
"dbpedia_2956","Forbes1611","0.9510161959396083","NVR, Inc.","NVR"
"dbpedia_909","Forbes135","0.9510161959396083","China Construction Bank","China Communications Construction"
"dbpedia_2936","Forbes1852","0.9976570556330451","NH Investment & Securities","NH Investment & Securities"
"dbpedia_908","Forbes135","0.9510161959396083","China Construction Bank","China Communications Construction"
"dbpedia_2150","Forbes63","0.9057016528382981","Industrial Bank (China)","Industrial Bank"
"dbpedia_786","Forbes1079","0.8759606849979479","Campbell Soup Company","Campbell Soup"
"dbpedia_2047","Forbes1088","0.9976570556330451","Hydro One","Hydro One"
"dbpedia_295","Forbes1307","0.9976570556330451","Arab Bank","Arab Bank"
"dbpedia_2049","Forbes1088","0.9976570556330451","Hydro One","Hydro One"
"dbpedia_1052","Forbes595","0.9976570556330451","Constellation Brands","Constellation Brands"
"dbpedia_2048","Forbes1088","0.9976570556330451","Hydro One","Hydro One"
"dbpedia_2152","Forbes1198","0.9976570556330451","Industries Qatar","Industries Qatar"
"dbpedia_4660","Forbes969","0.9976570556330451","Voya Financial","Voya Financial"
"dbpedia_152","Forbes515","0.9976570556330451","Al-Rajhi Bank","Al Rajhi Bank"
"dbpedia_3824","Forbes1022","0.9976570556330451","Severstal","Severstal"
"dbpedia_2975","Forbes560","0.9976570556330451","National Bank of Canada","National Bank of Canada"
"dbpedia_3851","Forbes1232","0.9976570556330451","Shinsei Bank","Shinsei Bank"
"dbpedia_910","Forbes135","0.9510161959396083","China Construction Bank","China Communications Construction"
"dbpedia_2847","Forbes435","0.9879933922889838","Mitsubishi Chemical Holdings","Mitsubishi Chemical"
"dbpedia_4224","Forbes1677","0.9976570556330451","Techtronic Industries","Techtronic Industries"
"dbpedia_2441","Forbes1019","0.9976570556330451","Kohl's","Kohl's"
"dbpedia_120","Forbes1468","0.9867938083709744","Agile Property","Agile Property Holdings"
"dbpedia_2173","Forbes54","0.9976570556330451","Intel","Intel"
"dbpedia_3680","Forbes1084","0.9510161959396083","SMC Corporation","SMC"
"dbpedia_3911","Forbes1694","0.9455623103857275","Snap Inc.","Snap"
"dbpedia_3185","Forbes1595","0.9976570556330451","Ono Pharmaceutical","ONO Pharmaceutical"
"dbpedia_3184","Forbes1595","0.9976570556330451","Ono Pharmaceutical","ONO Pharmaceutical"
"dbpedia_704","Forbes1977","0.9976570556330451","Brother Industries","Brother Industries"
"dbpedia_2246","Forbes819","0.9976570556330451","JFE Holdings","JFE Holdings"
"dbpedia_2247","Forbes819","0.9976570556330451","JFE Holdings","JFE Holdings"
"dbpedia_1350","Forbes1693","0.9976570556330451","EQT","EQT"
"dbpedia_400","Forbes893","0.9976570556330451","AvalonBay Communities","Avalonbay Communities"
"dbpedia_3894","Forbes331","0.9976570556330451","Singtel","SingTel"
"dbpedia_649","Forbes73","0.9976570556330451","Boeing","Boeing"
"dbpedia_3649","Forbes1954","0.9976570556330451","SBA Communications","SBA Communications"
"dbpedia_2490","Forbes811","0.9976570556330451","LG Electronics","LG Electronics"
"dbpedia_2021","Forbes1073","0.9976570556330451","Host Hotels & Resorts","Host Hotels & Resorts"
"dbpedia_4059","Forbes239","0.9976570556330451","Sun Life Financial","Sun Life Financial"
"dbpedia_4065","Forbes487","0.9976570556330451","Suncor Energy","Suncor Energy"
"dbpedia_3636","Forbes815","0.9976570556330451","S&P Global","S&P Global"
"dbpedia_3018","Forbes1221","0.9922819654748825","New York Community Bank","New York Community"
"dbpedia_3407","Forbes1003","0.9976570556330451","Power Assets Holdings","Power Assets Holdings"
"dbpedia_1489","Forbes614","0.9976570556330451","Eversource Energy","Eversource Energy"
"dbpedia_2177","Forbes1166","0.9892458113466628","Interactive Brokers","Interactive Brokers Group"
"dbpedia_3408","Forbes358","0.9843926735540958","Power Corporation of Canada","Power Corp of Canada"
"dbpedia_853","Forbes1132","0.9976570556330451","Cenovus Energy","Cenovus Energy"
"dbpedia_4360","Forbes865","0.9976570556330451","Tokyo Gas","Tokyo Gas"
"dbpedia_880","Forbes1149","0.9976570556330451","Charoen Pokphand Foods","Charoen Pokphand Foods"
"dbpedia_503","Forbes1028","0.9976570556330451","Bank Leumi","Bank Leumi"
"dbpedia_3369","Forbes1306","0.9976570556330451","Pioneer Natural Resources","Pioneer Natural Resources"
"dbpedia_793","Forbes783","0.9976570556330451","Canadian Natural Resources","Canadian Natural Resources"
"dbpedia_4779","Forbes1574","0.9976570556330451","Yamada Denki","Yamada Denki"
"dbpedia_1585","Forbes1875","0.9976570556330451","First Quantum Minerals","First Quantum Minerals"
"dbpedia_1253","Forbes888","0.9976570556330451","Devon Energy","Devon Energy"
"dbpedia_2167","Forbes1169","0.9976570556330451","Intact Financial","Intact Financial"
"dbpedia_763","Forbes1281","0.9234851638335186","COSCO Shipping Ports","Cosco Shipping"
"dbpedia_1369","Forbes505","0.9976570556330451","Ecolab","Ecolab"
"dbpedia_2767","Forbes991","0.9976570556330451","MediaTek","Mediatek"
"dbpedia_762","Forbes1281","0.9732870564261817","COSCO Shipping International","Cosco Shipping"
"dbpedia_227","Forbes843","0.9976570556330451","American Financial Group","American Financial Group"
"dbpedia_1402","Forbes1348","0.9684500733971052","Electric Power Development Company","Electric Power Development"
"dbpedia_4225","Forbes754","0.9976570556330451","Teck Resources","Teck Resources"
"dbpedia_3599","Forbes668","0.9976570556330451","Rogers Communications","Rogers Communications"
"dbpedia_2013","Forbes136","0.9510161959396083","Honeywell","Honeywell International"
"dbpedia_2710","Forbes976","0.9510161959396083","Markel Corporation","Markel"
"dbpedia_960","Forbes1001","0.9976570556330451","Cincinnati Financial","Cincinnati Financial"
"dbpedia_3801","Forbes617","0.9976570556330451","Sekisui House","Sekisui House"
"dbpedia_3119","Forbes657","0.9976570556330451","Nucor","Nucor"
"dbpedia_3453","Forbes1284","0.9976570556330451","PulteGroup","PulteGroup"
"dbpedia_1617","Forbes664","0.9976570556330451","Fortescue Metals Group","Fortescue Metals Group"
"dbpedia_2606","Forbes1717","0.9510161959396083","Lupin Limited","Lupin"
"dbpedia_2088","Forbes1488","0.9510161959396083","IHI Corporation","IHI"
"dbpedia_1628","Forbes448","0.9976570556330451","Fosun International","Fosun International"
"dbpedia_769","Forbes354","0.9510161959396083","CSX Corporation","CSX"
"dbpedia_3774","Forbes250","0.9976570556330451","Schneider Electric","Schneider Electric"
"dbpedia_1799","Forbes1444","0.9976570556330451","Goodman Group","Goodman Group"
"dbpedia_1028","Forbes1967","0.9976570556330451","Commerce Bancshares","Commerce Bancshares"
"dbpedia_4496","Forbes1850","0.9976570556330451","UCO Bank","UCO Bank"
"dbpedia_3656","Forbes385","0.9510161959396083","SEB Group","SEB"
"dbpedia_3425","Forbes341","0.9976570556330451","Principal Financial Group","Principal Financial Group"
"dbpedia_1287","Forbes1961","0.9976570556330451","Dollarama","Dollarama"
"dbpedia_4821","Forbes1047","0.9976570556330451","Zoetis","Zoetis"
"dbpedia_3256","Forbes1676","0.9976570556330451","PacWest Bancorp","PacWest Bancorp"
"dbpedia_3657","Forbes385","0.9510161959396083","SEB Group","SEB"
"dbpedia_2012","Forbes136","0.9510161959396083","Honeywell","Honeywell International"
"dbpedia_153","Forbes1858","0.9976570556330451","Alawwal Bank","Alawwal Bank"
"dbpedia_632","Forbes205","0.9976570556330451","BlackRock","BlackRock"
"dbpedia_1842","Forbes1373","0.9976570556330451","Gudang Garam","Gudang Garam"
"dbpedia_3463","Forbes1229","0.9976570556330451","Qatar Islamic Bank","Qatar Islamic Bank"
"dbpedia_4781","Forbes1574","0.9976570556330451","Yamada Denki","Yamada Denki"
"dbpedia_2977","Forbes758","0.9976570556330451","National Bank of Kuwait","National Bank of Kuwait"
"dbpedia_4780","Forbes1574","0.9976570556330451","Yamada Denki","Yamada Denki"
"dbpedia_672","Forbes454","0.9976570556330451","Bouygues","Bouygues"
"dbpedia_2672","Forbes814","0.9976570556330451","Magnit","Magnit"
"dbpedia_2853","Forbes1533","0.9976570556330451","Mitsui Chemicals","Mitsui Chemicals"
"dbpedia_2854","Forbes1533","0.9976570556330451","Mitsui Chemicals","Mitsui Chemicals"
"dbpedia_4477","Forbes1641","0.9976570556330451","Tsinghua Tongfang","Tsinghua Tongfang"
"dbpedia_4436","Forbes1427","0.976693810729561","Transurban","Transurban Group"
"dbpedia_4437","Forbes1427","0.8639741418821377","Transurban S.A.","Transurban Group"
"dbpedia_3672","Forbes1282","0.9510161959396083","SKF","SKF Group"
"dbpedia_2074","Forbes310","0.9976570556330451","ICICI Bank","ICICI Bank"
"dbpedia_859","Forbes262","0.9654331707219189","Central Japan Railway Company","Central Japan Railway"
"dbpedia_3542","Forbes546","0.9868871519101705","Regions Financial Corporation","Regions Financial"
"dbpedia_3773","Forbes771","0.9976570556330451","Scentre Group","Scentre Group"
"dbpedia_2492","Forbes1551","0.9976570556330451","LG Uplus","LG Uplus"
"dbpedia_2035","Forbes438","0.9976570556330451","Humana","Humana"
"dbpedia_3772","Forbes771","0.9976570556330451","Scentre Group","Scentre Group"
"dbpedia_3111","Forbes1009","0.9976570556330451","Novolipetsk Steel","Novolipetsk Steel"
"dbpedia_890","Forbes1466","0.9976570556330451","Cheniere Energy","Cheniere Energy"
"dbpedia_180","Forbes1845","0.9976570556330451","Allahabad Bank","Allahabad Bank"
"dbpedia_94","Forbes692","0.9976570556330451","Activision Blizzard","Activision Blizzard"
"dbpedia_879","Forbes303","0.9732870564261817","Charles Schwab Corporation","Charles Schwab"
"dbpedia_4056","Forbes1891","0.9870120202325952","Sumitomo Rubber Industries","Sumitomo Rubber"
"dbpedia_4055","Forbes1891","0.9870120202325952","Sumitomo Rubber Industries","Sumitomo Rubber"
"dbpedia_4272","Forbes707","0.9976570556330451","Textron","Textron"
"dbpedia_2786","Forbes931","0.8758380361733414","Mercantil Servicios Financieros","Mercantil Servicios"
"dbpedia_4653","Forbes29","0.9976570556330451","Volkswagen Group","Volkswagen Group"
"dbpedia_759","Forbes1598","0.9976570556330451","CNO Financial Group","CNO Financial Group"
"dbpedia_2106","Forbes797","0.9510161959396083","ITC Limited","ITC"
"dbpedia_1793","Forbes49","0.9880951942643251","Goldman Sachs","Goldman Sachs Group"
"dbpedia_1794","Forbes49","0.9880951942643251","Goldman Sachs","Goldman Sachs Group"
"dbpedia_4422","Forbes10","0.9510161959396083","Toyota","Toyota Motor"
"dbpedia_1181","Forbes767","0.8759606849979479","Daqin Railway (company)","Daqin Railway"
"dbpedia_3244","Forbes480","0.9510161959396083","PPL Corporation","PPL"
"dbpedia_4209","Forbes290","0.9976570556330451","Tata Motors","Tata Motors"
"dbpedia_1165","Forbes705","0.9887755506973886","Daiwa Securities Group","Daiwa Securities"
"dbpedia_4655","Forbes275","0.9510161959396083","Volvo","Volvo Group"
"dbpedia_3579","Forbes1202","0.9976570556330451","Ricoh","Ricoh"
"dbpedia_1735","Forbes231","0.9976570556330451","General Dynamics","General Dynamics"
"dbpedia_3182","Forbes1058","0.9976570556330451","Oneok","Oneok"
"dbpedia_460","Forbes390","0.9976570556330451","Baidu","Baidu"
"dbpedia_736","Forbes459","0.9510161959396083","CBS Corporation","CBS"
"dbpedia_4608","Forbes1302","0.9976570556330451","Vicinity Centres","Vicinity Centres"
"dbpedia_735","Forbes459","0.9510161959396083","CBS Corporation","CBS"
"dbpedia_4609","Forbes1302","0.9976570556330451","Vicinity Centres","Vicinity Centres"
"dbpedia_734","Forbes459","0.9510161959396083","CBS Corporation","CBS"
"dbpedia_733","Forbes459","0.9510161959396083","CBS Corporation","CBS"
"dbpedia_3586","Forbes1429","0.9976570556330451","Rite Aid","Rite Aid"
"dbpedia_4159","Forbes880","0.9510161959396083","Taisei Corporation","Taisei"
"dbpedia_1250","Forbes196","0.9976570556330451","Deutsche Post","Deutsche Post"
"dbpedia_876","Forbes1416","0.9976570556330451","Chang Hwa Bank","Chang Hwa Bank"
"dbpedia_877","Forbes1416","0.9976570556330451","Chang Hwa Bank","Chang Hwa Bank"
"dbpedia_974","Forbes1321","0.9976570556330451","Cintas","Cintas"
"dbpedia_3061","Forbes1831","0.9976570556330451","Nippon Paper Industries","Nippon Paper Industries"
"dbpedia_432","Forbes1035","0.9976570556330451","BBMG","BBMG"
"dbpedia_4168","Forbes1528","0.9976570556330451","Taiwan Mobile","Taiwan Mobile"
"dbpedia_4274","Forbes1631","0.9686462464198508","The 77 Bank","77 Bank"
"dbpedia_971","Forbes1321","0.9976570556330451","Cintas","Cintas"
"dbpedia_3062","Forbes1831","0.9976570556330451","Nippon Paper Industries","Nippon Paper Industries"
"dbpedia_973","Forbes1321","0.9976570556330451","Cintas","Cintas"
"dbpedia_972","Forbes1321","0.9976570556330451","Cintas","Cintas"
"dbpedia_4396","Forbes605","0.9976570556330451","Toray Industries","Toray Industries"
"dbpedia_4395","Forbes605","0.9976570556330451","Toray Industries","Toray Industries"
"dbpedia_4606","Forbes1302","0.9976570556330451","Vicinity Centres","Vicinity Centres"
"dbpedia_4607","Forbes1302","0.9976570556330451","Vicinity Centres","Vicinity Centres"
"dbpedia_3272","Forbes222","0.9976570556330451","Panasonic","Panasonic"
"dbpedia_324","Forbes1362","0.9930921603721885","Arthur J. Gallagher & Co.","Arthur J. Gallagher"
"dbpedia_4315","Forbes1946","0.9976570556330451","Thomas Cook Group","Thomas Cook Group"
"dbpedia_1550","Forbes224","0.9976570556330451","Fiat Chrysler Automobiles","Fiat Chrysler Automobiles"
"dbpedia_795","Forbes1146","0.9976570556330451","Canadian Tire","Canadian Tire"
"dbpedia_3524","Forbes1463","0.9976570556330451","Realty Income","Realty Income"
"dbpedia_3211","Forbes256","0.9976570556330451","Orix","Orix"
"dbpedia_2195","Forbes121","0.9976570556330451","Intesa Sanpaolo","Intesa Sanpaolo"
"dbpedia_906","Forbes1518","0.9976570556330451","China Communications Services","China Communications Services"
"dbpedia_2196","Forbes121","0.9976570556330451","Intesa Sanpaolo","Intesa Sanpaolo"
"dbpedia_3212","Forbes256","0.9976570556330451","Orix","Orix"
"dbpedia_2531","Forbes1893","0.9976570556330451","Leidos","Leidos"
"dbpedia_47","Forbes850","0.9510161959396083","AMP Limited","AMP"
"dbpedia_4788","Forbes1239","0.9976570556330451","Yes Bank","Yes Bank"
"dbpedia_2255","Forbes1347","0.9882657606267554","JSW Steel Ltd","JSW Steel"
"dbpedia_1506","Forbes13","0.90695962832368","ExxonMobil","Exxon Mobil"
"dbpedia_3570","Forbes512","0.9976570556330451","Resona Holdings","Resona Holdings"
"dbpedia_602","Forbes569","0.9976570556330451","Best Buy","Best Buy"
"dbpedia_3332","Forbes399","0.9976570556330451","Petrobras","Petrobras"
"dbpedia_1942","Forbes1587","0.9976570556330451","Hero MotoCorp","Hero Motocorp"
"dbpedia_3671","Forbes437","0.9976570556330451","SK Innovation","SK Innovation"
"dbpedia_1498","Forbes1063","0.9454428114386022","Expedia Group","Expedia"
"dbpedia_4693","Forbes481","0.9145038915077072","Waste Management (company)","Waste Management"
"dbpedia_4811","Forbes428","0.9295832065669707","Zambia National Commercial Bank","National Commercial Bank"
"dbpedia_799","Forbes266","0.9759289188488915","Canon Inc.","Canon"
"dbpedia_4709","Forbes796","0.9976570556330451","Welltower","Welltower"
"dbpedia_1740","Forbes41","0.9976570556330451","General Motors","General Motors"
"dbpedia_3637","Forbes830","0.9976570556330451","S-Oil","S-Oil"
"dbpedia_395","Forbes1809","0.9976570556330451","Autodesk","Autodesk"
"dbpedia_394","Forbes1809","0.9976570556330451","Autodesk","Autodesk"
"dbpedia_2197","Forbes1042","0.9976570556330451","Intuit","Intuit"
"dbpedia_393","Forbes1809","0.9976570556330451","Autodesk","Autodesk"
"dbpedia_939","Forbes852","0.9976570556330451","China Steel","China Steel"
"dbpedia_4526","Forbes1267","0.9976570556330451","Unicharm","Unicharm"
"dbpedia_3900","Forbes909","0.9976570556330451","Skanska","Skanska"
"dbpedia_2068","Forbes43","0.9976570556330451","IBM","IBM"
"dbpedia_3076","Forbes95","0.9510161959396083","Nissan","Nissan Motor"
"dbpedia_3843","Forbes1506","0.9976570556330451","Shimano","Shimano"
"dbpedia_126","Forbes6","0.9976570556330451","Agricultural Bank of China","Agricultural Bank of China"
"dbpedia_3844","Forbes1506","0.9976570556330451","Shimano","Shimano"
"dbpedia_127","Forbes6","0.9976570556330451","Agricultural Bank of China","Agricultural Bank of China"
"dbpedia_4156","Forbes1537","0.9976570556330451","Taiheiyo Cement","Taiheiyo Cement"
"dbpedia_4494","Forbes80","0.9976570556330451","UBS","UBS"
"dbpedia_124","Forbes6","0.9976570556330451","Agricultural Bank of China","Agricultural Bank of China"
"dbpedia_4155","Forbes1537","0.9976570556330451","Taiheiyo Cement","Taiheiyo Cement"
"dbpedia_4495","Forbes80","0.9976570556330451","UBS","UBS"
"dbpedia_125","Forbes6","0.9976570556330451","Agricultural Bank of China","Agricultural Bank of China"
"dbpedia_2806","Forbes361","0.9763885452289788","Michelin","Michelin Group"
"dbpedia_1739","Forbes41","0.9976570556330451","General Motors","General Motors"
"dbpedia_193","Forbes1404","0.9976570556330451","Almarai","Almarai"
"dbpedia_952","Forbes450","0.9976570556330451","Chubu Electric Power","Chubu Electric Power"
"dbpedia_3727","Forbes554","0.9241736868227437","Samsung Fire & Marine Insurance","Samsung Fire & Marine"
"dbpedia_4250","Forbes282","0.9976570556330451","Telstra","Telstra"
"dbpedia_4658","Forbes919","0.9336077941491826","Vornado Realty Trust","Vornado Realty"
"dbpedia_238","Forbes1498","0.9976570556330451","Ametek","Ametek"
"dbpedia_1838","Forbes1629","0.9976570556330451","Guangdong Investment","Guangdong Investment"
"dbpedia_2714","Forbes467","0.9976570556330451","Marriott International","Marriott International"
"dbpedia_4122","Forbes1037","0.9976570556330451","TDK","TDK"
"dbpedia_668","Forbes1064","0.9976570556330451","Boston Properties","Boston Properties"
"dbpedia_4359","Forbes1017","0.9976570556330451","Tokyo Electron","Tokyo Electron"
"dbpedia_4358","Forbes1017","0.9976570556330451","Tokyo Electron","Tokyo Electron"
"dbpedia_509","Forbes1507","0.9976570556330451","Bank Muscat","Bank Muscat"
"dbpedia_357","Forbes1104","0.9976570556330451","Assurant","Assurant"
"dbpedia_233","Forbes343","0.9976570556330451","Ameriprise Financial","Ameriprise Financial"
"dbpedia_4265","Forbes1672","0.9976570556330451","Ternium","Ternium"
"dbpedia_3412","Forbes1756","0.9976570556330451","Prada","Prada"
"dbpedia_3343","Forbes181","0.9976570556330451","Philip Morris International","Philip Morris International"
"dbpedia_3342","Forbes181","0.9976570556330451","Philip Morris International","Philip Morris International"
"dbpedia_2671","Forbes410","0.9976570556330451","Magna International","Magna International"
"dbpedia_2055","Forbes616","0.9976570556330451","Hyundai Heavy Industries","Hyundai Heavy Industries"
"dbpedia_2054","Forbes616","0.9976570556330451","Hyundai Heavy Industries","Hyundai Heavy Industries"
"dbpedia_3626","Forbes1337","0.9976570556330451","RusHydro","RusHydro"
"dbpedia_1941","Forbes835","0.9510161959396083","Hermès","Hermès International"
"dbpedia_4083","Forbes305","0.9976570556330451","Surgutneftegas","Surgutneftegas"
"dbpedia_3092","Forbes284","0.9510161959396083","Nomura Holdings","Nomura"
"dbpedia_1906","Forbes1326","0.9976570556330451","Hasbro","Hasbro"
"dbpedia_2647","Forbes1020","0.9976570556330451","MTN Group","MTN Group"
"dbpedia_2646","Forbes1020","0.9976570556330451","MTN Group","MTN Group"
"dbpedia_4354","Forbes144","0.986835811741445","Tokio Marine","Tokio Marine Holdings"
"dbpedia_3918","Forbes39","0.9763885452289788","SoftBank Group","Softbank"
"dbpedia_2907","Forbes1184","0.9976570556330451","Motorola Solutions","Motorola Solutions"
"dbpedia_2489","Forbes691","0.9976570556330451","LG Display","LG Display"
"dbpedia_202","Forbes1093","0.9976570556330451","Alrosa","Alrosa"
"dbpedia_3677","Forbes824","0.9976570556330451","SM Investments","SM Investments"
"dbpedia_3243","Forbes299","0.9976570556330451","POSCO","Posco"
"dbpedia_1522","Forbes941","0.9976570556330451","Fairfax Financial","Fairfax Financial"
"dbpedia_4006","Forbes1437","0.9976570556330451","Steel Dynamics","Steel Dynamics"
"dbpedia_599","Forbes3","0.9976570556330451","Berkshire Hathaway","Berkshire Hathaway"
"dbpedia_1357","Forbes217","0.955521026193766","East Japan Railway Company","East Japan Railway"
"dbpedia_652","Forbes1610","0.9070614213208257","Boliden AB","Boliden"
"dbpedia_4499","Forbes1364","0.9510161959396083","UGI Corporation","UGI"
"dbpedia_3310","Forbes1620","0.9976570556330451","People's United Financial","People's United Financial"
"dbpedia_3800","Forbes1256","0.9976570556330451","Sekisui Chemical","Sekisui Chemical"
"dbpedia_3311","Forbes1620","0.9976570556330451","People's United Financial","People's United Financial"
"dbpedia_4719","Forbes964","0.9976570556330451","WestRock","WestRock"
"dbpedia_1057","Forbes1541","0.9976570556330451","Continental Resources","Continental Resources"
"dbpedia_3566","Forbes709","0.9976570556330451","Republic Services","Republic Services"
"dbpedia_534","Forbes8","0.9976570556330451","Bank of China","Bank of China"
"dbpedia_2418","Forbes427","0.9976570556330451","Kimberly-Clark","Kimberly-Clark"
"dbpedia_535","Forbes8","0.9976570556330451","Bank of China","Bank of China"
"dbpedia_536","Forbes8","0.9976570556330451","Bank of China","Bank of China"
"dbpedia_530","Forbes8","0.9976570556330451","Bank of China","Bank of China"
"dbpedia_3142","Forbes1071","0.9976570556330451","OTP Bank","OTP Bank"
"dbpedia_532","Forbes8","0.9976570556330451","Bank of China","Bank of China"
"dbpedia_531","Forbes8","0.9976570556330451","Bank of China","Bank of China"
"dbpedia_533","Forbes8","0.9976570556330451","Bank of China","Bank of China"
"dbpedia_3043","Forbes249","0.9455623103857275","Nike, Inc.","Nike"
"dbpedia_2857","Forbes384","0.9976570556330451","Mitsui Fudosan","Mitsui Fudosan"
"dbpedia_192","Forbes557","0.9976570556330451","Ally Financial","Ally Financial"
"dbpedia_1267","Forbes1329","0.9336077941491826","Digital Realty","Digital Realty Trust"
"dbpedia_556","Forbes944","0.9976570556330451","Banque Saudi Fransi","Banque Saudi Fransi"
"dbpedia_4544","Forbes159","0.9976570556330451","United Parcel Service","United Parcel Service"
"dbpedia_2754","Forbes215","0.9976570556330451","McDonald's","McDonald's"
"dbpedia_3758","Forbes539","0.9976570556330451","Sasol","Sasol"
"dbpedia_396","Forbes1174","0.9976570556330451","Autoliv","Autoliv"
"dbpedia_1099","Forbes1779","0.9976570556330451","Credit Saison","Credit Saison"
"dbpedia_2811","Forbes1904","0.9976570556330451","Microchip Technology","Microchip Technology"
"dbpedia_550","Forbes1815","0.9976570556330451","Bank of Queensland","Bank of Queensland"
"dbpedia_2659","Forbes344","0.9976570556330451","Macquarie Group","Macquarie Group"
"dbpedia_2437","Forbes1338","0.9976570556330451","Kobe Steel","Kobe Steel"
"dbpedia_2436","Forbes1338","0.9976570556330451","Kobe Steel","Kobe Steel"
"dbpedia_3292","Forbes1178","0.9976570556330451","Paychex","Paychex"
"dbpedia_2311","Forbes302","0.9938758654698034","KB Financial Group","KB Financial Group"
"dbpedia_843","Forbes503","0.979916733276259","Caterpillar Inc.","Caterpillar"
"dbpedia_844","Forbes503","0.979916733276259","Caterpillar Inc.","Caterpillar"
"dbpedia_711","Forbes638","0.9510161959396083","Bunge Limited","Bunge"
"dbpedia_1996","Forbes1841","0.9976570556330451","Hokkoku Bank","Hokkoku Bank"
"dbpedia_2059","Forbes825","0.9976570556330451","Hyundai Steel","Hyundai Steel"
"dbpedia_298","Forbes1236","0.9976570556330451","Aramark","Aramark"
"dbpedia_3990","Forbes535","0.907780411251228","Standard Chartered Bank Nepal","Standard Chartered"
"dbpedia_299","Forbes1236","0.9976570556330451","Aramark","Aramark"
"dbpedia_3992","Forbes535","0.9553319262076447","Standard Chartered Korea","Standard Chartered"
"dbpedia_3991","Forbes535","0.9553319262076447","Standard Chartered Ghana","Standard Chartered"
"dbpedia_1100","Forbes491","0.9880951942643251","Credit Suisse","Credit Suisse Group"
"dbpedia_1032","Forbes428","0.9327557706043839","Commercial National Financial","National Commercial Bank"
"dbpedia_239","Forbes131","0.9976570556330451","Amgen","Amgen"
"dbpedia_3588","Forbes959","0.9976570556330451","Riyad Bank","Riyad Bank"
"dbpedia_2514","Forbes483","0.9976570556330451","Larsen & Toubro","Larsen & Toubro"
"dbpedia_208","Forbes177","0.9510161959396083","Altria","Altria Group"
"dbpedia_240","Forbes131","0.9976570556330451","Amgen","Amgen"
"dbpedia_2203","Forbes402","0.9976570556330451","Investor AB","Investor AB"
"dbpedia_1858","Forbes958","0.9976570556330451","HCL Technologies","HCL Technologies"
"dbpedia_3307","Forbes1620","0.9976570556330451","People's United Financial","People's United Financial"
"dbpedia_3308","Forbes1620","0.9976570556330451","People's United Financial","People's United Financial"
"dbpedia_841","Forbes1663","0.9976570556330451","Catcher Technology","Catcher Technology"
"dbpedia_2163","Forbes978","0.9976570556330451","Inpex","Inpex"
"dbpedia_3855","Forbes1561","0.9976570556330451","Shizuoka Bank","Shizuoka Bank"
"dbpedia_2162","Forbes978","0.9976570556330451","Inpex","Inpex"
"dbpedia_3728","Forbes1696","0.9976570556330451","Samsung Heavy Industries","Samsung Heavy Industries"
"dbpedia_3309","Forbes1620","0.9976570556330451","People's United Financial","People's United Financial"
"dbpedia_2348","Forbes141","0.9976570556330451","KDDI","KDDI"
"dbpedia_931","Forbes22","0.9976570556330451","China Mobile","China Mobile"
"dbpedia_546","Forbes1984","0.9976570556330451","Bank of Iwate","Bank of Iwate"
"dbpedia_932","Forbes22","0.9976570556330451","China Mobile","China Mobile"
"dbpedia_933","Forbes22","0.9976570556330451","China Mobile","China Mobile"
"dbpedia_4214","Forbes673","0.9976570556330451","Tatneft","Tatneft"
"dbpedia_4346","Forbes1691","0.9976570556330451","Toho Bank","Toho Bank"
"dbpedia_3052","Forbes1310","0.9976570556330451","Nippon Express","Nippon Express"
"dbpedia_3355","Forbes1849","0.9976570556330451","PhosAgro","Phosagro"
"dbpedia_804","Forbes128","0.9732870564261817","Capital One","Capital One Financial"
"dbpedia_1108","Forbes1359","0.9976570556330451","Crown Holdings","Crown Holdings"
"dbpedia_345","Forbes1783","0.9976570556330451","Asian Paints","Asian Paints"
"dbpedia_930","Forbes22","0.9976570556330451","China Mobile","China Mobile"
"dbpedia_1016","Forbes472","0.9976570556330451","Colgate-Palmolive","Colgate-Palmolive"
"dbpedia_926","Forbes22","0.9976570556330451","China Mobile","China Mobile"
"dbpedia_158","Forbes1330","0.9976570556330451","Alcoa","Alcoa"
"dbpedia_927","Forbes22","0.9976570556330451","China Mobile","China Mobile"
"dbpedia_928","Forbes22","0.9976570556330451","China Mobile","China Mobile"
"dbpedia_929","Forbes22","0.9976570556330451","China Mobile","China Mobile"
"dbpedia_329","Forbes602","0.9976570556330451","Asahi Kasei","Asahi Kasei"
"dbpedia_1335","Forbes407","0.9976570556330451","EBay","eBay"
"dbpedia_4060","Forbes1023","0.9732870564261817","Sun Pharma","Sun Pharma Industries"
"dbpedia_3072","Forbes1324","0.9976570556330451","Nippon Yusen","Nippon Yusen"
"dbpedia_522","Forbes8","0.9976570556330451","Bank of China","Bank of China"
"dbpedia_3846","Forbes474","0.9976570556330451","Shin-Etsu Chemical","Shin-Etsu Chemical"
"dbpedia_523","Forbes8","0.9976570556330451","Bank of China","Bank of China"
"dbpedia_524","Forbes8","0.9976570556330451","Bank of China","Bank of China"
"dbpedia_525","Forbes8","0.9976570556330451","Bank of China","Bank of China"
"dbpedia_521","Forbes8","0.9976570556330451","Bank of China","Bank of China"
"dbpedia_3193","Forbes1405","0.90695962832368","OpenText","Open Text"
"dbpedia_526","Forbes8","0.9976570556330451","Bank of China","Bank of China"
"dbpedia_527","Forbes8","0.9976570556330451","Bank of China","Bank of China"
"dbpedia_528","Forbes8","0.9976570556330451","Bank of China","Bank of China"
"dbpedia_280","Forbes1476","0.9976570556330451","Aozora Bank","Aozora Bank"
"dbpedia_529","Forbes8","0.9976570556330451","Bank of China","Bank of China"
"dbpedia_3845","Forbes474","0.9976570556330451","Shin-Etsu Chemical","Shin-Etsu Chemical"
"dbpedia_4037","Forbes333","0.9510161959396083","Subaru Corporation","Subaru"
"dbpedia_2011","Forbes74","0.9510161959396083","Honda","Honda Motor"
"dbpedia_3871","Forbes50","0.9976570556330451","Siemens","Siemens"
"dbpedia_1945","Forbes1188","0.9510161959396083","Hess Corporation","Hess"
"dbpedia_1831","Forbes1960","0.9976570556330451","Group 1 Automotive","Group 1 Automotive"
"dbpedia_1832","Forbes1960","0.9976570556330451","Group 1 Automotive","Group 1 Automotive"
"dbpedia_330","Forbes602","0.9976570556330451","Asahi Kasei","Asahi Kasei"
"dbpedia_1455","Forbes1426","0.9976570556330451","Equifax","Equifax"
"dbpedia_2874","Forbes1689","0.9976570556330451","Molina Healthcare","Molina Healthcare"
"dbpedia_920","Forbes42","0.9976570556330451","China Merchants Bank","China Merchants Bank"
"dbpedia_2875","Forbes1689","0.9976570556330451","Molina Healthcare","Molina Healthcare"
"dbpedia_921","Forbes42","0.9976570556330451","China Merchants Bank","China Merchants Bank"
"dbpedia_922","Forbes42","0.9976570556330451","China Merchants Bank","China Merchants Bank"
"dbpedia_923","Forbes42","0.9039297058467688","China Merchants Port","China Merchants Bank"
"dbpedia_554","Forbes1988","0.9976570556330451","BankUnited","Bankunited"
"dbpedia_519","Forbes7","0.9976570556330451","Bank of America","Bank of America"
"dbpedia_518","Forbes7","0.9976570556330451","Bank of America","Bank of America"
"dbpedia_510","Forbes924","0.9976570556330451","Bank Negara Indonesia","Bank Negara Indonesia"
"dbpedia_517","Forbes7","0.9976570556330451","Bank of America","Bank of America"
"dbpedia_4753","Forbes1883","0.9773277902777903","Workday, Inc.","Workday"
"dbpedia_1878","Forbes716","0.9976570556330451","Halliburton","Halliburton"
"dbpedia_757","Forbes937","0.9976570556330451","CMS Energy","CMS Energy"
"dbpedia_3257","Forbes631","0.9976570556330451","Paccar","Paccar"
"dbpedia_3037","Forbes688","0.9976570556330451","Nidec","Nidec"
"dbpedia_4568","Forbes728","0.8809455720236976","VF Corporation","VF"
"dbpedia_3036","Forbes688","0.9976570556330451","Nidec","Nidec"
"dbpedia_1466","Forbes320","0.9976570556330451","Etisalat","Etisalat"
"dbpedia_1025","Forbes31","0.9976570556330451","Comcast","Comcast"
"dbpedia_898","Forbes1925","0.9913352874057149","China Agri-Industries Holdings","China Agri-Industries"
"dbpedia_919","Forbes42","0.9976570556330451","China Merchants Bank","China Merchants Bank"
"dbpedia_499","Forbes564","0.9976570556330451","Bank Central Asia","Bank Central Asia"
"dbpedia_3925","Forbes666","0.8735267216577409","Solvay S.A.","Solvay"
"dbpedia_3926","Forbes666","0.8735267216577409","Solvay S.A.","Solvay"
"dbpedia_3927","Forbes666","0.8735267216577409","Solvay S.A.","Solvay"
"dbpedia_3928","Forbes666","0.8735267216577409","Solvay S.A.","Solvay"
"dbpedia_3096","Forbes1312","0.9976570556330451","Nordstrom","Nordstrom"
"dbpedia_3929","Forbes666","0.8735267216577409","Solvay S.A.","Solvay"
"dbpedia_916","Forbes52","0.9523023470506162","China Life Insurance Company","China Life Insurance"
"dbpedia_3849","Forbes265","0.9976570556330451","Shinhan Financial Group","Shinhan Financial Group"
"dbpedia_3930","Forbes666","0.8735267216577409","Solvay S.A.","Solvay"
"dbpedia_2919","Forbes622","0.9976570556330451","Murata Manufacturing","Murata Manufacturing"
"dbpedia_3931","Forbes666","0.8735267216577409","Solvay S.A.","Solvay"
"dbpedia_4692","Forbes1751","0.9976570556330451","Waste Connections","Waste Connections"
"dbpedia_3932","Forbes666","0.8735267216577409","Solvay S.A.","Solvay"
"dbpedia_3147","Forbes722","0.9976570556330451","Occidental Petroleum","Occidental Petroleum"
"dbpedia_2577","Forbes1043","0.9976570556330451","Lixil Group","Lixil Group"
"dbpedia_2576","Forbes1043","0.9976570556330451","Lixil Group","Lixil Group"
"dbpedia_2137","Forbes1934","0.9976570556330451","Indiabulls Housing Finance","Indiabulls Housing Finance"
"dbpedia_2002","Forbes1805","0.9976570556330451","Hologic","Hologic"
"dbpedia_2003","Forbes1805","0.9976570556330451","Hologic","Hologic"
"dbpedia_3571","Forbes1066","0.9703458671733636","Restaurant Brands","Restaurant Brands International"
"dbpedia_3198","Forbes304","0.8735267216577409","Orange S.A.","Orange"
"dbpedia_3572","Forbes1066","0.9976570556330451","Restaurant Brands International","Restaurant Brands International"
"dbpedia_3199","Forbes304","0.8735267216577409","Orange S.A.","Orange"
"dbpedia_2078","Forbes1524","0.9976570556330451","IDBI Bank","IDBI Bank"
"dbpedia_466","Forbes952","0.9976570556330451","Baker Hughes","Baker Hughes"
"dbpedia_3763","Forbes350","0.9049558469357684","Saudi Telecom Company","Saudi Telecom"
"dbpedia_4285","Forbes114","0.986944368077145","The Home Depot","Home Depot"
"dbpedia_1406","Forbes983","0.9976570556330451","Electronic Arts","Electronic Arts"
"dbpedia_3999","Forbes370","0.9976570556330451","Starbucks","Starbucks"
"dbpedia_236","Forbes315","0.9976570556330451","AmerisourceBergen","AmerisourceBergen"
"dbpedia_4253","Forbes643","0.9510161959396083","Telus Corporation","TELUS"
"dbpedia_4252","Forbes643","0.9510161959396083","Telus Corporation","TELUS"
"dbpedia_4251","Forbes643","0.9510161959396083","Telus Corporation","TELUS"
"dbpedia_4254","Forbes643","0.9510161959396083","Telus Corporation","TELUS"
"dbpedia_4741","Forbes765","0.9976570556330451","Wipro","Wipro"
"dbpedia_956","Forbes209","0.9976570556330451","Cigna","Cigna"
"dbpedia_3126","Forbes726","0.9976570556330451","Nvidia","NVIDIA"
"dbpedia_955","Forbes209","0.9976570556330451","Cigna","Cigna"
"dbpedia_958","Forbes209","0.9976570556330451","Cigna","Cigna"
"dbpedia_2815","Forbes1889","0.9976570556330451","Mid-America Apartment Communities","Mid-america Apartment Communities"
"dbpedia_957","Forbes209","0.9976570556330451","Cigna","Cigna"
"dbpedia_3125","Forbes726","0.9976570556330451","Nvidia","NVIDIA"
"dbpedia_20","Forbes236","0.9976570556330451","ABB","ABB"
"dbpedia_2746","Forbes682","0.9510161959396083","Mazda","Mazda Motor"
"dbpedia_3445","Forbes69","0.9976570556330451","Prudential Financial","Prudential Financial"
"dbpedia_2716","Forbes458","0.9976570556330451","Marsh McLennan","Marsh & McLennan"
"dbpedia_2174","Forbes1055","0.9976570556330451","Inter RAO","Inter Rao"
"dbpedia_2254","Forbes4","0.9976570556330451","JPMorgan Chase","JPMorgan Chase"
"dbpedia_3445","Forbes68","0.9510161959396083","Prudential Financial","Prudential"
"dbpedia_702","Forbes202","0.9976570556330451","Brookfield Asset Management","Brookfield Asset Management"
"dbpedia_902","Forbes78","0.9976570556330451","China CITIC Bank","China Citic Bank"
"dbpedia_703","Forbes202","0.9976570556330451","Brookfield Asset Management","Brookfield Asset Management"
"dbpedia_2032","Forbes255","0.9976570556330451","Huaxia Bank","Huaxia Bank"
"dbpedia_1459","Forbes710","0.9976570556330451","Ericsson","Ericsson"
"dbpedia_4422","Forbes442","0.9510161959396083","Toyota","Toyota Industries"
"dbpedia_3110","Forbes542","0.9976570556330451","Novatek","Novatek"
"dbpedia_264","Forbes712","0.9976570556330451","Anhui Conch Cement","Anhui Conch Cement"
"dbpedia_265","Forbes712","0.9976570556330451","Anhui Conch Cement","Anhui Conch Cement"
"dbpedia_1421","Forbes573","0.9976570556330451","Emirates NBD","Emirates NBD"
"dbpedia_2849","Forbes708","0.9976570556330451","Mitsubishi Heavy Industries","Mitsubishi Heavy Industries"
"dbpedia_1724","Forbes40","0.8859263634652386","Gazprom Promgaz","Gazprom"
"dbpedia_2848","Forbes708","0.9976570556330451","Mitsubishi Heavy Industries","Mitsubishi Heavy Industries"
"dbpedia_1722","Forbes40","0.9976570556330451","Gazprom","Gazprom"
"dbpedia_2201","Forbes912","0.9976570556330451","Invesco","Invesco"
"dbpedia_677","Forbes1418","0.9510161959396083","Brambles Limited","Brambles"
"dbpedia_2970","Forbes1715","0.9976570556330451","Nanto Bank","Nanto Bank"
"dbpedia_3949","Forbes184","0.9976570556330451","Southern Company","Southern Company"
"dbpedia_2028","Forbes1160","0.9510161959396083","Hoya Corporation","Hoya"
"dbpedia_2027","Forbes1160","0.9510161959396083","Hoya Corporation","Hoya"
"dbpedia_2052","Forbes1142","0.8586350856298604","Hyundai Engineering & Construction","Hyundai Engineering"
"dbpedia_4734","Forbes388","0.9976570556330451","Wilmar International","Wilmar International"
"dbpedia_4261","Forbes1761","0.9976570556330451","Tenneco","Tenneco"
"dbpedia_2491","Forbes1392","0.9976570556330451","LG Household & Health Care","LG Household & Health Care"
"dbpedia_2051","Forbes1142","0.8586350856298604","Hyundai Engineering & Construction","Hyundai Engineering"
"dbpedia_520","Forbes1145","0.9976570556330451","Bank of Baroda","Bank of Baroda"
"dbpedia_3183","Forbes953","0.9510161959396083","Onex Corporation","Onex"
"dbpedia_3730","Forbes1969","0.9976570556330451","Samsung SDI","Samsung SDI"
"dbpedia_1042","Forbes938","0.9976570556330451","Conagra Brands","Conagra Brands"
"dbpedia_1958","Forbes1175","0.9976570556330451","Hindalco Industries","Hindalco Industries"
"dbpedia_1586","Forbes829","0.9976570556330451","First Republic Bank","First Republic Bank"
"dbpedia_3455","Forbes1148","0.9976570556330451","Punjab National Bank","Punjab National Bank"
"dbpedia_1639","Forbes776","0.9976570556330451","Freeport-McMoRan","Freeport-mcmoran"
"dbpedia_1638","Forbes776","0.9976570556330451","Freeport-McMoRan","Freeport-mcmoran"
"dbpedia_1648","Forbes323","0.9752400998635481","Fubon Financial Holding Co.","Fubon Financial"
"dbpedia_3067","Forbes1726","0.8560494817161173","Nippon Steel","Nippon Steel Trading"
"dbpedia_1649","Forbes323","0.9752400998635481","Fubon Financial Holding Co.","Fubon Financial"
"dbpedia_1321","Forbes1712","0.9976570556330451","Dufry","Dufry"
"dbpedia_1738","Forbes414","0.9976570556330451","General Mills","General Mills"
"dbpedia_4108","Forbes1660","0.9510161959396083","Sysmex Corporation","Sysmex"
"dbpedia_3830","Forbes65","0.9928822434115149","Shanghai Pudong Development Bank","Shanghai Pudong Development"
"dbpedia_4107","Forbes1660","0.9510161959396083","Sysmex Corporation","Sysmex"
"dbpedia_2279","Forbes45","0.9976570556330451","Japan Post Holdings","Japan Post Holdings"
"dbpedia_1641","Forbes776","0.9976570556330451","Freeport-McMoRan","Freeport-mcmoran"
"dbpedia_1640","Forbes776","0.9976570556330451","Freeport-McMoRan","Freeport-mcmoran"
"dbpedia_2284","Forbes219","0.9976570556330451","Japan Tobacco","Japan Tobacco"
"dbpedia_83","Forbes272","0.9976570556330451","Accenture","Accenture"
"dbpedia_2285","Forbes219","0.9976570556330451","Japan Tobacco","Japan Tobacco"
"dbpedia_2286","Forbes219","0.9976570556330451","Japan Tobacco","Japan Tobacco"
"dbpedia_4091","Forbes376","0.9976570556330451","Swedbank","Swedbank"
"dbpedia_656","Forbes1258","0.9794544970590442","Bombardier Inc.","Bombardier"
"dbpedia_141","Forbes1998","0.9976570556330451","Akamai Technologies","Akamai Technologies"
"dbpedia_66","Forbes11","0.9976570556330451","AT&T","AT&T"
"dbpedia_894","Forbes360","0.9510161959396083","Chevron Corporation","Chevron"
"dbpedia_3331","Forbes102","0.9976570556330451","PetroChina","PetroChina"
"dbpedia_593","Forbes1570","0.9920705121347811","Bendigo and Adelaide Bank","Bendigo & Adelaide Bank"
"dbpedia_635","Forbes1495","0.9510161959396083","Blom","Blom Bank"
"dbpedia_3101","Forbes576","0.9976570556330451","Northern Trust","Northern Trust"
"dbpedia_636","Forbes1495","0.9510161959396083","Blom","Blom Bank"
"dbpedia_978","Forbes12","0.9976570556330451","Citigroup","Citigroup"
"dbpedia_1347","Forbes831","0.9976570556330451","EOG Resources","EOG Resources"
"dbpedia_1541","Forbes677","0.9976570556330451","Fast Retailing","Fast Retailing"
"dbpedia_464","Forbes1435","0.9976570556330451","Bajaj Auto","Bajaj Auto"
"dbpedia_2674","Forbes916","0.9976570556330451","Mahindra & Mahindra","Mahindra & Mahindra"
"dbpedia_463","Forbes1435","0.9976570556330451","Bajaj Auto","Bajaj Auto"
"dbpedia_2425","Forbes1817","0.9696182996564131","Kingboard Holdings","Kingboard Chemical Holdings"
"dbpedia_4090","Forbes396","0.9510161959396083","Suzuki","Suzuki Motor"
"dbpedia_1030","Forbes1843","0.9976570556330451","Commercial Bank of Qatar","Commercial Bank of Qatar"
"dbpedia_910","Forbes2","0.9976570556330451","China Construction Bank","China Construction Bank"
"dbpedia_1753","Forbes689","0.9869653287250528","George Weston Limited","George Weston"
"dbpedia_4598","Forbes1644","0.9976570556330451","Vertex Pharmaceuticals","Vertex Pharmaceuticals"
"dbpedia_1546","Forbes1550","0.9976570556330451","Ferrari","Ferrari"
"dbpedia_3175","Forbes507","0.9976570556330451","Omnicom Group","Omnicom Group"
"dbpedia_1226","Forbes1877","0.9510161959396083","Delek","Delek Group"
"dbpedia_4430","Forbes658","0.9976570556330451","Transneft","Transneft"
"dbpedia_4767","Forbes1203","0.9976570556330451","Xerox","Xerox"
"dbpedia_269","Forbes741","0.9976570556330451","Annaly Capital Management","Annaly Capital Management"
"dbpedia_4751","Forbes593","0.9976570556330451","Woori Bank","Woori Bank"
"dbpedia_3348","Forbes314","0.9976570556330451","Philips","Philips"
"dbpedia_907","Forbes2","0.9976570556330451","China Construction Bank","China Construction Bank"
"dbpedia_620","Forbes372","0.9976570556330451","Biogen","Biogen"
"dbpedia_504","Forbes494","0.9976570556330451","Bank Mandiri","Bank Mandiri"
"dbpedia_2595","Forbes185","0.9976570556330451","Lowe's","Lowe's"
"dbpedia_908","Forbes2","0.9976570556330451","China Construction Bank","China Construction Bank"
"dbpedia_909","Forbes2","0.9976570556330451","China Construction Bank","China Construction Bank"
"dbpedia_738","Forbes1156","0.9976570556330451","CDW","CDW"
"dbpedia_3834","Forbes928","0.9510161959396083","Sharp Corporation","Sharp"
"dbpedia_3835","Forbes928","0.9510161959396083","Sharp Corporation","Sharp"
"dbpedia_1239","Forbes703","0.9976570556330451","Dentsu","Dentsu"
"dbpedia_2409","Forbes943","0.9976570556330451","Keyence","Keyence"
"dbpedia_881","Forbes107","0.9976570556330451","Charter Communications","Charter Communications"
