"Forbes1655","Kaggle_278533","1.0","Tosoh","tosoh corporation"
"Forbes1253","Kaggle_669709","0.9523809523809523","Community Health Systems","community health system"
"Forbes1039","Kaggle_4946870","0.9444444444444444","Rockwell Automation","rockwell automations"
"Forbes242","Kaggle_55485","0.9411764705882353","Abbott Laboratories","abbott labboratories"
"Forbes687","Kaggle_691557","0.9375","Franklin Resources","franklin resource group"
"Forbes1985","Kaggle_28119","0.9354838709677419","Konica Minolta Business Solutions","konica minolta business solutions uk ltd"
"Forbes499","Kaggle_6944848","0.9333333333333333","Applied Materials","applied material"
"Forbes601","Kaggle_84944","0.9285714285714286","Johnson Controls International","johnson control"
"Forbes983","Kaggle_2399696","0.9230769230769231","Electronic Arts","electronic art"
"Forbes167","Kaggle_786849","0.92","China Railway Construction","china railway construction (hk) limited"
"Forbes1185","Kaggle_562024","0.9166666666666666","United Rentals","united rental group"
"Forbes1970","Kaggle_3852276","0.9130434782608695","China Great Wall Computer","china great wall computer (h.k.) holding limited"
"Forbes628","Kaggle_1108066","0.9090909090909091","China Southern Airlines","china southern airlines eu"
"Forbes1985","Kaggle_2005","0.90625","Konica Minolta Business Solutions","konica minolta business solutions u.s.a., inc."
"Forbes1109","Kaggle_3712990","0.9047619047619048","National Oilwell Varco","national oilwell varco uk limited"
"Forbes1960","Kaggle_5789648","0.9","Group 1 Automotive","automotive24"
"Forbes1513","Kaggle_4027928","0.896551724137931","Adani Ports & Special Economic Zone","adani port and special economic zone ltd"
"Forbes654","Kaggle_4605147","0.8947368421052632","Molson Coors Brewing","molson coors brewing (ca) ltd"
"Forbes684","Kaggle_975691","0.8888888888888888","Woolworths","woolworth limited"
"Forbes1170","Kaggle_221223","0.8846153846153846","Global Logistic Properties","global logistic properties (glp)"
"Forbes1438","Kaggle_25158","0.8823529411764706","Ramsay Health Care","ramsay health care uk"
"Forbes1306","Kaggle_5504945","0.88","Pioneer Natural Resources","pioneer natural resources usa, inc."
"Forbes1985","Kaggle_113424","0.8787878787878788","Konica Minolta Business Solutions","konica minolta business solutions asia"
"Forbes1980","Kaggle_750506","0.875","F5 Networks","x10 networks"
"Forbes251","Kaggle_64230","0.8695652173913043","Thermo Fisher Scientific","thermo fisher scientific anz"
"Forbes1187","Kaggle_4406160","0.8666666666666667","Harley-Davidson","harley-davidson uk"
"Forbes619","Kaggle_3971549","0.8636363636363636","China Eastern Airlines","china eastern airline svce"
"Forbes7","Kaggle_986171","0.8571428571428571","Bank of America","ameri-cal corporation"
"Forbes167","Kaggle_1339673","0.8518518518518519","China Railway Construction","china railway construction group (crcg) co., ltd."
"Forbes413","Kaggle_3077214","0.85","Sumitomo Mitsui Trust","sumitomo mitsui trust holdings inc (miu)"
"Forbes1564","Kaggle_166926","0.8484848484848485","Foshan Haitian Flavouring and Food Company","foshan haitian flavouring and foodco., ltd."
"Forbes443","Kaggle_1721779","0.8461538461538461","Pernod Ricard","pernod ricard uk"
"Forbes946","Kaggle_4945892","0.8421052631578947","Galaxy Entertainment","sgalaxy entertainment"
"Forbes625","Kaggle_24996","0.8387096774193549","China Fortune Land Development","china fortune land development co.,ltd."
"Forbes388","Kaggle_4928820","0.8333333333333334","Wilmar International","wilmart"
"Forbes1985","Kaggle_1645291","0.8285714285714286","Konica Minolta Business Solutions","konica minolta business solutions serbia"
"Forbes294","Kaggle_224976","0.8275862068965517","China Huarong Asset Management","china huarong assets management co., ltd."
"Forbes77","Kaggle_4666246","0.8235294117647058","Deutsche Telekom","deutsche telekom hbs"
"Forbes71","Kaggle_781999","0.8205128205128205","China State Construction Engineering","china state construction engineering (m) sdn bhd"
"Forbes1960","Kaggle_2056954","0.8181818181818182","Group 1 Automotive","automotiveit"
"Forbes214","Kaggle_869879","0.8148148148148148","People's Insurance Company","people's insurance company of china"
"Forbes1322","Kaggle_4745848","0.8125","Dassault Systemes","dassaultsystems"
"Forbes126","Kaggle_2457530","0.8095238095238095","Anheuser-Busch InBev","anheuser-busch inbev sa/nv"
"Forbes224","Kaggle_101","0.8076923076923077","Fiat Chrysler Automobiles","fca fiat chrysler automobiles"
"Forbes1985","Kaggle_65281","0.8055555555555556","Konica Minolta Business Solutions","konica minolta business solutions india pvt. ltd."
"Forbes54","Kaggle_5210720","0.8","Intel","inteli, corp."
"Forbes377","Kaggle_4234988","0.7916666666666666","Tata Consultancy Services","gta consultancy services ltd"
"Forbes1689","Kaggle_161374","0.7894736842105263","Molina Healthcare","molina healthcare of ohio, inc."
"Forbes1876","Kaggle_3442886","0.7857142857142857","ST Engineering","vst engineering"
"Forbes1985","Kaggle_115060","0.7837837837837838","Konica Minolta Business Solutions","konica minolta business solutions norway as"
"Forbes775","Kaggle_101398","0.782608695652174","China Resources Power","china resources power co.,ltd"
"Forbes403","Kaggle_3761034","0.7777777777777778","American International Group","american av"
"Forbes278","Kaggle_812722","0.7727272727272727","Mitsubishi Electric","mitsubishi electric nz (bdt)"
"Forbes144","Kaggle_26900","0.7692307692307693","Tokio Marine Holdings","tokio marine hcc"
"Forbes481","Kaggle_2153718","0.7647058823529411","Waste Management","b&w waste management"
"Forbes1985","Kaggle_143157","0.7631578947368421","Konica Minolta Business Solutions","konica minolta business solutions italia spa"
"Forbes1978","Kaggle_2872069","0.7619047619047619","Chicago Bridge & Iron","chicago bridge & iron - power"
"Forbes1541","Kaggle_4034711","0.76","Continental Resources","continental resources sdn bhd"
"Forbes598","Kaggle_293454","0.75","Infosys","infosysta"
"Forbes1985","Kaggle_470874","0.7435897435897436","Konica Minolta Business Solutions","konica minolta business solutions middle east"
"Forbes1885","Kaggle_4943330","0.7407407407407407","Hokkaido Electric Power","hokkaido electric power company"
"Forbes278","Kaggle_289202","0.7391304347826086","Mitsubishi Electric","mitsubishi electric coheco"
"Forbes725","Kaggle_842784","0.7368421052631579","Sherwin-Williams","sherwin williams paint co"
"Forbes1064","Kaggle_439495","0.7333333333333333","Boston Properties","boston proper"
"Forbes1331","Kaggle_6708697","0.7307692307692307","Chugoku Electric Power","the chugoku electric power company, inc."
"Forbes205","Kaggle_5319655","0.7272727272727273","BlackRock","blackrock energy llp"
"Forbes1985","Kaggle_203981","0.725","Konica Minolta Business Solutions","konica minolta business solutions austria gmbh"
"Forbes364","Kaggle_3569913","0.7241379310344828","Gree Electric Appliances","gree electric appliances do brasil"
"Forbes2","Kaggle_3734932","0.7222222222222222","China Construction Bank","fina construction ltd."
"Forbes327","Kaggle_1957230","0.72","China Cinda Asset Management","china asset management co., ltd."
"Forbes171","Kaggle_3968592","0.71875","Hewlett Packard Enterprise","hewlett packard enterprise slovenija"
"Forbes1884","Kaggle_809183","0.7142857142857143","GS Engineering","rs engineering"
"Forbes377","Kaggle_975383","0.7083333333333334","Tata Consultancy Services","b2b consultancy services"
"Forbes1985","Kaggle_71167","0.7073170731707317","Konica Minolta Business Solutions","konica minolta business solutions czech, spol. s r.o."
"Forbes1061","Kaggle_3802171","0.7058823529411765","Quest Diagnostics","test diagnostics limited"
"Forbes377","Kaggle_3131524","0.7037037037037037","Tata Consultancy Services","eta consultancy services llp"
"Forbes1387","Kaggle_820950","0.7","Partners Group Holding","partners 1993 inc."
"Forbes1683","Kaggle_2933071","0.6981132075471698","Commercial Bank For Investment & Development Of Vietnam","joint stock commercial bank for investment and development of vietnam (bidv)"
"Forbes202","Kaggle_556210","0.696969696969697","Brookfield Asset Management","hyperion brookfield asset management"
"Forbes1899","Kaggle_949902","0.6956521739130435","First Citizens BancShares","citizens bancshares, inc."
"Forbes435","Kaggle_160364","0.6923076923076923","Mitsubishi Chemical","mitsubishi motors in the uk"
"Forbes1798","Kaggle_1463417","0.6896551724137931","InterContinental Hotels","intercontinental hotel al jubail"
"Forbes1876","Kaggle_3186832","0.6875","ST Engineering","first group engineering inc"
"Forbes1400","Kaggle_2097524","0.6842105263157895","Dentsply Sirona","dentsply sirona france"
"Forbes1253","Kaggle_13056","0.6818181818181818","Community Health Systems","unity health system"
"Forbes327","Kaggle_5559168","0.68","China Cinda Asset Management","chin asset management"
"Forbes377","Kaggle_5786283","0.6785714285714286","Tata Consultancy Services","regatta consultancy services"
"Forbes172","Kaggle_4667525","0.6774193548387096","British American Tobacco","british american tobacco del peru holdings s.a.a"
"Forbes167","Kaggle_2475170","0.6764705882352942","China Railway Construction","china railway construction engineering group"
"Forbes410","Kaggle_3562707","0.6666666666666666","Magna International","magnany"
"Forbes364","Kaggle_666502","0.65625","Gree Electric Appliances","gree electric appliances,inc.of zhuhai co., ltd"
"Forbes1447","Kaggle_1906062","0.6551724137931034","RiseSun Real Estate Development","m real estate & development, inc."
"Forbes278","Kaggle_3266886","0.6538461538461539","Mitsubishi Electric","mitsubishi electric logistics corporation"
"Forbes445","Kaggle_5751149","0.6521739130434783","IntercontinentalExchange","intercontinental energy corporation"
"Forbes1187","Kaggle_3752608","0.65","Harley-Davidson","harley-davidson ajaccio"
"Forbes1876","Kaggle_2095032","0.6470588235294118","ST Engineering","stelex engineering ltd."
"Forbes1798","Kaggle_176025","0.6451612903225806","InterContinental Hotels","intercontinental hotel berlin gmbh"
"Forbes1960","Kaggle_2002566","0.6428571428571429","Group 1 Automotive","automotive axles ltd"
"Forbes741","Kaggle_1086563","0.64","Annaly Capital Management","ivy capital management"
"Forbes71","Kaggle_2113285","0.6388888888888888","China State Construction Engineering","elite construction & engineering, inc."
"Forbes186","Kaggle_3976679","0.6363636363636364","National Grid","national motors"
"Forbes1253","Kaggle_176571","0.6333333333333333","Community Health Systems","community council health systems"
"Forbes1500","Kaggle_1219535","0.631578947368421","Dangote Cement","dangote cement senegal s.a."
"Forbes377","Kaggle_332239","0.6296296296296297","Tata Consultancy Services","nbit consultancy services"
"Forbes224","Kaggle_3200201","0.6285714285714286","Fiat Chrysler Automobiles","fiat chrysler automobiles automotive finance co., ltd"
"Forbes1231","Kaggle_5512421","0.625","Mosaic","mosaic group pty ltd"
"Forbes71","Kaggle_1778177","0.6216216216216216","China State Construction Engineering","status construction & engineering"
"Forbes202","Kaggle_964662","0.6206896551724138","Brookfield Asset Management","wakefield asset management corporation"
"Forbes670","Kaggle_1170513","0.6190476190476191","China Reinsurance Group","china life reinsurance co. ltd."
"Forbes1394","Kaggle_6592059","0.6176470588235294","Focus Media Information Technology","medha information technology"
"Forbes1311","Kaggle_3402751","0.6153846153846154","Dxc Technology","f3 technology group inc"
"Forbes1394","Kaggle_1093996","0.6129032258064516","Focus Media Information Technology","international information technology"
"Forbes196","Kaggle_3008699","0.6111111111111112","Deutsche Post","deutsche post com gmbh"
"Forbes71","Kaggle_781699","0.6097560975609756","China State Construction Engineering","china sanan engineering construction corporation (china sanan)"
"Forbes780","Kaggle_5535809","0.6086956521739131","GD Power Development","greenpower development, inc."
"Forbes377","Kaggle_883480","0.6071428571428571","Tata Consultancy Services","ipfm consultancy services p ltd"
"Forbes1394","Kaggle_5803079","0.6060606060606061","Focus Media Information Technology","ata information technology"
"Forbes128","Kaggle_3162936","0.6","Capital One Financial","42 capital"
"Forbes1795","Kaggle_3799536","0.5945945945945946","RioCan Real Estate Investment Trust","fronsac real estate investment trust"
"Forbes1447","Kaggle_2633336","0.59375","RiseSun Real Estate Development","rose realestate and development corporation"
"Forbes445","Kaggle_93117","0.5925925925925926","IntercontinentalExchange","intercontinental bank ghana limited"
"Forbes971","Kaggle_3492329","0.5909090909090909","Daito Trust Construction","just construction group"
"Forbes1795","Kaggle_2812193","0.5897435897435898","RioCan Real Estate Investment Trust","washington real estate investment trust"
"Forbes1876","Kaggle_3036594","0.5882352941176471","ST Engineering","choat engineering"
"Forbes377","Kaggle_3252277","0.5862068965517241","Tata Consultancy Services","citrix consultancy services ltd"
"Forbes995","Kaggle_866790","0.5833333333333334","Shanghai Pharmaceuticals","shanghaiexpat"
"Forbes377","Kaggle_1640976","0.5806451612903226","Tata Consultancy Services","indiba consultancy services pvt. ltd"
"Forbes1073","Kaggle_524940","0.5789473684210527","Host Hotels & Resorts","py hotels and resorts"
"Forbes445","Kaggle_4756973","0.5769230769230769","IntercontinentalExchange","intercontinental s.r.l."
"Forbes1394","Kaggle_3843372","0.5757575757575758","Focus Media Information Technology","te information technology limited"
"Forbes1088","Kaggle_1694258","0.5714285714285714","Hydro One","hydro technologies inc"
"Forbes71","Kaggle_3605523","0.5675675675675675","China State Construction Engineering","fnsi construction & engineering co. ltd."
"Forbes377","Kaggle_923927","0.5666666666666667","Tata Consultancy Services","microsan consultancy services"
"Forbes1993","Kaggle_733273","0.5652173913043478","Live Nation Entertainment","live entertainment"
"Forbes1795","Kaggle_6715793","0.5641025641025641","RioCan Real Estate Investment Trust","korea real estate investment trust co (034830)"
"Forbes1884","Kaggle_5159684","0.5625","GS Engineering","lec engineering ltd"
"Forbes71","Kaggle_518846","0.5609756097560976","China State Construction Engineering","china civil engineering construction"
"Forbes135","Kaggle_1889284","0.56","China Communications Construction","china airport construction corporation"
"Forbes1394","Kaggle_1398893","0.5588235294117647","Focus Media Information Technology","bhp information technology"
"Forbes741","Kaggle_4690221","0.5555555555555556","Annaly Capital Management","katz capital management"
"Forbes71","Kaggle_2190905","0.5526315789473685","China State Construction Engineering","kolon engineering & construction co., ltd."
"Forbes278","Kaggle_320387","0.5517241379310345","Mitsubishi Electric","pt mitsubishi electric indonesia"
"Forbes2","Kaggle_6894724","0.55","China Construction Bank","mega construction, inc"
"Forbes234","Kaggle_24135","0.5483870967741935","Bristol-Myers Squibb","bristol-myers squibb medical imaging"
"Forbes1795","Kaggle_1204938","0.5476190476190477","RioCan Real Estate Investment Trust","homburg canada real estate investment trust"
"Forbes7","Kaggle_918752","0.5454545454545454","Bank of America","american food group corp"
"Forbes1394","Kaggle_2658497","0.5428571428571428","Focus Media Information Technology","misr information technology"
"Forbes1874","Kaggle_1210507","0.5416666666666666","China Resources Gas Group","china resources vanguard co., ltd."
"Forbes1394","Kaggle_4459587","0.5405405405405406","Focus Media Information Technology","international foundry information and technology co., ltd"
"Forbes1919","Kaggle_3241818","0.5384615384615384","Ares Capital","ress capital"
"Forbes71","Kaggle_2847068","0.5365853658536586","China State Construction Engineering","bluescape construction & engineering ltd"
"Forbes741","Kaggle_2719261","0.5357142857142857","Annaly Capital Management","pearl capital management"
"Forbes311","Kaggle_4795081","0.5333333333333333","Poly Real Estate","no. 3 real estate"
"Forbes656","Kaggle_517746","0.53125","Stanley Black & Decker","stanley black & decker deutschland gmbh"
"Forbes71","Kaggle_612913","0.5306122448979592","China State Construction Engineering","china jingye construction engineering (singapore) pte ltd"
"Forbes1192","Kaggle_1052609","0.5294117647058824","Orient Securities","gt securities"
"Forbes1394","Kaggle_454217","0.5277777777777778","Focus Media Information Technology","linux information technology"
"Forbes2","Kaggle_3092472","0.5263157894736842","China Construction Bank","ax construction ltd."
"Forbes71","Kaggle_2168543","0.525","China State Construction Engineering","scorpion engineering construction limited"
"Forbes946","Kaggle_2707575","0.5238095238095238","Galaxy Entertainment","alas entertainment"
"Forbes1065","Kaggle_5645232","0.5217391304347826","Beijing Enterprises","charming enterprises ltd"
"Forbes327","Kaggle_1573946","0.52","China Cinda Asset Management","asset management group, inc."
"Forbes214","Kaggle_333522","0.5185185185185185","People's Insurance Company","real insurance company ltd"
"Forbes327","Kaggle_5780260","0.5172413793103449","China Cinda Asset Management","chapin asset management"
"Forbes741","Kaggle_3515127","0.5161290322580645","Annaly Capital Management","tannor capital management llc"
"Forbes377","Kaggle_4819602","0.5151515151515151","Tata Consultancy Services","peter quinn consultancy services"
"Forbes1798","Kaggle_289888","0.5142857142857142","InterContinental Hotels","intercontinental paris le grand hotel"
"Forbes1394","Kaggle_4651265","0.5135135135135135","Focus Media Information Technology","robotech information technology"
"Forbes1394","Kaggle_363847","0.5128205128205128","Focus Media Information Technology","united information technology (uit)"
"Forbes71","Kaggle_5325869","0.5121951219512195","China State Construction Engineering","nepal construction & engineering corporation pvt. ltd."
"Forbes1394","Kaggle_5787057","0.5116279069767442","Focus Media Information Technology","al riadia information technology and training co."
"Forbes135","Kaggle_746223","0.5","China Communications Construction","sss constructions inc."
"Forbes71","Kaggle_1277314","0.48936170212765956","China State Construction Engineering","china national chemical engineering third construction co., ltd."
"Forbes71","Kaggle_5635166","0.4883720930232558","China State Construction Engineering","silver construction engineering gmbh"
"Forbes71","Kaggle_186082","0.4878048780487805","China State Construction Engineering","sadeven , engineering & construction"
"Forbes1394","Kaggle_788434","0.48717948717948717","Focus Media Information Technology","seraphic information technology"
"Forbes1795","Kaggle_1987878","0.4864864864864865","RioCan Real Estate Investment Trust","fain real estate investments, llc"
"Forbes625","Kaggle_1383571","0.4857142857142857","China Fortune Land Development","china housing & land development, inc."
"Forbes649","Kaggle_601887","0.48484848484848486","Fidelity National Information","fidelity information services"
"Forbes741","Kaggle_3830962","0.4838709677419355","Annaly Capital Management","aztec capital management, llc"
"Forbes783","Kaggle_613881","0.4827586206896552","Canadian Natural Resources","bravo natural resources"
"Forbes52","Kaggle_44142","0.48148148148148145","China Life Insurance","botswana life insurance pty ltd"
"Forbes1957","Kaggle_1109349","0.48","Total System Services","health system services"
"Forbes71","Kaggle_2125243","0.4791666666666667","China State Construction Engineering","carson & roberts site construction and engineering"
"Forbes733","Kaggle_609817","0.4782608695652174","Liberty Interactive","integrity interactive"
"Forbes71","Kaggle_6690809","0.4772727272727273","China State Construction Engineering","dalian construction engineering group co.,ltd."
"Forbes1150","Kaggle_5730808","0.47619047619047616","Renesas Electronics","amos electronics"
"Forbes1394","Kaggle_4596246","0.475","Focus Media Information Technology","eng school of information technology"
"Forbes1884","Kaggle_6678752","0.47368421052631576","GS Engineering","degero engineering"
"Forbes1795","Kaggle_2943832","0.4722222222222222","RioCan Real Estate Investment Trust","real estate investment public corporation"
"Forbes394","Kaggle_3838424","0.47058823529411764","Citic Securities","hem securities ltd."
"Forbes1985","Kaggle_6785261","0.46875","Konica Minolta Business Solutions","mk business solutions inc."
"Forbes71","Kaggle_5464861","0.46808510638297873","China State Construction Engineering","triangular force construction engineering ltd"
"Forbes575","Kaggle_5789735","0.4666666666666667","QBE Insurance Group","hig insurance group"
"Forbes1958","Kaggle_65398","0.4642857142857143","Sinopec Oilfield Service","china oilfield services limited"
"Forbes71","Kaggle_2408827","0.4634146341463415","China State Construction Engineering","q-build engineering & construction"
"Forbes1626","Kaggle_1929553","0.46153846153846156","Axis Capital Holdings","ggs capital"
"Forbes377","Kaggle_1608942","0.4594594594594595","Tata Consultancy Services","shree placement and consultancy services"
"Forbes1096","Kaggle_1587887","0.4583333333333333","Shanghai Construction","corti construction, inc."
"Forbes1985","Kaggle_2912145","0.45714285714285713","Konica Minolta Business Solutions","a&a business solutions gmbh"
"Forbes71","Kaggle_1661781","0.45652173913043476","China State Construction Engineering","limtas construction engineering consulting"
"Forbes135","Kaggle_3064176","0.45454545454545453","China Communications Construction","giant construction co inc"
"Forbes1394","Kaggle_2229782","0.4523809523809524","Focus Media Information Technology","information and communications technology council (ictc)"
"Forbes327","Kaggle_999102","0.45161290322580644","China Cinda Asset Management","chatham asset management"
"Forbes1884","Kaggle_1837845","0.45","GS Engineering","rotamic engineering ltd"
"Forbes1394","Kaggle_432118","0.4489795918367347","Focus Media Information Technology","young india information technology services pvt ltd"
"Forbes1958","Kaggle_252230","0.4482758620689655","Sinopec Oilfield Service","pro oilfield services, llc"
"Forbes377","Kaggle_7014002","0.4473684210526316","Tata Consultancy Services","boston technical consultancy services"
"Forbes71","Kaggle_3317047","0.44680851063829785","China State Construction Engineering","vak construction engineering services, llc"
"Forbes7","Kaggle_2318214","0.4444444444444444","Bank of America","amerikam, inc."
"Forbes71","Kaggle_3668","0.4418604651162791","China State Construction Engineering","samsung c&t, engineering & construction group"
"Forbes1985","Kaggle_1677808","0.4411764705882353","Konica Minolta Business Solutions","grow business solutions"
"Forbes450","Kaggle_225929","0.44","Chubu Electric Power","cirebon electric power"
"Forbes1921","Kaggle_6863442","0.43902439024390244","GOME Electrical Appliances Holding","foshan shunde kinqi electrical appliances co., ltd."
"Forbes843","Kaggle_5751595","0.4375","American Financial Group","american railroads corp"
"Forbes15","Kaggle_1295219","0.4358974358974359","Samsung Electronics","samsung electronics air conditioner europe b.v."
"Forbes2","Kaggle_6823073","0.43478260869565216","China Construction Bank","f. d. neal construction ltd."
"Forbes202","Kaggle_522802","0.43333333333333335","Brookfield Asset Management","prime asset management"
"Forbes1011","Kaggle_912465","0.43243243243243246","China Grand Automotive Services","magna automotive services gmbh"
"Forbes1394","Kaggle_483400","0.4318181818181818","Focus Media Information Technology","pbs information technology & information services corporation"
"Forbes71","Kaggle_71939","0.43137254901960786","China State Construction Engineering","epstein architecture, engineering and construction"
"Forbes7","Kaggle_3265885","0.42857142857142855","Bank of America","american brownieÂ®"
"Forbes71","Kaggle_5597056","0.42592592592592593","China State Construction Engineering","china electronics system engineering no.2 construction co., ltd."
"Forbes555","Kaggle_37395","0.425531914893617","Associated British Foods","ab mauri, a global business of associated british foods plc"
"Forbes1795","Kaggle_145553","0.425","RioCan Real Estate Investment Trust","goldoller real estate investments"
"Forbes1489","Kaggle_1143429","0.42424242424242425","Scripps Networks Interactive","agent interactive network ltd."
"Forbes622","Kaggle_4257459","0.4230769230769231","Murata Manufacturing","manufacturing machine corp"
"Forbes71","Kaggle_256215","0.4222222222222222","China State Construction Engineering","mariout engineering and construction (mec)"
"Forbes52","Kaggle_2664113","0.42105263157894735","China Life Insurance","r-h insurance group"
"Forbes71","Kaggle_1203907","0.42","China State Construction Engineering","advanced construction & engineering resources"
"Forbes202","Kaggle_4085070","0.41935483870967744","Brookfield Asset Management","argyll asset management limited"
"Forbes504","Kaggle_3836268","0.4186046511627907","China Merchants Shekou Industrial Zone Holdings","china merchants industry holdings company limited"
"Forbes1096","Kaggle_748479","0.4166666666666667","Shanghai Construction","construction form"
"Forbes377","Kaggle_1652746","0.4146341463414634","Tata Consultancy Services","archaeological consultancy services unit"
"Forbes14","Kaggle_5676464","0.41379310344827586","General Electric","general electronic services (ges)"
"Forbes71","Kaggle_1706295","0.41304347826086957","China State Construction Engineering","engineering, procurement & construction, inc"
"Forbes207","Kaggle_2620332","0.4117647058823529","MS&AD Insurance","pool insurance ltd."
"Forbes71","Kaggle_6874571","0.41025641025641024","China State Construction Engineering","construct engineering bvba"
"Forbes1689","Kaggle_1544544","0.4090909090909091","Molina Healthcare","enclara healthcare"
"Forbes1798","Kaggle_196284","0.40816326530612246","InterContinental Hotels","crowne plaza soaltee kathmandu, intercontinental hotels group"
"Forbes971","Kaggle_5441293","0.4074074074074074","Daito Trust Construction","reliant construction corp, inc."
"Forbes71","Kaggle_1953939","0.4067796610169492","China State Construction Engineering","china construction eighth engineering division corporation limited (dubai branch)"
"Forbes294","Kaggle_2628209","0.40625","China Huarong Asset Management","qfs asset management, l.p."
"Forbes1985","Kaggle_6916125","0.40540540540540543","Konica Minolta Business Solutions","sapient business solutions inc"
"Forbes1795","Kaggle_295895","0.40476190476190477","RioCan Real Estate Investment Trust","amlak masr for real estate investment"
"Forbes1394","Kaggle_4275588","0.40425531914893614","Focus Media Information Technology","guangzhou binxiong information technology co., ltd"
"Forbes71","Kaggle_134833","0.40384615384615385","China State Construction Engineering","bi group (development & construction & engineering & road construction)"
"Forbes1974","Kaggle_4691308","0.4","Nanya Technology","speed technology group"
"Forbes71","Kaggle_4413770","0.39622641509433965","China State Construction Engineering","australian construction & engineering services pty ltd"
"Forbes1394","Kaggle_2982372","0.3958333333333333","Focus Media Information Technology","e-volve information technology services, llc"
"Forbes1921","Kaggle_6809792","0.3953488372093023","GOME Electrical Appliances Holding","ningbo sanity lighting electrical appliance co., ltd"
"Forbes1985","Kaggle_6929461","0.39473684210526316","Konica Minolta Business Solutions","slate business solutions, llc"
"Forbes202","Kaggle_5673745","0.3939393939393939","Brookfield Asset Management","empery asset management, lp"
"Forbes167","Kaggle_3683573","0.39285714285714285","China Railway Construction","remey construction"
"Forbes1394","Kaggle_4145455","0.39215686274509803","Focus Media Information Technology","fortune information technology & computer solutions"
"Forbes1719","Kaggle_3495719","0.391304347826087","City Developments","chelsea development co"
"Forbes1394","Kaggle_2737289","0.3902439024390244","Focus Media Information Technology","built informationstechnologie ag"
"Forbes318","Kaggle_3745078","0.3888888888888889","Discover Financial Services","aur services"
"Forbes71","Kaggle_6660145","0.3877551020408163","China State Construction Engineering","all pro australia engineering & construction"
"Forbes127","Kaggle_2192204","0.3870967741935484","Taiwan Semiconductor","vision semiconductor solutions"
"Forbes1683","Kaggle_3162808","0.38636363636363635","Commercial Bank For Investment & Development Of Vietnam","stone investment and development group"
"Forbes71","Kaggle_3732386","0.38596491228070173","China State Construction Engineering","simem construction & environmental engineering private limited"
"Forbes1980","Kaggle_2307509","0.38461538461538464","F5 Networks","myrse network"
"Forbes71","Kaggle_5370012","0.3829787234042553","China State Construction Engineering","al-musaddiq construction engineers (pvt) ltd"
"Forbes294","Kaggle_186798","0.38235294117647056","China Huarong Asset Management","allianz asset management"
"Forbes71","Kaggle_2784259","0.38181818181818183","China State Construction Engineering","nt stockholm - construction & engineering specialists"
"Forbes961","Kaggle_5128289","0.38095238095238093","BOE Technology Group","technology today llc"
"Forbes71","Kaggle_4521114","0.38","China State Construction Engineering","al markazi for engineering and construction (mec)"
"Forbes1332","Kaggle_3036046","0.3793103448275862","Koito Manufacturing","rand manufacturing network"
"Forbes1306","Kaggle_1558935","0.3783783783783784","Pioneer Natural Resources","natural resources, utah department of"
"Forbes1795","Kaggle_3826072","0.37777777777777777","RioCan Real Estate Investment Trust","tenax real estate and investment properties"
"Forbes71","Kaggle_2849135","0.37735849056603776","China State Construction Engineering","rajarajan engineering consultancy & construction pvt. ltd.,"
"Forbes1387","Kaggle_1007756","0.375","Partners Group Holding","tomorrow partners"
"Forbes1394","Kaggle_5403425","0.37254901960784315","Focus Media Information Technology","cloudit - information technology, unipessoal, lda."
"Forbes65","Kaggle_2099020","0.37209302325581395","Shanghai Pudong Development","shanghai chemical industry park development co.,ltd"
"Forbes294","Kaggle_642596","0.37142857142857144","China Huarong Asset Management","cutwater asset management"
"Forbes167","Kaggle_5106540","0.37037037037037035","China Railway Construction","osm construction"
"Forbes1795","Kaggle_5191204","0.3695652173913043","RioCan Real Estate Investment Trust","qatar real estate & investment co. al aqaria qsc."
"Forbes1533","Kaggle_2862341","0.3684210526315789","Mitsui Chemicals","q-ing chemicals"
"Forbes1683","Kaggle_3021031","0.3673469387755102","Commercial Bank For Investment & Development Of Vietnam","daio - investment & development company"
"Forbes603","Kaggle_720115","0.36666666666666664","New World Development","child developmental clinic"
"Forbes364","Kaggle_3132591","0.36585365853658536","Gree Electric Appliances","jiaxing super lighting electric appliance co., ltd"
"Forbes1394","Kaggle_3828963","0.36538461538461536","Focus Media Information Technology","huazheng geospace information technology co.,ltd"
"Forbes223","Kaggle_4339910","0.36363636363636365","Sun Hung Kai Properties","3rb properties"
"Forbes377","Kaggle_4571005","0.3617021276595745","Tata Consultancy Services","hotelkonnect - hotel management & consultancy services"
"Forbes202","Kaggle_1797353","0.3611111111111111","Brookfield Asset Management","tridion asset management gmbh"
"Forbes824","Kaggle_4863729","0.36","SM Investments","castledermot investments"
"Forbes214","Kaggle_466534","0.358974358974359","People's Insurance Company","edelweiss general insurance company limited"
"Forbes1394","Kaggle_1786670","0.3584905660377358","Focus Media Information Technology","auburn university office of information technology"
"Forbes946","Kaggle_5265278","0.35714285714285715","Galaxy Entertainment","simply good entertainment"
"Forbes71","Kaggle_2321072","0.3559322033898305","China State Construction Engineering","ajami group ltd - construction, architectural & engineering services"
"Forbes1683","Kaggle_4892101","0.35555555555555557","Commercial Bank For Investment & Development Of Vietnam","acp commercial investments"
"Forbes1049","Kaggle_657931","0.3548387096774194","Advanced Semiconductor","????? gowin semiconductor corp"
"Forbes1683","Kaggle_5564342","0.3541666666666667","Commercial Bank For Investment & Development Of Vietnam","commercial mortgage & investment"
"Forbes318","Kaggle_1960127","0.35294117647058826","Discover Financial Services","m financial services"
"Forbes71","Kaggle_1393650","0.35185185185185186","China State Construction Engineering","qatar specialized engineering & constructions w.l.l."
"Forbes202","Kaggle_2822920","0.35135135135135137","Brookfield Asset Management","foundation asset management hk"
"Forbes1394","Kaggle_1636223","0.3508771929824561","Focus Media Information Technology","k. j. somaiya institute of engineering and information technology"
"Forbes831","Kaggle_2564680","0.35","EOG Resources","external resources, inc."
"Forbes1306","Kaggle_3201467","0.3488372093023256","Pioneer Natural Resources","journal of natural resources and development jnrd"
"Forbes1464","Kaggle_191861","0.34782608695652173","AECOM Technology","technology links (pvt) ltd"
"Forbes377","Kaggle_3132810","0.3469387755102041","Tata Consultancy Services","arkom project management & consultancy services dmcc"
"Forbes1460","Kaggle_2979383","0.34615384615384615","Melco International Development","ultrastark development ag"
"Forbes1394","Kaggle_1411328","0.34545454545454546","Focus Media Information Technology","ecit - institute of electronics, communications & information technology"
"Forbes1993","Kaggle_6590907","0.3448275862068966","Live Nation Entertainment","capella entertainment corporation"
"Forbes71","Kaggle_1279095","0.3442622950819672","China State Construction Engineering","ofrs - environmental construction & engineering specialists"
"Forbes52","Kaggle_1158352","0.34375","China Life Insurance","catholic family life insurance"
"Forbes1868","Kaggle_6678758","0.34285714285714286","Beijing Capital Development","total development & management inc."
"Forbes202","Kaggle_2030112","0.34210526315789475","Brookfield Asset Management","plant asset management (petrofac)"
"Forbes214","Kaggle_185210","0.34146341463414637","People's Insurance Company","liberty bankers life insurance company"
"Forbes1985","Kaggle_4301667","0.3409090909090909","Konica Minolta Business Solutions","trillium pointe business solutions inc."
"Forbes65","Kaggle_3618769","0.3404255319148936","Shanghai Pudong Development","shanghai sincere development welding machine co., ltd."
"Forbes1447","Kaggle_3883134","0.34","RiseSun Real Estate Development","next real estate investments & business developments"
"Forbes71","Kaggle_3228688","0.3392857142857143","China State Construction Engineering","renaissance uk (ruk) construction and civil engineering"
"Forbes1096","Kaggle_1721390","0.3333333333333333","Shanghai Construction","peli construction company, llc"
"Forbes1394","Kaggle_397179","0.32786885245901637","Focus Media Information Technology","rebit | reserve bank information technology pvt ltd, the it subsidiary of reserve bank of india"
"Forbes71","Kaggle_721570","0.3275862068965517","China State Construction Engineering","national iranian oil engineering & construction company"
"Forbes1683","Kaggle_3069582","0.32727272727272727","Commercial Bank For Investment & Development Of Vietnam","development and management house for investments"
"Forbes1795","Kaggle_3883134","0.3269230769230769","RioCan Real Estate Investment Trust","next real estate investments & business developments"
"Forbes3","Kaggle_510946","0.32653061224489793","Berkshire Hathaway","berkshire hathaway homeservices hudson river properties"
"Forbes1985","Kaggle_2616552","0.32608695652173914","Konica Minolta Business Solutions","yangon heartz : media & business solution"
"Forbes214","Kaggle_6974288","0.32558139534883723","People's Insurance Company","reliance national insurance company (europe) limited"
"Forbes71","Kaggle_3513704","0.325","China State Construction Engineering","engineered constructors inc"
"Forbes71","Kaggle_69308","0.32432432432432434","China State Construction Engineering","cengiz construction"
"Forbes1669","Kaggle_4435774","0.3235294117647059","American Equity Investment","american equine insurance ltd"
"Forbes71","Kaggle_1030300","0.3230769230769231","China State Construction Engineering","nyc charter high school of architecture and engineering and construction industries"
"Forbes1504","Kaggle_3066864","0.3225806451612903","Maxim Integrated Products","maxim hygiene products"
"Forbes1394","Kaggle_962389","0.3220338983050847","Focus Media Information Technology","madhya pradesh agency for promotion  of information technology"
"Forbes1504","Kaggle_1115724","0.32142857142857145","Maxim Integrated Products","martin integrated"
"Forbes377","Kaggle_4744685","0.32075471698113206","Tata Consultancy Services","zietex limited.interim management and consultancy services,"
"Forbes1265","Kaggle_4435366","0.32","Darden Restaurants","the coast bar and restaurant"
"Forbes202","Kaggle_719917","0.3191489361702128","Brookfield Asset Management","edmond de rothschild asset management (france)"
"Forbes709","Kaggle_408672","0.3181818181818182","Republic Services","ugi hvac services"
"Forbes1657","Kaggle_4960118","0.31746031746031744","Joint Stock Commercial Bank for Foreign Trade of Vietnam","non-commercial partnership for foreign trade ""proved"""
"Forbes327","Kaggle_2724293","0.3170731707317073","China Cinda Asset Management","brandpark digital asset management"
"Forbes1394","Kaggle_6737194","0.31666666666666665","Focus Media Information Technology","finance and information technology fit performance strategies, llc"
"Forbes660","Kaggle_4583764","0.3157894736842105","National Bank of Abu Dhabi","fba national"
"Forbes1921","Kaggle_4581571","0.3148148148148148","GOME Electrical Appliances Holding","sandipak health equipment & electrical appliance company"
"Forbes1394","Kaggle_1750868","0.3142857142857143","Focus Media Information Technology","flexion technology inc."
"Forbes65","Kaggle_888447","0.3137254901960784","Shanghai Pudong Development","shanghai supercity enterprise development company"
"Forbes260","Kaggle_333581","0.3125","Deere & Company","companyoung"
"Forbes1394","Kaggle_522794","0.3114754098360656","Focus Media Information Technology","south florida state college - business and information technology"
"Forbes214","Kaggle_694052","0.3111111111111111","People's Insurance Company","national investors title insurance company"
"Forbes750","Kaggle_1572948","0.3103448275862069","China Energy Engineering","masar engineering insudtries"
"Forbes1394","Kaggle_5537753","0.30952380952380953","Focus Media Information Technology","sva communication technology co., ltd."
"Forbes377","Kaggle_6569346","0.3090909090909091","Tata Consultancy Services","holder and associates counselling & consultancy services (haccs)"
"Forbes540","Kaggle_3357684","0.3076923076923077","Public Service Enterprise Group","iy enterprises"
"Forbes71","Kaggle_1227816","0.3064516129032258","China State Construction Engineering","engineering , procurement,construction,production , maintenance"
"Forbes1795","Kaggle_746289","0.30612244897959184","RioCan Real Estate Investment Trust","crosspoint investment banking & real estate"
"Forbes1541","Kaggle_8550","0.3055555555555556","Continental Resources","intercontinental hotels & resorts"
"Forbes1795","Kaggle_4418249","0.3050847457627119","RioCan Real Estate Investment Trust","management consultant in real estate, investment manager vietnam"
"Forbes1184","Kaggle_1906705","0.30434782608695654","Motorola Solutions","amatak solutions co., ltd."
"Forbes1683","Kaggle_3224387","0.30357142857142855","Commercial Bank For Investment & Development Of Vietnam","planning development commercial lawyers"
"Forbes2","Kaggle_1171976","0.30303030303030304","China Construction Bank","northland construction supplies"
"Forbes1394","Kaggle_910020","0.3023255813953488","Focus Media Information Technology","sunplus innovation technology inc"
"Forbes1985","Kaggle_5506489","0.3018867924528302","Konica Minolta Business Solutions","bsm investment - business solutions for management group"
"Forbes71","Kaggle_6992341","0.30158730158730157","China State Construction Engineering","the institute of structural engineering, earthquake engineering and construction it"
"Forbes138","Kaggle_2512408","0.3","Korea Electric Power","e3 electrical, inc."
"Forbes1985","Kaggle_2583866","0.2978723404255319","Konica Minolta Business Solutions","zinnox business & technology solutions"
"Forbes71","Kaggle_1145098","0.2972972972972973","China State Construction Engineering","kotze construction co."
"Forbes618","Kaggle_1543625","0.2962962962962963","Siam Commercial Bank","iken commercial interiors"
"Forbes202","Kaggle_5856173","0.29545454545454547","Brookfield Asset Management","suisse capital asset management company"
"Forbes1683","Kaggle_2971640","0.29508196721311475","Commercial Bank For Investment & Development Of Vietnam","""astana invest"" city development center for investments"" ll"
"Forbes1788","Kaggle_2457617","0.29411764705882354","Core-Mark Holding Company","the up company"
"Forbes71","Kaggle_1937846","0.2926829268292683","China State Construction Engineering","center state engineering"
"Forbes71","Kaggle_1369778","0.2923076923076923","China State Construction Engineering","mechfire engineering & construction pte ltd (marine & offshore division)"
"Forbes1184","Kaggle_1102099","0.2916666666666667","Motorola Solutions","luminet solutions inc."
"Forbes71","Kaggle_5220431","0.2909090909090909","China State Construction Engineering","china textile industrial engineering institute"
"Forbes619","Kaggle_411153","0.2903225806451613","China Eastern Airlines","south east asian airlines"
"Forbes191","Kaggle_67987","0.2894736842105263","Dai-ichi Life Insurance","transamerica life insurance company"
"Forbes1394","Kaggle_3199680","0.28888888888888886","Focus Media Information Technology","advanced singulation technology"
"Forbes71","Kaggle_1063116","0.28846153846153844","China State Construction Engineering","erickson structural consulting engineers"
"Forbes71","Kaggle_4506480","0.2878787878787879","China State Construction Engineering","golden wing engineering & civil construction pty limited t/a labour solutions"
"Forbes223","Kaggle_2548194","0.2857142857142857","Sun Hung Kai Properties","aimpoint properties"
"Forbes1798","Kaggle_731292","0.2830188679245283","InterContinental Hotels","intercontinental los angeles downtown at wilshire grand"
"Forbes71","Kaggle_1614153","0.2826086956521739","China State Construction Engineering","china hualu engineering company"
"Forbes253","Kaggle_6693131","0.28205128205128205","Samsung Life Insurance","home security life insurance company"
"Forbes71","Kaggle_908196","0.28169014084507044","China State Construction Engineering","prodesign engineering & construction - bucharest | timisoara | cluj-napoca"
"Forbes65","Kaggle_6690806","0.28125","Shanghai Pudong Development","formium development"
"Forbes1838","Kaggle_6778306","0.2807017543859649","China Railway Signal & Communication","china national postal and telecommunications appliances corporation"
"Forbes52","Kaggle_2424757","0.28","China Life Insurance","tc irons insurance"
"Forbes71","Kaggle_6700613","0.27906976744186046","China State Construction Engineering","amazing grace construction"
"Forbes1683","Kaggle_5267613","0.2786885245901639","Commercial Bank For Investment & Development Of Vietnam","kore real estate - brokerage / investment / development"
"Forbes1670","Kaggle_5794728","0.2777777777777778","Cnpc Capital","phillip capital & co."
"Forbes202","Kaggle_345337","0.2765957446808511","Brookfield Asset Management","china southern asset management co., ltd (??????????)"
"Forbes1165","Kaggle_1591994","0.27586206896551724","Mitsubishi Materials","lewisville mitsubishi"
"Forbes1348","Kaggle_249052","0.275","Electric Power Development","coast electric power association"
"Forbes71","Kaggle_3105393","0.27450980392156865","China State Construction Engineering","chebli machinery and construction company"
"Forbes979","Kaggle_2254399","0.2727272727272727","Leucadia National","national news 247"
"Forbes71","Kaggle_3976270","0.2714285714285714","China State Construction Engineering","weiconsult pty ltd (engineering consultancy and construction management services)"
"Forbes625","Kaggle_3075009","0.2708333333333333","China Fortune Land Development","sunrise agriland development and research pvt. ltd"
"Forbes971","Kaggle_4862401","0.2702702702702703","Daito Trust Construction","johnson construction managment inc."
"Forbes1318","Kaggle_145204","0.2692307692307692","Vedanta Resources","sandfire resources nl"
"Forbes71","Kaggle_5688367","0.2682926829268293","China State Construction Engineering","twin pines construction"
"Forbes1986","Kaggle_2672059","0.26666666666666666","Synnex Technology Intl","biometrics technology international, inc."
"Forbes71","Kaggle_3514983","0.2653061224489796","China State Construction Engineering","intecorp consulting and engineering s.a.s"
"Forbes1795","Kaggle_3762261","0.2647058823529412","RioCan Real Estate Investment Trust","apple investment"
"Forbes1683","Kaggle_2930692","0.2641509433962264","Commercial Bank For Investment & Development Of Vietnam","investmates real estate & development"
"Forbes1461","Kaggle_1574941","0.2631578947368421","Citrix Systems","vidiom systems"
"Forbes1838","Kaggle_2549676","0.2619047619047619","China Railway Signal & Communication","perspective communication"
"Forbes184","Kaggle_1302353","0.2608695652173913","Southern Company","the education company"
"Forbes71","Kaggle_232390","0.26","China State Construction Engineering","cbe - engineering and telecommunications"
"Forbes1142","Kaggle_2312157","0.25925925925925924","Hyundai Engineering","ingenuity engineers, inc."
"Forbes1683","Kaggle_297815","0.25862068965517243","Commercial Bank For Investment & Development Of Vietnam","commerce development research institute"
"Forbes171","Kaggle_4355732","0.25806451612903225","Hewlett Packard Enterprise","enterprise tech s.a.c."
"Forbes65","Kaggle_1940414","0.2571428571428571","Shanghai Pudong Development","development in practice"
"Forbes71","Kaggle_4505398","0.2564102564102564","China State Construction Engineering","abacus construction"
"Forbes71","Kaggle_4133605","0.2558139534883721","China State Construction Engineering","mbm consulting engineering"
"Forbes1838","Kaggle_2135458","0.2553191489361702","China Railway Signal & Communication","pharaoh communication saudi arabia co."
"Forbes71","Kaggle_4358560","0.2549019607843137","China State Construction Engineering","agrihaul engineering steel4structures"
"Forbes364","Kaggle_4581571","0.2545454545454545","Gree Electric Appliances","sandipak health equipment & electrical appliance company"
"Forbes71","Kaggle_2297512","0.2542372881355932","China State Construction Engineering","orakoglu structural engineering & consulting limited company"
"Forbes1683","Kaggle_2654724","0.25396825396825395","Commercial Bank For Investment & Development Of Vietnam","true north commercial real estate investment trust"
"Forbes761","Kaggle_2254198","0.25","Credicorp","credit corporation of america"
"Forbes445","Kaggle_196284","0.24561403508771928","IntercontinentalExchange","crowne plaza soaltee kathmandu, intercontinental hotels group"
"Forbes71","Kaggle_3730767","0.24528301886792453","China State Construction Engineering","""live in thassos"" construction and real estate"
"Forbes71","Kaggle_1589881","0.24489795918367346","China State Construction Engineering","cmc - construction material company"
"Forbes1270","Kaggle_454113","0.24444444444444444","China Life Insurance (Taiwan)","american public life insurance company"
"Forbes71","Kaggle_2720431","0.24390243902439024","China State Construction Engineering","titanium construction inc"
"Forbes625","Kaggle_4286610","0.24324324324324326","China Fortune Land Development","ed ecommerce development"
"Forbes1971","Kaggle_532058","0.24242424242424243","Tian An China Investments","webb investment network"
"Forbes1413","Kaggle_4853794","0.2413793103448276","Stockland Australia","wellserv australia pty ltd"
"Forbes1683","Kaggle_2604058","0.24074074074074073","Commercial Bank For Investment & Development Of Vietnam","commercial catering equipment llc"
"Forbes1251","Kaggle_4113078","0.24","Check Point Software","minidba software"
"Forbes71","Kaggle_1243838","0.2391304347826087","China State Construction Engineering","messing construction company, inc."
"Forbes902","Kaggle_4352289","0.23809523809523808","Alliance Data Systems","3am systems"
"Forbes1683","Kaggle_802950","0.23728813559322035","Commercial Bank For Investment & Development Of Vietnam","town of ware - community development department"
"Forbes214","Kaggle_1716634","0.23684210526315788","People's Insurance Company","united services insurance, llc"
"Forbes202","Kaggle_751703","0.23636363636363636","Brookfield Asset Management","adcap | securities | asset management | investment banking"
"Forbes1663","Kaggle_592996","0.23529411764705882","Catcher Technology","dynamic technology systems, inc. (dts)"
"Forbes377","Kaggle_3976270","0.234375","Tata Consultancy Services","weiconsult pty ltd (engineering consultancy and construction management services)"
"Forbes71","Kaggle_2143513","0.23404255319148937","China State Construction Engineering","construction safety associates, inc."
"Forbes1171","Kaggle_6562386","0.23333333333333334","Skyworks Solutions","rea remedial solutions, l.c."
"Forbes71","Kaggle_851899","0.23255813953488372","China State Construction Engineering","construction supply & erection"
"Forbes915","Kaggle_1530090","0.23214285714285715","Zhejiang Zheneng Electric Power","zhejiang siko machinery & electrical manufacturing co., ltd"
"Forbes536","Kaggle_3950468","0.23076923076923078","Tokyo Electric Power","flanders electric"
"Forbes1683","Kaggle_993661","0.22950819672131148","Commercial Bank For Investment & Development Of Vietnam","rural community development programme - rcdp"
"Forbes1657","Kaggle_884637","0.22916666666666666","Joint Stock Commercial Bank for Foreign Trade of Vietnam","oreck commercial sales"
"Forbes1974","Kaggle_871631","0.22857142857142856","Nanya Technology","itimpulse technology services pvt. ltd."
"Forbes294","Kaggle_751703","0.22807017543859648","China Huarong Asset Management","adcap | securities | asset management | investment banking"
"Forbes1394","Kaggle_6799396","0.22727272727272727","Focus Media Information Technology","itension (tensional informatics ab)"
"Forbes872","Kaggle_6652599","0.22641509433962265","China Merchants Securities","beijing china securities eternal far investments"
"Forbes1649","Kaggle_6809445","0.22580645161290322","Deutsche Pfandbriefbank","deutscher videoring"
"Forbes1447","Kaggle_5472239","0.225","RiseSun Real Estate Development","indi indigenous development inc."
"Forbes1332","Kaggle_3896268","0.22448979591836735","Koito Manufacturing","tt electronics integrated manufacturing services limited"
"Forbes1683","Kaggle_5690969","0.22413793103448276","Commercial Bank For Investment & Development Of Vietnam","westsyde community development society"
"Forbes1011","Kaggle_2928831","0.2222222222222222","China Grand Automotive Services","jenoptik automotive"
"Forbes71","Kaggle_3383958","0.22033898305084745","China State Construction Engineering","technical globe company, engineering and consulting inc."
"Forbes1683","Kaggle_3361220","0.22","Commercial Bank For Investment & Development Of Vietnam","veracity talent development"
"Forbes71","Kaggle_3164358","0.21951219512195122","China State Construction Engineering","foremost engineering"
"Forbes364","Kaggle_293266","0.21875","Gree Electric Appliances","h.j golding electrical"
"Forbes1394","Kaggle_4691079","0.21818181818181817","Focus Media Information Technology","business technology automation & management"
"Forbes1196","Kaggle_3589918","0.21739130434782608","Advanced Info Service","rji services, inc."
"Forbes1838","Kaggle_1973209","0.21666666666666667","China Railway Signal & Communication","comtois & carignan, consultants en telecommunications"
"Forbes1394","Kaggle_1574891","0.21621621621621623","Focus Media Information Technology","emerge technology"
"Forbes1683","Kaggle_1721974","0.21568627450980393","Commercial Bank For Investment & Development Of Vietnam","sequel management and development"
"Forbes874","Kaggle_3369832","0.21428571428571427","Entergy","mu enterprise"
"Forbes1683","Kaggle_3762160","0.2127659574468085","Commercial Bank For Investment & Development Of Vietnam","landford developments ltd."
"Forbes1985","Kaggle_1446077","0.21212121212121213","Konica Minolta Business Solutions","4fox solutions"
"Forbes71","Kaggle_5807310","0.21153846153846154","China State Construction Engineering","sundown bioengineering consultants, ltd."
"Forbes1403","Kaggle_1372310","0.21052631578947367","Materials Industry Zhongda Group","industrial data associates, inc."
"Forbes1755","Kaggle_5603496","0.20930232558139536","China National Materials","shanghai fanta dental materials co.,ltd"
"Forbes1968","Kaggle_5012009","0.20833333333333334","ServiceNow","a & w construction services"
"Forbes1394","Kaggle_828937","0.20754716981132076","Focus Media Information Technology","national college of automotive technology"
"Forbes226","Kaggle_717137","0.20689655172413793","Qatar National Bank","national electricity corporation of sudan"
"Forbes1985","Kaggle_144410","0.20588235294117646","Konica Minolta Business Solutions","chef solutions"
"Forbes811","Kaggle_1490112","0.20512820512820512","LG Electronics","suzhou kylin electronic technology co.,ltd"
"Forbes1669","Kaggle_295895","0.20454545454545456","American Equity Investment","amlak masr for real estate investment"
"Forbes71","Kaggle_2385797","0.20408163265306123","China State Construction Engineering","professional power engineering co"
"Forbes622","Kaggle_867728","0.2037037037037037","Murata Manufacturing","cixi jinlong copper & aluminium tube manufacturing company"
"Forbes1795","Kaggle_718821","0.2033898305084746","RioCan Real Estate Investment Trust","??????????  china state construction international investments ltd."
"Forbes97","Kaggle_5291487","0.2","American Express","terex latin america"
