"dbpedia_2733","Kaggle_5843707","1.0","Match Group","match-group"
"dbpedia_4290","Kaggle_5334032","0.9411764705882353","The Marketing Group","the marketing groups"
"dbpedia_226","Kaggle_5409518","0.9333333333333333","American Express","american expresss"
"dbpedia_2001","Kaggle_6661126","0.9285714285714286","Hollywood Video","hollywood videos"
"dbpedia_2418","Kaggle_6630584","0.9230769230769231","Kimberly-Clark","kimberly clarke"
"dbpedia_3124","Kaggle_6617294","0.9166666666666666","Nventa Biopharmaceuticals Corporation","nventa biopharmaceuticals corpporation"
"dbpedia_1405","Kaggle_5656399","0.9130434782608695","Electrolux Professional","electrolux professional b.v."
"dbpedia_878","Kaggle_5326243","0.9090909090909091","ChargePoint","chargepoints"
"dbpedia_3262","Kaggle_5449805","0.9032258064516129","Pacific Horizon Investment Trust","pacific horizon investment trust plc"
"dbpedia_4544","Kaggle_5721997","0.9","United Parcel Service","ups  united parcel service"
"dbpedia_1380","Kaggle_6861091","0.896551724137931","Education Management Corporation","education management corporation (emc)"
"dbpedia_1532","Kaggle_6603387","0.8947368421052632","FalconStor Software","falconstor software uk"
"dbpedia_2187","Kaggle_5712438","0.8928571428571429","International Personal Finance","international personal finance plc"
"dbpedia_164","Kaggle_5437638","0.8888888888888888","Alexander's","alexander"
"dbpedia_827","Kaggle_5717952","0.8846153846153846","Cash America International","cash america international, inc."
"dbpedia_4632","Kaggle_5343008","0.8823529411764706","Visco Corporation","visco corporation oy"
"dbpedia_229","Kaggle_5338425","0.88","American Shipping Company","american shipping company inc"
"dbpedia_2199","Kaggle_6822065","0.875","Inventec","inventech"
"dbpedia_3306","Kaggle_5285243","0.8695652173913043","People's Leasing & Finance","people's leasing & finance plc"
"dbpedia_2260","Kaggle_5569986","0.8666666666666667","Jadranska vrata","jadranska vrata d.d."
"dbpedia_4071","Kaggle_6941775","0.8636363636363636","Sunday Communications","sunday communications ltd."
"dbpedia_1224","Kaggle_5793191","0.8571428571428571","Del Taco","deltacom"
"dbpedia_1482","Kaggle_5350527","0.85","European Goldfields","european goldfields ltd"
"dbpedia_3352","Kaggle_6869562","0.8461538461538461","Phoenix Group","phoenix group uk"
"dbpedia_3567","Kaggle_5318502","0.8421052631578947","Research Frontiers","research frontiers inc."
"dbpedia_3254","Kaggle_6881774","0.8333333333333334","PV Crystalox Solar","pv crystalox solar plc"
"dbpedia_1223","Kaggle_6946884","0.825","Deepak Fertilisers and Petrochemicals","deepak fertilisers and petrochemicals corp. ltd."
"dbpedia_801","Kaggle_5264573","0.8235294117647058","Capital & Regional","capital & regional plc"
"dbpedia_1214","Kaggle_5316164","0.8181818181818182","Datamatics","datamatic spa"
"dbpedia_2705","Kaggle_6836949","0.8125","Maple Leaf Foods","mapleleaf foods llc"
"dbpedia_2768","Kaggle_5839661","0.8","Medialink","medialink sh"
"dbpedia_3994","Kaggle_5365592","0.7916666666666666","Star Entertainment Group","nexstar entertainment group"
"dbpedia_1096","Kaggle_5599835","0.7894736842105263","Creative Technology","kreative technology"
"dbpedia_1799","Kaggle_5333154","0.7857142857142857","Goodman Group","goodman group llc"
"dbpedia_1415","Kaggle_5453504","0.782608695652174","Elron Electronic Industries","electronic industrie"
"dbpedia_1917","Kaggle_5523931","0.78125","Health Insurance Innovations","health insurance innovations inc (hiiq)"
"dbpedia_1628","Kaggle_5630650","0.7777777777777778","Fosun International","sun international"
"dbpedia_883","Kaggle_5464714","0.7727272727272727","Charter International","air charter international"
"dbpedia_2419","Kaggle_6905227","0.7692307692307693","Kimco Realty","kimco realty corp"
"dbpedia_2186","Kaggle_6635440","0.7666666666666667","International Ferro Metals","international ferro metals limited"
"dbpedia_765","Kaggle_5841458","0.7647058823529411","CRA International","p r a international"
"dbpedia_86","Kaggle_5371077","0.7619047619047619","Access Engineering","access engineering group"
"dbpedia_3912","Kaggle_5780751","0.75","SoFi","sofia"
"dbpedia_2407","Kaggle_6804826","0.7419354838709677","Kerala Automobiles Limited","kerala automobiles limited kal - india"
"dbpedia_2483","Kaggle_6803846","0.7391304347826086","L&T Technology Services","gant technology services"
"dbpedia_2062","Kaggle_5770717","0.7368421052631579","I&M Holdings Limited","smm holdings limited"
"dbpedia_4499","Kaggle_5631951","0.7333333333333333","UGI Corporation","igi corporation"
"dbpedia_2187","Kaggle_5854792","0.7307692307692307","International Personal Finance","international finances"
"dbpedia_2951","Kaggle_5358872","0.7272727272727273","NS Solutions","w3s solutions"
"dbpedia_855","Kaggle_5732767","0.7241379310344828","Centennial Communications","centennial telecommunications"
"dbpedia_4301","Kaggle_6583148","0.7222222222222222","The Swatch Group","the swatch group (u.s.) inc."
"dbpedia_2936","Kaggle_5797828","0.72","NH Investment & Securities","lig investment & securities"
"dbpedia_3740","Kaggle_5470585","0.71875","Sangoma Technologies Corporation","sanol technologies corporation"
"dbpedia_3792","Kaggle_6928609","0.7142857142857143","Secure Trust Bank","securetrust"
"dbpedia_2783","Kaggle_5767976","0.7096774193548387","Melstar Information Technologies","star information technology"
"dbpedia_2483","Kaggle_6769338","0.7083333333333334","L&T Technology Services","revet technology services"
"dbpedia_4290","Kaggle_6710942","0.7058823529411765","The Marketing Group","a-1 marketing group"
"dbpedia_3994","Kaggle_6590514","0.7037037037037037","Star Entertainment Group","yoostar entertainment group, inc."
"dbpedia_4444","Kaggle_5268512","0.7","Treet Corporation","sun street corporation"
"dbpedia_2783","Kaggle_5602821","0.696969696969697","Melstar Information Technologies","stark information technologies"
"dbpedia_1958","Kaggle_5355022","0.6956521739130435","Hindalco Industries","hindalco industries limited"
"dbpedia_4500","Kaggle_5828805","0.6923076923076923","UMB Financial Corporation","raf financial corporation"
"dbpedia_1582","Kaggle_5414469","0.6896551724137931","First National Financial Corporation","first national corporation"
"dbpedia_3492","Kaggle_5322484","0.6875","RPG Life Sciences","vg life sciences"
"dbpedia_4408","Kaggle_6666693","0.6842105263157895","Tower International","ger international"
"dbpedia_2808","Kaggle_6570138","0.6818181818181818","Micro-Star International","5 star international"
"dbpedia_4207","Kaggle_5490572","0.68","Tata Consultancy Services","rp consultancy & services"
"dbpedia_762","Kaggle_5568762","0.6785714285714286","COSCO Shipping International","art shipping international"
"dbpedia_87","Kaggle_5821034","0.6774193548387096","Accton Technology Corporation","solomon technology corporation"
"dbpedia_4126","Kaggle_6666205","0.6666666666666666","TFI International","eqi international"
"dbpedia_2918","Kaggle_6940639","0.65625","Munhwa Broadcasting Corporation","lin broadcasting corporation"
"dbpedia_4027","Kaggle_5768668","0.6551724137931034","Storage Technology Corporation","b&r technology corporation"
"dbpedia_1571","Kaggle_5750413","0.6538461538461539","First Community Bancshares","first community bancorp"
"dbpedia_3116","Kaggle_6562856","0.6521739130434783","Nuance Communications","balance communication"
"dbpedia_884","Kaggle_5487284","0.65","Charter International","her international"
"dbpedia_3129","Kaggle_5684098","0.6470588235294118","O2 Czech Republic","k+s czech republic a. s."
"dbpedia_821","Kaggle_6919650","0.6451612903225806","Carpenter Technology Corporation","on technology corporation"
"dbpedia_4544","Kaggle_6929078","0.6428571428571429","United Parcel Service","united parcel service (bahrain) wll"
"dbpedia_2483","Kaggle_5529032","0.64","L&T Technology Services","banjo technology services"
"dbpedia_3740","Kaggle_5307782","0.6388888888888888","Sangoma Technologies Corporation","sandbank technologies corporation"
"dbpedia_115","Kaggle_5472609","0.6382978723404256","Aerospace Industrial Development Corporation","auburn industrial development corporation"
"dbpedia_2951","Kaggle_6846212","0.6363636363636364","NS Solutions","m³ solutions"
"dbpedia_87","Kaggle_6934163","0.6333333333333333","Accton Technology Corporation","pde technology corporation"
"dbpedia_3573","Kaggle_5391396","0.631578947368421","Retail Ventures","joint retail ventures"
"dbpedia_1752","Kaggle_6851520","0.6296296296296297","Geojit Financial Services","summit financial services"
"dbpedia_2783","Kaggle_5731733","0.6285714285714286","Melstar Information Technologies","lonestar information technology"
"dbpedia_3808","Kaggle_5685330","0.6274509803921569","Semiconductor Manufacturing International Corporation","international semiconductor manufacturer"
"dbpedia_2347","Kaggle_5386100","0.625","KCC Corporation","atc corporation"
"dbpedia_4016","Kaggle_6588580","0.6216216216216216","Stewart Information Services Corporation","corporate information services"
"dbpedia_3708","Kaggle_6877445","0.6206896551724138","Sagicor Financial Corporation","slm financial corporation"
"dbpedia_1422","Kaggle_5671892","0.6190476190476191","Emmis Communications","cjs communications"
"dbpedia_2783","Kaggle_6800908","0.6176470588235294","Melstar Information Technologies","core information technologies"
"dbpedia_3671","Kaggle_6825823","0.6153846153846154","SK Innovation","innovations"
"dbpedia_4027","Kaggle_6685965","0.6129032258064516","Storage Technology Corporation","colt technology corporation"
"dbpedia_765","Kaggle_5450031","0.6111111111111112","CRA International","s & s international"
"dbpedia_4543","Kaggle_6944003","0.6097560975609756","United Microelectronics Corporation","sanguine microelectronics corporation"
"dbpedia_1010","Kaggle_6840501","0.6086956521739131","Cogent Communications","point 2 point communications"
"dbpedia_3766","Kaggle_5414749","0.6071428571428571","Savita Oil Technologies Limited","m i technologies limited"
"dbpedia_3750","Kaggle_6703624","0.6060606060606061","Sapiens International Corporation","international capital corporation"
"dbpedia_2675","Kaggle_5506806","0.6052631578947368","Mahindra & Mahindra Financial Services Limited","gamma financial services limited"
"dbpedia_2169","Kaggle_5279539","0.6","IntegraFin","integra 2.0"
"dbpedia_2675","Kaggle_6786308","0.5945945945945946","Mahindra & Mahindra Financial Services Limited","ecs financial services limited"
"dbpedia_4027","Kaggle_6788761","0.59375","Storage Technology Corporation","hydac technology corporation"
"dbpedia_32","Kaggle_5292846","0.5925925925925926","ADC Telecommunications","optitel telecommunications"
"dbpedia_3939","Kaggle_5453062","0.5909090909090909","Sonic Solutions","sonicsolution systems inc."
"dbpedia_2783","Kaggle_6577429","0.5897435897435898","Melstar Information Technologies","singular information technologies (singularit)"
"dbpedia_4123","Kaggle_5633559","0.5882352941176471","TEAC Corporation","aec corporation"
"dbpedia_4699","Kaggle_5336660","0.5862068965517241","Wavefront Technology Solutions","lu technology solutions"
"dbpedia_2855","Kaggle_5734069","0.5853658536585366","Mitsui Engineering & Shipbuilding","mitsui engineering & shipbuiding grp. mes tokki & engineering"
"dbpedia_1347","Kaggle_5759641","0.5833333333333334","EOG Resources","q3 resources"
"dbpedia_3542","Kaggle_5602382","0.5806451612903226","Regions Financial Corporation","scott financial corporation"
"dbpedia_69","Kaggle_5579003","0.5789473684210527","ATI Technologies","tritech technologies"
"dbpedia_269","Kaggle_6690297","0.5769230769230769","Annaly Capital Management","ten capital management"
"dbpedia_3662","Kaggle_6648419","0.5757575757575758","SHARC International Systems Inc.","sai systems international, inc."
"dbpedia_2675","Kaggle_5313930","0.575","Mahindra & Mahindra Financial Services Limited","macbeth financial services limited"
"dbpedia_1286","Kaggle_6635521","0.5714285714285714","Dollar Tree","dollar treasure"
"dbpedia_669","Kaggle_6727069","0.5681818181818182","Botswana Telecommunications Corporation","china tietong telecommunications corporation"
"dbpedia_2783","Kaggle_5696837","0.5675675675675675","Melstar Information Technologies","know information technologies ltd."
"dbpedia_4207","Kaggle_5524268","0.5666666666666667","Tata Consultancy Services","huptech consultancy services"
"dbpedia_570","Kaggle_5424972","0.5652173913043478","Beacon Pharmaceuticals","sd pharmaceuticals"
"dbpedia_2675","Kaggle_5740914","0.5641025641025641","Mahindra & Mahindra Financial Services Limited","gower financial services limited"
"dbpedia_3677","Kaggle_6932200","0.5625","SM Investments","rpk investments"
"dbpedia_2040","Kaggle_5471287","0.56","Huron Consulting Group","cronus consulting group"
"dbpedia_4465","Kaggle_6666530","0.5588235294117647","Truly International Holdings","disco ahold international holdings n.v."
"dbpedia_1684","Kaggle_6674175","0.5555555555555556","GCA Corporation","riada corporation"
"dbpedia_2451","Kaggle_5764986","0.5526315789473685","Korea Electric Power Corporation","korea electrical safety corporation"
"dbpedia_32","Kaggle_6908204","0.5517241379310345","ADC Telecommunications","world one telecommunications"
"dbpedia_2587","Kaggle_5751609","0.55","Look Communications","cj communication"
"dbpedia_2588","Kaggle_5413496","0.5483870967741935","Lopez Holdings Corporation","empress holdings corporation"
"dbpedia_4167","Kaggle_5666241","0.5476190476190477","Taiwan Land Development Corporation","hong equipment and development corporation"
"dbpedia_1422","Kaggle_5436086","0.5454545454545454","Emmis Communications","adw communications"
"dbpedia_4027","Kaggle_5336111","0.5428571428571428","Storage Technology Corporation","cullinan technology corporation"
"dbpedia_3599","Kaggle_6945453","0.5416666666666666","Rogers Communications","modus communications"
"dbpedia_4167","Kaggle_5810960","0.5405405405405406","Taiwan Land Development Corporation","vanac development corporation"
"dbpedia_15","Kaggle_5640785","0.5384615384615384","A2B Australia","ural australia"
"dbpedia_2675","Kaggle_6610259","0.5365853658536586","Mahindra & Mahindra Financial Services Limited","hatched financial services limited"
"dbpedia_269","Kaggle_5476194","0.5357142857142857","Annaly Capital Management","dover capital management"
"dbpedia_4571","Kaggle_5443287","0.5333333333333333","VST Industries","s.g industries"
"dbpedia_4699","Kaggle_5576396","0.53125","Wavefront Technology Solutions","i technology solutions llc"
"dbpedia_4133","Kaggle_5633559","0.5294117647058824","TOA Corporation","aec corporation"
"dbpedia_2783","Kaggle_5638545","0.5277777777777778","Melstar Information Technologies","lava for information technology"
"dbpedia_69","Kaggle_6820281","0.5263157894736842","ATI Technologies","xcel technologies"
"dbpedia_2783","Kaggle_5747687","0.525","Melstar Information Technologies","egesinerji information technologies"
"dbpedia_758","Kaggle_5739184","0.5238095238095238","CNK International","ship's international"
"dbpedia_4543","Kaggle_6648635","0.5227272727272727","United Microelectronics Corporation","micro-electronic components corporation"
"dbpedia_540","Kaggle_5531343","0.5217391304347826","Bank of Communications","cab communications"
"dbpedia_3599","Kaggle_5470078","0.52","Rogers Communications","rocher communications"
"dbpedia_1053","Kaggle_6689708","0.5185185185185185","Constellation Energy","constellation engineering"
"dbpedia_269","Kaggle_5561670","0.5172413793103449","Annaly Capital Management","arc capital management, llc"
"dbpedia_3961","Kaggle_5425370","0.5161290322580645","Speciality Restaurants Limited","gmg restaurants limited"
"dbpedia_4207","Kaggle_5340475","0.5151515151515151","Tata Consultancy Services","croitre consultancy services llp"
"dbpedia_1658","Kaggle_5759726","0.5142857142857142","Fulton Financial Corporation","whirlpool financial corporation"
"dbpedia_87","Kaggle_5275439","0.5135135135135135","Accton Technology Corporation","optiswitch technology corporation"
"dbpedia_4167","Kaggle_5834763","0.5128205128205128","Taiwan Land Development Corporation","premise development corporation"
"dbpedia_2783","Kaggle_6805197","0.5121951219512195","Melstar Information Technologies","integrity information technologies, inc."
"dbpedia_2675","Kaggle_5800469","0.5116279069767442","Mahindra & Mahindra Financial Services Limited","waterside financial services limited"
"dbpedia_290","Kaggle_5756792","0.5106382978723404","Applied Genetic Technologies Corporation","applied generation technologies limited"
"dbpedia_2042","Kaggle_6668313","0.5098039215686274","Hutchison Telecommunications Hong Kong Holdings","hutchison telecommunications paraguay, s.a."
"dbpedia_3808","Kaggle_5386235","0.5076923076923077","Semiconductor Manufacturing International Corporation","sanyo semiconductor manufacturing philippines corporation"
"dbpedia_884","Kaggle_5739295","0.5","Charter International","nectar international"
"dbpedia_115","Kaggle_5542991","0.49206349206349204","Aerospace Industrial Development Corporation","the industrial development corporation of south africa limited"
"dbpedia_4167","Kaggle_5721594","0.48936170212765956","Taiwan Land Development Corporation","marco polo realty and development corporation"
"dbpedia_2783","Kaggle_5574786","0.4888888888888889","Melstar Information Technologies","spring field information technologies co., ltd."
"dbpedia_2051","Kaggle_5685780","0.4883720930232558","Hyundai Engineering & Construction","aef consulting, engineering & construction, inc."
"dbpedia_4543","Kaggle_6792934","0.4878048780487805","United Microelectronics Corporation","airtrack electronics corporation"
"dbpedia_4409","Kaggle_6666530","0.48717948717948717","Town Sports International Holdings","disco ahold international holdings n.v."
"dbpedia_2783","Kaggle_6797758","0.4864864864864865","Melstar Information Technologies","beacon information technology"
"dbpedia_1117","Kaggle_5575783","0.4857142857142857","Currency Exchange International","currency exchange solutions"
"dbpedia_2483","Kaggle_5747580","0.48484848484848486","L&T Technology Services","wellington technology services llc"
"dbpedia_3095","Kaggle_6695766","0.4838709677419355","Nordic Entertainment Group","bates entertainment group, inc."
"dbpedia_1072","Kaggle_6945784","0.4827586206896552","Corinthia Group of Companies","pike group of companies"
"dbpedia_3425","Kaggle_5592411","0.48148148148148145","Principal Financial Group","key financial group, inc."
"dbpedia_1422","Kaggle_6744985","0.48","Emmis Communications","cjg communications, inc."
"dbpedia_1912","Kaggle_6714846","0.4782608695652174","Haynes International","kema international"
"dbpedia_3124","Kaggle_5577509","0.4772727272727273","Nventa Biopharmaceuticals Corporation","protect pharmaceutical corporation"
"dbpedia_2527","Kaggle_5345297","0.47619047619047616","Lee Enterprises","pastiche enterprises"
"dbpedia_821","Kaggle_5275439","0.475","Carpenter Technology Corporation","optiswitch technology corporation"
"dbpedia_4365","Kaggle_6653161","0.47368421052631576","Tokyu Corporation","ugs corporation"
"dbpedia_3808","Kaggle_6761085","0.4727272727272727","Semiconductor Manufacturing International Corporation","philips semiconductor manufacturing inc."
"dbpedia_2847","Kaggle_5529564","0.4722222222222222","Mitsubishi Chemical Holdings","mitsubishi chemical corporation"
"dbpedia_3233","Kaggle_5547156","0.47058823529411764","PAM Transport","pajema transport"
"dbpedia_4241","Kaggle_5296123","0.46875","Telecommunication Company of Iran","kmm telecommunication"
"dbpedia_4167","Kaggle_5451964","0.46808510638297873","Taiwan Land Development Corporation","canada's mastermind development corporation"
"dbpedia_2951","Kaggle_5762494","0.4666666666666667","NS Solutions","buzz solutions"
"dbpedia_821","Kaggle_6645864","0.46511627906976744","Carpenter Technology Corporation","dalian yunzhilian technology corporation"
"dbpedia_60","Kaggle_6713888","0.4642857142857143","ARIAD Pharmaceuticals","specscan pharmaceuticals"
"dbpedia_1056","Kaggle_6892006","0.4634146341463415","Continental Engineering Corporation","separation engineering incorporated"
"dbpedia_1010","Kaggle_5791159","0.46153846153846156","Cogent Communications","castle communications"
"dbpedia_4167","Kaggle_5596761","0.46","Taiwan Land Development Corporation","business consulting and development corporation"
"dbpedia_2188","Kaggle_5832715","0.4594594594594595","International Public Partnerships","techpartners international"
"dbpedia_691","Kaggle_6724232","0.4583333333333333","Brinker International","firex international"
"dbpedia_3575","Kaggle_6635140","0.45714285714285713","Rex International Holding","sterling holdings (international) plc"
"dbpedia_4167","Kaggle_5298480","0.45652173913043476","Taiwan Land Development Corporation","maldives road development corporation ltd"
"dbpedia_2288","Kaggle_5736897","0.45454545454545453","Je Design","wine design"
"dbpedia_4409","Kaggle_6745281","0.4523809523809524","Town Sports International Holdings","icbc international holdings limited"
"dbpedia_883","Kaggle_6673567","0.45161290322580644","Charter International","protect-a-partner international"
"dbpedia_4167","Kaggle_5616467","0.45098039215686275","Taiwan Land Development Corporation","diversified investment and development corporation"
"dbpedia_4366","Kaggle_6809227","0.45","Tokyu Corporation","sany corporation"
"dbpedia_3287","Kaggle_5376610","0.4482758620689655","Patriot Transportation","haymarket transportation"
"dbpedia_4699","Kaggle_5306324","0.4473684210526316","Wavefront Technology Solutions","dory technology solutions pvt ltd"
"dbpedia_2918","Kaggle_5615644","0.44680851063829785","Munhwa Broadcasting Corporation","australian media and broadcasting corporation"
"dbpedia_841","Kaggle_5651308","0.4444444444444444","Catcher Technology","i 2 i technology"
"dbpedia_4543","Kaggle_6691673","0.4423076923076923","United Microelectronics Corporation","tyco electronics corporation india private limited"
"dbpedia_2626","Kaggle_5409760","0.4418604651162791","MGIC Investment Corporation","nest capital mortgage investment corporation"
"dbpedia_2454","Kaggle_6756419","0.4411764705882353","Korean Reinsurance Company","savings life insurance company"
"dbpedia_2671","Kaggle_6880368","0.44","Magna International","cantave international"
"dbpedia_4699","Kaggle_5296475","0.43902439024390244","Wavefront Technology Solutions","vidicon technology solutions limited"
"dbpedia_3229","Kaggle_5414174","0.4375","Oxiana Limited","bazna limited"
"dbpedia_115","Kaggle_6850080","0.43636363636363634","Aerospace Industrial Development Corporation","national industrial development consultants"
"dbpedia_2589","Kaggle_5304243","0.4358974358974359","Lopez Holdings Corporation","the jp rosen holdings corporation inc (jp rosen)"
"dbpedia_3757","Kaggle_5707790","0.43478260869565216","Sasken Technologies","spick technologies"
"dbpedia_2390","Kaggle_5266477","0.43333333333333335","Karnataka Power Corporation","lead tower corporation"
"dbpedia_2939","Kaggle_6651646","0.43243243243243246","NHN Entertainment Corporation","foundation entertainment company"
"dbpedia_2051","Kaggle_5550171","0.4318181818181818","Hyundai Engineering & Construction","global for engineering and construction"
"dbpedia_2675","Kaggle_5846689","0.43137254901960786","Mahindra & Mahindra Financial Services Limited","travelex global and financial services limited"
"dbpedia_4133","Kaggle_6839614","0.42857142857142855","TOA Corporation","xantech corporation"
"dbpedia_2052","Kaggle_6790567","0.425531914893617","Hyundai Engineering & Construction","eci engineering and construction company ltd"
"dbpedia_2188","Kaggle_5740700","0.425","International Public Partnerships","paracomm partners international"
"dbpedia_854","Kaggle_6803087","0.42424242424242425","Centennial Communications","ip global communications llc"
"dbpedia_537","Kaggle_6846694","0.4230769230769231","Bank of Communications","dupont communication"
"dbpedia_3208","Kaggle_6866345","0.4222222222222222","Orient Overseas (International) Limited","apt chemicals international limited"
"dbpedia_4493","Kaggle_6933088","0.42105263157894735","UBC Media Group","media group london"
"dbpedia_3346","Kaggle_6862045","0.42","Philippine National Construction Corporation","custom commercial construction corporation"
"dbpedia_3281","Kaggle_5592249","0.41935483870967744","Partner Communications Company","blues communications"
"dbpedia_916","Kaggle_6942864","0.4186046511627907","China Life Insurance Company","aegon religare life insurance company limited"
"dbpedia_1858","Kaggle_5327221","0.4166666666666667","HCL Technologies","consiglio technologies"
"dbpedia_2675","Kaggle_5753477","0.41509433962264153","Mahindra & Mahindra Financial Services Limited","meridian mortgage and financial services limited"
"dbpedia_3766","Kaggle_5831441","0.4146341463414634","Savita Oil Technologies Limited","global cutting technologies limited"
"dbpedia_540","Kaggle_5264831","0.41379310344827586","Bank of Communications","blackfoot communications"
"dbpedia_2170","Kaggle_5723386","0.41304347826086957","Integrated Electrical Services","integrated mechanical services (essex) limited"
"dbpedia_3939","Kaggle_6584557","0.4117647058823529","Sonic Solutions","bbl solutions"
"dbpedia_2675","Kaggle_5591642","0.41025641025641024","Mahindra & Mahindra Financial Services Limited","eureka financial services"
"dbpedia_2697","Kaggle_6863051","0.4090909090909091","Mando Corporation","comsat corporation"
"dbpedia_4167","Kaggle_6802382","0.40816326530612246","Taiwan Land Development Corporation","gmj 2005 constructors & development corporation"
"dbpedia_1874","Kaggle_5517994","0.4074074074074074","Haitong International","labarge international"
"dbpedia_2062","Kaggle_5736688","0.40625","I&M Holdings Limited","sam uk investment holdings limited"
"dbpedia_1010","Kaggle_6904728","0.40540540540540543","Cogent Communications","cordiant communications group limited"
"dbpedia_2682","Kaggle_6769877","0.40476190476190477","Major Drilling Group International","bk international consulting group"
"dbpedia_115","Kaggle_5362144","0.40425531914893614","Aerospace Industrial Development Corporation","industrial design & development"
"dbpedia_4167","Kaggle_5320953","0.40384615384615385","Taiwan Land Development Corporation","green mountain economic development corporation"
"dbpedia_115","Kaggle_5470107","0.40350877192982454","Aerospace Industrial Development Corporation","technological & industrial development corp. (tid)"
"dbpedia_669","Kaggle_6778306","0.4032258064516129","Botswana Telecommunications Corporation","china national postal and telecommunications appliances corporation"
"dbpedia_2333","Kaggle_6715292","0.4","KBR (company)","cocker company"
"dbpedia_2042","Kaggle_5758533","0.39622641509433965","Hutchison Telecommunications Hong Kong Holdings","european telecommunication holding ag"
"dbpedia_3208","Kaggle_6689069","0.3958333333333333","Orient Overseas (International) Limited","pneumatic solutions international limited"
"dbpedia_4027","Kaggle_5445685","0.3953488372093023","Storage Technology Corporation","gti - green technology imports, corporation"
"dbpedia_2187","Kaggle_5443658","0.39473684210526316","International Personal Finance","zunde personal finance solutions"
"dbpedia_2187","Kaggle_6929549","0.3939393939393939","International Personal Finance","personal finance academy"
"dbpedia_115","Kaggle_5349587","0.39344262295081966","Aerospace Industrial Development Corporation","karan international industrial development company"
"dbpedia_1422","Kaggle_6847314","0.39285714285714285","Emmis Communications","mobi world communication"
"dbpedia_4167","Kaggle_5819863","0.39215686274509803","Taiwan Land Development Corporation","pi career development consultancy corporation"
"dbpedia_2640","Kaggle_5719920","0.391304347826087","MPC Corporation","al marhubi corporation"
"dbpedia_3471","Kaggle_6928085","0.3902439024390244","Quality Technology Services","sinn technology services and solutions"
"dbpedia_888","Kaggle_6594964","0.3888888888888889","Cheil Worldwide","imex worldwide"
"dbpedia_4211","Kaggle_5261930","0.3877551020408163","Tata Research Development and Design Centre","lye les media research and development"
"dbpedia_1422","Kaggle_6584870","0.3870967741935484","Emmis Communications","hi-tech communications limited"
"dbpedia_2170","Kaggle_6688091","0.38636363636363635","Integrated Electrical Services","mark wardle electrical services limited"
"dbpedia_3344","Kaggle_5593242","0.38596491228070173","Philippine Amusement and Gaming Corporation","philippine mining development corporation (pmdc)"
"dbpedia_1327","Kaggle_6744881","0.38461538461538464","Dynamatic Technologies","nexiq technologies"
"dbpedia_3872","Kaggle_5517055","0.3829787234042553","Siemens Technology and Services","empowersys technology and learning services"
"dbpedia_2993","Kaggle_5529507","0.38235294117647056","Nature's Sunshine Products","sunshine productions limited"
"dbpedia_3808","Kaggle_6808610","0.38181818181818183","Semiconductor Manufacturing International Corporation","dynamic manufacturing corporation"
"dbpedia_1409","Kaggle_5801343","0.38095238095238093","Eli Lilly and Company","wood and company"
"dbpedia_87","Kaggle_5288385","0.38","Accton Technology Corporation","abs tech corp / airborne and space technology corporation"
"dbpedia_3575","Kaggle_6682975","0.3793103448275862","Rex International Holding","manoir international"
"dbpedia_87","Kaggle_5326378","0.3783783783783784","Accton Technology Corporation","exploration technologies, inc."
"dbpedia_4183","Kaggle_6751460","0.37777777777777777","Takasago International Corporation","international trading corporation limited"
"dbpedia_115","Kaggle_6579314","0.37735849056603776","Aerospace Industrial Development Corporation","mongolian development corporation llc"
"dbpedia_4134","Kaggle_5753276","0.375","TOA Corporation","petrolsoft corporation"
"dbpedia_115","Kaggle_5574748","0.37254901960784315","Aerospace Industrial Development Corporation","space india management corporation"
"dbpedia_980","Kaggle_5371500","0.37209302325581395","Citizens Development Business Finance","sasha rae business development"
"dbpedia_2187","Kaggle_5843132","0.37142857142857144","International Personal Finance","j. pearson international inc."
"dbpedia_1315","Kaggle_6571451","0.37037037037037035","Dr. Reddy's Laboratories","kemi laboratories inc"
"dbpedia_4699","Kaggle_5439312","0.3695652173913043","Wavefront Technology Solutions","tacore - machinery and technology solutions"
"dbpedia_3805","Kaggle_5599283","0.3684210526315789","SembCorp Logistics","s h logistics"
"dbpedia_2783","Kaggle_5358663","0.3673469387755102","Melstar Information Technologies","biti, business information technology innovation"
"dbpedia_2406","Kaggle_5830101","0.36666666666666664","Kenya Reinsurance Corporation","arete corporation"
"dbpedia_3301","Kaggle_5496392","0.36585365853658536","PennyMac Financial Services","losey insurance and financial services"
"dbpedia_3808","Kaggle_6595558","0.36538461538461536","Semiconductor Manufacturing International Corporation","midas international corporation"
"dbpedia_1830","Kaggle_6661030","0.36363636363636365","Greenwood & Hall","greenwood flower shop"
"dbpedia_115","Kaggle_5440183","0.3620689655172414","Aerospace Industrial Development Corporation","pendulum healthcare development corporation"
"dbpedia_2042","Kaggle_6636363","0.3617021276595745","Hutchison Telecommunications Hong Kong Holdings","teldico telecommunications"
"dbpedia_881","Kaggle_6861458","0.3611111111111111","Charter Communications","target communications international"
"dbpedia_115","Kaggle_5835887","0.36065573770491804","Aerospace Industrial Development Corporation","bangladesh agricultural development corporation"
"dbpedia_3975","Kaggle_6652723","0.36","Sprint Corporation","enverity corporation"
"dbpedia_4435","Kaggle_6585070","0.358974358974359","Transport Corporation of India","transouth financial corporation"
"dbpedia_3808","Kaggle_6703624","0.3584905660377358","Semiconductor Manufacturing International Corporation","international capital corporation"
"dbpedia_2882","Kaggle_5786133","0.35714285714285715","Monex Group","dentex group"
"dbpedia_821","Kaggle_5487352","0.35555555555555557","Carpenter Technology Corporation","microsoft corporation - c2s technologies"
"dbpedia_2808","Kaggle_5482592","0.3548387096774194","Micro-Star International","wecare international inc."
"dbpedia_669","Kaggle_5275378","0.3541666666666667","Botswana Telecommunications Corporation","florida telecommunications relay, inc."
"dbpedia_1542","Kaggle_5282909","0.35294117647058826","Fatso (service)","pro services & co"
"dbpedia_3808","Kaggle_5630781","0.35185185185185186","Semiconductor Manufacturing International Corporation","techcom international corporation"
"dbpedia_1033","Kaggle_5707864","0.35135135135135137","Community Health Systems","franklin community health network"
"dbpedia_115","Kaggle_5645196","0.3508771929824561","Aerospace Industrial Development Corporation","maryland economic development corporation"
"dbpedia_1381","Kaggle_5787481","0.35","Educomp Solutions","b2b solutions d.o.o."
"dbpedia_115","Kaggle_6586331","0.3492063492063492","Aerospace Industrial Development Corporation","maiden rosenwald community development corporation"
"dbpedia_2675","Kaggle_6730057","0.3488372093023256","Mahindra & Mahindra Financial Services Limited","sahebe financial services sfs"
"dbpedia_1096","Kaggle_6635309","0.34782608695652173","Creative Technology","mti technology as"
"dbpedia_3443","Kaggle_5427884","0.3469387755102041","Providence Service Corporation","international surveillance services corporation"
"dbpedia_4778","Kaggle_5563157","0.34615384615384615","Yamabiko Corporation","red hill corporation"
"dbpedia_2183","Kaggle_5740539","0.34545454545454546","International Bancshares Corporation","international school of corporate management (iscom)"
"dbpedia_3902","Kaggle_5684865","0.3448275862068966","Skycity Entertainment Group","mcrio entertainment"
"dbpedia_115","Kaggle_6628531","0.3442622950819672","Aerospace Industrial Development Corporation","muchidea industrial design and development co.,ltd."
"dbpedia_3321","Kaggle_6607030","0.34375","Persia International Bank","heartland international"
"dbpedia_3766","Kaggle_5814185","0.34285714285714286","Savita Oil Technologies Limited","sanopt technologies ltd"
"dbpedia_1010","Kaggle_5827543","0.34210526315789475","Cogent Communications","siemens enterprise communications, s. a."
"dbpedia_1582","Kaggle_5265663","0.34146341463414637","First National Financial Corporation","taisei international corporation"
"dbpedia_2783","Kaggle_5424050","0.3409090909090909","Melstar Information Technologies","foundation technologies australia"
"dbpedia_290","Kaggle_5544348","0.3404255319148936","Applied Genetic Technologies Corporation","leading technology corporation"
"dbpedia_4016","Kaggle_6799204","0.34","Stewart Information Services Corporation","green instructional information services"
"dbpedia_2783","Kaggle_5550856","0.33962264150943394","Melstar Information Technologies","platomed information technology and media services"
"dbpedia_2988","Kaggle_6596727","0.3392857142857143","National Jute Manufactures Corporation Limited","natural products export corporation limited"
"dbpedia_115","Kaggle_5721594","0.3389830508474576","Aerospace Industrial Development Corporation","marco polo realty and development corporation"
"dbpedia_4211","Kaggle_5409074","0.3387096774193548","Tata Research Development and Design Centre","research center for environmental management and development"
"dbpedia_4773","Kaggle_5661925","0.3333333333333333","Xinyuan Real Estate","real estate linkers"
"dbpedia_115","Kaggle_5762654","0.3283582089552239","Aerospace Industrial Development Corporation","goa state infrastructure development corporation limited"
"dbpedia_81","Kaggle_6767316","0.32786885245901637","Abu Dhabi National Insurance Company","dentists national insurance group, llc, a peterman group company"
"dbpedia_1413","Kaggle_5659869","0.3275862068965517","Ellington Electronics Technology Group","zhangzhou seetec optoelectronics technology co.,ltd"
"dbpedia_3208","Kaggle_6870561","0.32727272727272727","Orient Overseas (International) Limited","dragonfly industries international (uk) limited"
"dbpedia_4699","Kaggle_5627106","0.3269230769230769","Wavefront Technology Solutions","coastal computers - computer repair & technology solutions"
"dbpedia_669","Kaggle_5459232","0.32653061224489793","Botswana Telecommunications Corporation","skyway telecommunication systems ltd"
"dbpedia_1963","Kaggle_6701559","0.32608695652173914","Hindustan National Glass & Industries Limited","marten marine industries limited"
"dbpedia_762","Kaggle_5583072","0.32558139534883723","COSCO Shipping International","mindlife consulting international llp"
"dbpedia_3046","Kaggle_6722834","0.325","Nine Dragons Paper Holdings Limited","worksharp holdings limited"
"dbpedia_3575","Kaggle_5305218","0.32432432432432434","Rex International Holding","united international christian"
"dbpedia_3838","Kaggle_6597769","0.3235294117647059","Sherritt International","workuventures international"
"dbpedia_3609","Kaggle_5861993","0.3225806451612903","Rose Media and Entertainment","spectrum entertainment"
"dbpedia_3808","Kaggle_5564797","0.3220338983050847","Semiconductor Manufacturing International Corporation","international adhesive manufacturer"
"dbpedia_1657","Kaggle_5624166","0.32142857142857145","Fukuyama Transporting","circle j transport inc."
"dbpedia_669","Kaggle_5309161","0.32075471698113206","Botswana Telecommunications Corporation","france telecom mobile satellite communications"
"dbpedia_2355","Kaggle_5706319","0.32","KPIT Technologies","blackfort technology"
"dbpedia_2171","Kaggle_6944003","0.3191489361702128","Integrated Micro-Electronics, Inc.","sanguine microelectronics corporation"
"dbpedia_2951","Kaggle_6760973","0.3181818181818182","NS Solutions","swiss dental solutions"
"dbpedia_115","Kaggle_5616467","0.31746031746031744","Aerospace Industrial Development Corporation","diversified investment and development corporation"
"dbpedia_619","Kaggle_6709770","0.3170731707317073","BioCryst Pharmaceuticals","regional nuclear pharmaceuticals inc."
"dbpedia_2183","Kaggle_5454860","0.31666666666666665","International Bancshares Corporation","international resource and development corporation limited"
"dbpedia_1096","Kaggle_6665967","0.3157894736842105","Creative Technology","vishesh innovative technologies - india"
"dbpedia_4027","Kaggle_6574268","0.3148148148148148","Storage Technology Corporation","sumidenso automotive technologies asia corporation"
"dbpedia_3281","Kaggle_5782971","0.3142857142857143","Partner Communications Company","headline communication"
"dbpedia_2249","Kaggle_5388941","0.3137254901960784","JGC Holdings Corporation","oman national investment corporation holding saog (onic holding)"
"dbpedia_3808","Kaggle_5703731","0.31343283582089554","Semiconductor Manufacturing International Corporation","american manufacturing and packaging corporation"
"dbpedia_918","Kaggle_5313242","0.3125","China Medical Technologies","theta technologies, inc."
"dbpedia_3808","Kaggle_6865899","0.3114754098360656","Semiconductor Manufacturing International Corporation","masonite international corporation limited"
"dbpedia_4167","Kaggle_5417948","0.3111111111111111","Taiwan Land Development Corporation","rwanda development organisation"
"dbpedia_1274","Kaggle_5842201","0.3103448275862069","Disco Corporation","20 20 air service corporation"
"dbpedia_1308","Kaggle_6881886","0.30952380952380953","Doral Financial Corporation","infuse commercial capital corporation"
"dbpedia_4016","Kaggle_5597404","0.3090909090909091","Stewart Information Services Corporation","united technologies & information services llc"
"dbpedia_3124","Kaggle_5818049","0.3088235294117647","Nventa Biopharmaceuticals Corporation","orx pharmaceutical corporation, toronto institute of pharmaceutical technology"
"dbpedia_694","Kaggle_6887838","0.3076923076923077","Britannia Industries","unix industries inc"
"dbpedia_1413","Kaggle_5514436","0.30666666666666664","Ellington Electronics Technology Group","dongguan lead electronics technology co., ltd.   (ideal group holdings (hk) limited)"
"dbpedia_4183","Kaggle_5298470","0.3064516129032258","Takasago International Corporation","china international capital corporation hong kong asset management"
"dbpedia_882","Kaggle_5531645","0.30612244897959184","Charter Court Financial Services","queen financial services corporation (qfsc)"
"dbpedia_3838","Kaggle_5752923","0.3055555555555556","Sherritt International","statumen international limited"
"dbpedia_2042","Kaggle_5775821","0.3050847457627119","Hutchison Telecommunications Hong Kong Holdings","dutch united telecommunication services b.v."
"dbpedia_319","Kaggle_5704505","0.30434782608695654","Arlo Technologies","technology return"
"dbpedia_915","Kaggle_6637089","0.30357142857142855","China International Marine Containers","china international aviation & aerospace exhibition (????)"
"dbpedia_4180","Kaggle_6601424","0.30303030303030304","Takamatsu Construction Group","shannon construction"
"dbpedia_3848","Kaggle_5814282","0.3023255813953488","Shindengen Electric Manufacturing","triangle machine & manufacturing"
"dbpedia_2042","Kaggle_6918908","0.3018867924528302","Hutchison Telecommunications Hong Kong Holdings","joyner cable telecommunications"
"dbpedia_2170","Kaggle_6654245","0.30158730158730157","Integrated Electrical Services","institute of integrated electrical engineering students msu-iit"
"dbpedia_1948","Kaggle_6657107","0.3","Hibernia Networks","kaos networks"
"dbpedia_2987","Kaggle_5454860","0.29850746268656714","National Jute Manufactures Corporation Limited","international resource and development corporation limited"
"dbpedia_4016","Kaggle_5308106","0.2982456140350877","Stewart Information Services Corporation","isia. information services for international affairs"
"dbpedia_2216","Kaggle_6715155","0.2978723404255319","Iran Tractor Manufacturing Company","cassia contract manufacturing limited"
"dbpedia_2188","Kaggle_6916264","0.2972972972972973","International Public Partnerships","arcade international"
"dbpedia_3808","Kaggle_5262953","0.296875","Semiconductor Manufacturing International Corporation","reach manpower international incorporated"
"dbpedia_2951","Kaggle_6760974","0.2962962962962963","NS Solutions","objets binaires solutions inc."
"dbpedia_2052","Kaggle_6636328","0.29545454545454547","Hyundai Engineering & Construction","marshal engineering corporation"
"dbpedia_115","Kaggle_5574827","0.29508196721311475","Aerospace Industrial Development Corporation","chemepkm resesearch & deverlopment corporation"
"dbpedia_682","Kaggle_5647100","0.29411764705882354","Breil (company)","media company"
"dbpedia_2042","Kaggle_6568977","0.29310344827586204","Hutchison Telecommunications Hong Kong Holdings","telecommunications services consulting"
"dbpedia_2773","Kaggle_6920892","0.2926829268292683","Mega International Commercial Bank","nexus international business"
"dbpedia_115","Kaggle_6671769","0.2923076923076923","Aerospace Industrial Development Corporation","hidili industry international development limited"
"dbpedia_1748","Kaggle_6727964","0.2916666666666667","Genting Group","allred recruiting group"
"dbpedia_4409","Kaggle_5856338","0.2909090909090909","Town Sports International Holdings","hallmann holding international investment gmbh"
"dbpedia_3488","Kaggle_5468736","0.2903225806451613","RFM Corporation","clarity consulting corporation"
"dbpedia_115","Kaggle_5454860","0.2898550724637681","Aerospace Industrial Development Corporation","international resource and development corporation limited"
"dbpedia_87","Kaggle_6581504","0.2894736842105263","Accton Technology Corporation","edulution technologies llp"
"dbpedia_2052","Kaggle_5710061","0.28888888888888886","Hyundai Engineering & Construction","team innovation engineering co ltd."
"dbpedia_1755","Kaggle_6571852","0.28846153846153844","Ghadir Investment Company","kader investment and trading company private limited"
"dbpedia_1412","Kaggle_5639727","0.288135593220339","Ellington Electronics Technology Group","shenzhen sanding optoelectronic technology co,.ltd"
"dbpedia_586","Kaggle_5617649","0.2878787878787879","Beijing Capital International Airport (company)","wellington international management company pte ltd"
"dbpedia_2736","Kaggle_6623724","0.2857142857142857","Mattson Technology","1 planit technology group"
"dbpedia_3208","Kaggle_6648029","0.2833333333333333","Orient Overseas (International) Limited","signature international foods india private limited"
"dbpedia_2783","Kaggle_6920861","0.2830188679245283","Melstar Information Technologies","collabair communication technologies pvt. ltd."
"dbpedia_2184","Kaggle_5456997","0.2826086956521739","International Bank of Commerce","ecco international communication network"
"dbpedia_3838","Kaggle_6611597","0.28205128205128205","Sherritt International","sustainable systems international"
"dbpedia_984","Kaggle_5354329","0.28125","Civeo Corporation","blackrose corporation limited"
"dbpedia_916","Kaggle_5264802","0.2807017543859649","China Life Insurance Company","american general life and accident insurance company (agla)"
"dbpedia_4290","Kaggle_5781109","0.28","The Marketing Group","d & r consulting group"
"dbpedia_2988","Kaggle_5762654","0.27941176470588236","National Jute Manufactures Corporation Limited","goa state infrastructure development corporation limited"
"dbpedia_1054","Kaggle_5521198","0.27906976744186046","Constellation Software","construction management software limited"
"dbpedia_4241","Kaggle_6725574","0.2786885245901639","Telecommunication Company of Iran","u.s. naval computer and telecommunication station, far east (ncts far east)"
"dbpedia_2923","Kaggle_6730303","0.2777777777777778","Muthoot Finance","financed.com"
"dbpedia_115","Kaggle_5323784","0.27692307692307694","Aerospace Industrial Development Corporation","southwest human development services corporation"
"dbpedia_290","Kaggle_6741141","0.2765957446808511","Applied Genetic Technologies Corporation","technikos sports corporation"
"dbpedia_3213","Kaggle_6562920","0.27586206896551724","Ormat Technologies","patriot technology group"
"dbpedia_1117","Kaggle_6744656","0.275","Currency Exchange International","colombier international b.v."
"dbpedia_2988","Kaggle_5653190","0.27450980392156865","National Jute Manufactures Corporation Limited","why corporation company limited"
"dbpedia_4016","Kaggle_5436658","0.27419354838709675","Stewart Information Services Corporation","avery dennison retail information services uk limited"
"dbpedia_3495","Kaggle_5305122","0.2727272727272727","RR Media","robz media"
"dbpedia_3208","Kaggle_6641520","0.2711864406779661","Orient Overseas (International) Limited","peak performance international tanzania limited"
"dbpedia_586","Kaggle_5677624","0.2708333333333333","Beijing Capital International Airport (company)","signet international inc."
"dbpedia_1123","Kaggle_5671580","0.2702702702702703","Cyprus Development Bank","mulberry property developments."
"dbpedia_906","Kaggle_6778306","0.2698412698412698","China Communications Services","china national postal and telecommunications appliances corporation"
"dbpedia_4744","Kaggle_5580472","0.2692307692307692","Wizcom Technologies","goodman technology"
"dbpedia_3808","Kaggle_5711269","0.26865671641791045","Semiconductor Manufacturing International Corporation","drilling services international incorporated"
"dbpedia_2183","Kaggle_5430395","0.2682926829268293","International Bancshares Corporation","raw materials corporation"
"dbpedia_115","Kaggle_5317831","0.26785714285714285","Aerospace Industrial Development Corporation","the international development journal"
"dbpedia_2987","Kaggle_5386235","0.2676056338028169","National Jute Manufactures Corporation Limited","sanyo semiconductor manufacturing philippines corporation"
"dbpedia_4718","Kaggle_6773202","0.26666666666666666","West Japan Railway Company","gateway coal company"
"dbpedia_3208","Kaggle_5840609","0.265625","Orient Overseas (International) Limited","hbos international financial services holdings limited"
"dbpedia_4027","Kaggle_5633475","0.2653061224489796","Storage Technology Corporation","shanghai ti4me information technology co., ltd."
"dbpedia_1306","Kaggle_5814559","0.2647058823529412","Doral Financial Corporation","mill supply corporation"
"dbpedia_2683","Kaggle_6891140","0.2641509433962264","Major Drilling Group International","matchwell international free zone enterprise"
"dbpedia_915","Kaggle_5824485","0.2638888888888889","China International Marine Containers","china machinery international engineering design & research institute co., ltd"
"dbpedia_1803","Kaggle_5331227","0.2631578947368421","Gosen (company)","sirvent & company"
"dbpedia_3242","Kaggle_5506060","0.26229508196721313","PLDT Communication and Energy Ventures","adtherapy communication and management consulting"
"dbpedia_3208","Kaggle_5307776","0.2619047619047619","Orient Overseas (International) Limited","ohlson international ab"
"dbpedia_3454","Kaggle_5539096","0.26153846153846155","Pune District Central Cooperative Bank","nepal agricultural co-operative central federation ltd. (naccfl)"
"dbpedia_4789","Kaggle_5589777","0.2608695652173913","Yokogawa Electric","gem electricians"
"dbpedia_115","Kaggle_6820977","0.2602739726027397","Aerospace Industrial Development Corporation","shelby county economic and industrial development authority"
"dbpedia_276","Kaggle_6726683","0.26","Anthera Pharmaceuticals","pharmaceutical laboratories and consultants, inc"
"dbpedia_4509","Kaggle_6790337","0.25925925925925924","Ube Industries","base industrial supply ltd"
"dbpedia_3808","Kaggle_5697962","0.25862068965517243","Semiconductor Manufacturing International Corporation","wb international consulting ltd"
"dbpedia_1057","Kaggle_6567145","0.25806451612903225","Continental Resources","mega business resources"
"dbpedia_4016","Kaggle_6576794","0.25757575757575757","Stewart Information Services Corporation","information technology and communication services (itcs) at aces"
"dbpedia_702","Kaggle_5356982","0.2571428571428571","Brookfield Asset Management","guelph print management"
"dbpedia_2249","Kaggle_5546109","0.2564102564102564","JGC Holdings Corporation","strongbox marketing corporation"
"dbpedia_2808","Kaggle_5612076","0.2558139534883721","Micro-Star International","pacific solutions international limited"
"dbpedia_3547","Kaggle_5632932","0.2553191489361702","Reliance Infrastructure","block labs - blockchain infrastructure solutions"
"dbpedia_3425","Kaggle_5667028","0.2549019607843137","Principal Financial Group","powell financial group, a wealth management company"
"dbpedia_669","Kaggle_6741545","0.2545454545454545","Botswana Telecommunications Corporation","the point community development corporation"
"dbpedia_2939","Kaggle_5454860","0.2542372881355932","NHN Entertainment Corporation","international resource and development corporation limited"
"dbpedia_290","Kaggle_5288385","0.25396825396825395","Applied Genetic Technologies Corporation","abs tech corp / airborne and space technology corporation"
"dbpedia_821","Kaggle_5818049","0.2537313432835821","Carpenter Technology Corporation","orx pharmaceutical corporation, toronto institute of pharmaceutical technology"
"dbpedia_4211","Kaggle_6661257","0.25333333333333335","Tata Research Development and Design Centre","electrical and computational systems research and development group"
"dbpedia_3808","Kaggle_5298470","0.25316455696202533","Semiconductor Manufacturing International Corporation","china international capital corporation hong kong asset management"
"dbpedia_754","Kaggle_5651211","0.25","CMC Electronics","electromobile"
"dbpedia_3808","Kaggle_5533858","0.2463768115942029","Semiconductor Manufacturing International Corporation","pt international development corporation limited"
"dbpedia_2216","Kaggle_5386235","0.24615384615384617","Iran Tractor Manufacturing Company","sanyo semiconductor manufacturing philippines corporation"
"dbpedia_4167","Kaggle_6696827","0.2459016393442623","Taiwan Land Development Corporation","luxury estates international real estate and development"
"dbpedia_2675","Kaggle_5294354","0.24561403508771928","Mahindra & Mahindra Financial Services Limited","sam consultancy & management services limited"
"dbpedia_1265","Kaggle_5609314","0.24528301886792453","Diffusion Pharmaceuticals","saudi pharmaceutical distribution company limited"
"dbpedia_3346","Kaggle_6597288","0.24489795918367346","Philippine National Construction Corporation","ketom construction company, inc."
"dbpedia_2185","Kaggle_5511825","0.24444444444444444","International Display Works","premierone international consulting"
"dbpedia_3347","Kaggle_6607055","0.24390243902439024","Philippine National Construction Corporation","harte construction"
"dbpedia_4412","Kaggle_5616513","0.24324324324324326","Toyo Engineering Corporation","prm engineering services"
"dbpedia_3808","Kaggle_6635963","0.24285714285714285","Semiconductor Manufacturing International Corporation","kimberly-clark international services corporation"
"dbpedia_2938","Kaggle_5790204","0.24242424242424243","NHK Spring Company","tianjin ocean shipping company"
"dbpedia_586","Kaggle_5520839","0.24193548387096775","Beijing Capital International Airport (company)","international air tool & industrial supply co."
"dbpedia_2242","Kaggle_5279627","0.2413793103448276","JCE Movies Limited","mrt food services limited"
"dbpedia_2939","Kaggle_6596811","0.24074074074074073","NHN Entertainment Corporation","salem housing community development corporation"
"dbpedia_1671","Kaggle_5624185","0.24","Furukawa Electric","nemo electrical ltd"
"dbpedia_3808","Kaggle_5325869","0.23943661971830985","Semiconductor Manufacturing International Corporation","nepal construction & engineering corporation pvt. ltd."
"dbpedia_2188","Kaggle_5351725","0.2391304347826087","International Public Partnerships","cnsupply international limited"
"dbpedia_4016","Kaggle_5521756","0.23880597014925373","Stewart Information Services Corporation","central new jersey information technology services - cnj-its"
"dbpedia_1285","Kaggle_5705204","0.23809523809523808","Dole Food Company","finney company"
"dbpedia_3572","Kaggle_6590874","0.23728813559322035","Restaurant Brands International","integrated technologies and services international, llc"
"dbpedia_2362","Kaggle_6889329","0.23684210526315788","KYB Corporation","northamerican energy group corporation"
"dbpedia_3808","Kaggle_5748808","0.23636363636363636","Semiconductor Manufacturing International Corporation","harding manufacturing corp"
"dbpedia_2178","Kaggle_5296881","0.23529411764705882","Interbank","interim lawyers"
"dbpedia_3808","Kaggle_5673926","0.234375","Semiconductor Manufacturing International Corporation","stars consulting international pty ltd"
"dbpedia_3343","Kaggle_5857697","0.23404255319148937","Philip Morris International","capital international asset management"
"dbpedia_3480","Kaggle_6932006","0.23333333333333334","Quotient Technology","prolog technologies - india"
"dbpedia_1086","Kaggle_6641303","0.2328767123287671","Cottage Industries Exposition Limited","shanghai light industrial products import & export corporation limited"
"dbpedia_4539","Kaggle_6790363","0.23255813953488372","United Aircraft Corporation","albanese development corporation"
"dbpedia_3208","Kaggle_5431390","0.23214285714285715","Orient Overseas (International) Limited","british international helicopter services"
"dbpedia_3808","Kaggle_5602495","0.2318840579710145","Semiconductor Manufacturing International Corporation","bs international engineering & consultancy inc."
"dbpedia_2872","Kaggle_5666428","0.23076923076923078","Moelis & Company","sunset pictures company"
"dbpedia_290","Kaggle_5818049","0.22972972972972974","Applied Genetic Technologies Corporation","orx pharmaceutical corporation, toronto institute of pharmaceutical technology"
"dbpedia_4047","Kaggle_6574268","0.22950819672131148","Sumitomo Mitsui Banking Corporation","sumidenso automotive technologies asia corporation"
"dbpedia_3977","Kaggle_6714067","0.22916666666666666","Sprott Molybdenum Participation Corporation","rps construction corporation"
"dbpedia_318","Kaggle_6891500","0.22857142857142856","Arlington Asset Investment","hz investments group llc"
"dbpedia_3808","Kaggle_5551771","0.22807017543859648","Semiconductor Manufacturing International Corporation","alcoa international limited"
"dbpedia_115","Kaggle_6641303","0.22784810126582278","Aerospace Industrial Development Corporation","shanghai light industrial products import & export corporation limited"
"dbpedia_3515","Kaggle_5271695","0.22727272727272727","Rauch (company)","haas design company"
"dbpedia_2989","Kaggle_5369058","0.22666666666666666","National Post Company of the Islamic Republic of Iran","state insurance commerce company of the azerbaijan republic"
"dbpedia_1056","Kaggle_5387650","0.22641509433962265","Continental Engineering Corporation","igades - engineering consultancy limited"
"dbpedia_1753","Kaggle_5842705","0.22580645161290322","George Weston Limited","sophie anderson limited"
"dbpedia_2042","Kaggle_5660714","0.22535211267605634","Hutchison Telecommunications Hong Kong Holdings","??? ""unified technologies and telecommunications company"""
"dbpedia_2701","Kaggle_6822054","0.225","MannKind Corporation","sterling fire and rescue corporation"
"dbpedia_586","Kaggle_6581354","0.22448979591836735","Beijing Capital International Airport (company)","silver international sa"
"dbpedia_4027","Kaggle_5261701","0.22413793103448276","Storage Technology Corporation","information technology consulting professionals, llc"
"dbpedia_3242","Kaggle_5829720","0.22388059701492538","PLDT Communication and Energy Ventures","independent telephone and telecommunications alliance (itta)"
"dbpedia_194","Kaggle_5411280","0.2222222222222222","Almonty Industries","vervaeke industrial"
"dbpedia_669","Kaggle_5349960","0.22058823529411764","Botswana Telecommunications Corporation","outstretched hands community development corporation inc"
"dbpedia_2675","Kaggle_5478415","0.22033898305084745","Mahindra & Mahindra Financial Services Limited","pharmaceutical development services limited"
"dbpedia_2188","Kaggle_6854916","0.22","International Public Partnerships","axis associates international co., ltd."
"dbpedia_1754","Kaggle_5637576","0.21951219512195122","Geron Corporation","london economic development corporation"
"dbpedia_4167","Kaggle_6661257","0.2191780821917808","Taiwan Land Development Corporation","electrical and computational systems research and development group"
"dbpedia_2738","Kaggle_6623724","0.21875","Mauna Kea Technologies","1 planit technology group"
"dbpedia_115","Kaggle_5734942","0.21818181818181817","Aerospace Industrial Development Corporation","corinthian development company"
"dbpedia_2042","Kaggle_6778306","0.21794871794871795","Hutchison Telecommunications Hong Kong Holdings","china national postal and telecommunications appliances corporation"
"dbpedia_3250","Kaggle_6678600","0.21739130434782608","PSS World Medical","alpha one medical"
"dbpedia_586","Kaggle_5395009","0.21666666666666667","Beijing Capital International Airport (company)","majestic international spice corporation"
"dbpedia_4385","Kaggle_5310093","0.21621621621621623","Tootsie Roll Industries","power source industries co., ltd"
"dbpedia_2193","Kaggle_5426372","0.21568627450980393","Intershop Communications AG","gangpiaoquan culture communication limited"
"dbpedia_115","Kaggle_6811740","0.2153846153846154","Aerospace Industrial Development Corporation","acesite leisure and entertainment corporation"
"dbpedia_2497","Kaggle_6579020","0.21428571428571427","LSR Group","the oms group"
"dbpedia_2042","Kaggle_6725574","0.21333333333333335","Hutchison Telecommunications Hong Kong Holdings","u.s. naval computer and telecommunication station, far east (ncts far east)"
"dbpedia_4183","Kaggle_6694001","0.21311475409836064","Takasago International Corporation","international biopharmaceutical consulting, inc. (ibpc)"
"dbpedia_4518","Kaggle_6653319","0.2127659574468085","Umpqua Holdings Corporation","brandt realty investments corporation"
"dbpedia_1381","Kaggle_5442837","0.21212121212121213","Educomp Solutions","assured traffic solutions ltd"
"dbpedia_586","Kaggle_5664346","0.21153846153846154","Beijing Capital International Airport (company)","sun partners international"
"dbpedia_3808","Kaggle_6642233","0.2112676056338028","Semiconductor Manufacturing International Corporation","i.c.s. - international consulting services limited"
"dbpedia_1765","Kaggle_5331182","0.21052631578947367","Global Payments","frega global"
"dbpedia_4465","Kaggle_6802872","0.20967741935483872","Truly International Holdings","beijing shougang international engineering technology co. ltd."
"dbpedia_3124","Kaggle_6757155","0.20930232558139536","Nventa Biopharmaceuticals Corporation","veridian corporation"
"dbpedia_4211","Kaggle_6696827","0.208955223880597","Tata Research Development and Design Centre","luxury estates international real estate and development"
"dbpedia_3178","Kaggle_5508829","0.20833333333333334","OnDeck Capital","pai capital advisors"
"dbpedia_3808","Kaggle_6672796","0.2077922077922078","Semiconductor Manufacturing International Corporation","shanghai pudong international container terminals co., ltd."
"dbpedia_4520","Kaggle_6653319","0.20754716981132076","Uni-President Enterprises Corporation","brandt realty investments corporation"
"dbpedia_427","Kaggle_5704611","0.20689655172413793","AzarAb Industries","hr industrial warehouse"
"dbpedia_586","Kaggle_6617712","0.20634920634920634","Beijing Capital International Airport (company)","microplate diagnostics international inc."
"dbpedia_4067","Kaggle_5349674","0.20588235294117646","Sundance Resources","canadian spirit resources inc."
"dbpedia_915","Kaggle_5259578","0.2054794520547945","China International Marine Containers","mercotur - international tourism development and marketing consulting"
"dbpedia_2936","Kaggle_6596816","0.20512820512820512","NH Investment & Securities","putnam investment management, inc."
"dbpedia_4049","Kaggle_5749110","0.20454545454545456","Sumitomo Mitsui Banking Corporation","contents control corporation"
"dbpedia_1892","Kaggle_6661096","0.20408163265306123","HannStar Display Corporation","invita healthcare staffing corporation"
"dbpedia_128","Kaggle_6686173","0.2037037037037037","Agriculture Development Bank","rally software development international corp."
"dbpedia_115","Kaggle_5480080","0.2033898305084746","Aerospace Industrial Development Corporation","linye international industrial co.,ltd"
"dbpedia_2986","Kaggle_6767316","0.203125","National Iranian Tanker Company","dentists national insurance group, llc, a peterman group company"
"dbpedia_3808","Kaggle_5729296","0.2028985507246377","Semiconductor Manufacturing International Corporation","evergreen international storage & transport"
"dbpedia_3808","Kaggle_5315168","0.20270270270270271","Semiconductor Manufacturing International Corporation","shakespeare engineering international (asia) limited"
"dbpedia_2988","Kaggle_6641303","0.20253164556962025","National Jute Manufactures Corporation Limited","shanghai light industrial products import & export corporation limited"
"dbpedia_562","Kaggle_6891758","0.2","Barwa Group","grouppower"
