"Forbes1082","Kaggle_3013402","1.0","Lotte Shopping","lotte shopping"
"Forbes668","Kaggle_3171094","0.9473684210526315","Rogers Communications","roger's communication"
"Forbes395","Kaggle_1978948","0.9333333333333333","American Electric","american electrical"
"Forbes983","Kaggle_2399696","0.9230769230769231","Electronic Arts","electronic art"
"Forbes899","Kaggle_1807785","0.9166666666666666","L3 Technologies","technologies33"
"Forbes1738","Kaggle_2104461","0.9090909090909091","Crown Resorts","crown resort"
"Forbes1911","Kaggle_2079395","0.9","MMI Holdings","mmi holding"
"Forbes126","Kaggle_2546697","0.8947368421052632","Anheuser-Busch InBev","anheuser busch inbev sa"
"Forbes1518","Kaggle_2057714","0.8888888888888888","China Communications Services","china communication services"
"Forbes1193","Kaggle_3353282","0.8823529411764706","Mitsubishi Motors","mitsubishi motors sa"
"Forbes180","Kaggle_3040339","0.875","Travelers","traveler"
"Forbes1061","Kaggle_1909126","0.8666666666666667","Quest Diagnostics","quest diagnosti"
"Forbes71","Kaggle_2392668","0.8648648648648649","China State Construction Engineering","china state construction engineering co., ltd."
"Forbes1085","Kaggle_2487542","0.8571428571428571","Investec","investe"
"Forbes686","Kaggle_3168750","0.85","Level 3 Communications","level 5 communications inc."
"Forbes1460","Kaggle_3035799","0.8484848484848485","Melco International Development","melco international development ltd (mx7a)"
"Forbes683","Kaggle_2030579","0.8461538461538461","Weyerhaeuser","weyer haeuser co"
"Forbes601","Kaggle_1952461","0.84375","Johnson Controls International","johnson controls international sp. z o.o."
"Forbes75","Kaggle_2464278","0.8421052631578947","China Minsheng Banking","china minsheng bank"
"Forbes505","Kaggle_3236498","0.8333333333333334","Ecolab","ecolabs"
"Forbes939","Kaggle_1933876","0.8275862068965517","China Shipbuilding Industry","china shipbuilding industry co., ltd."
"Forbes18","Kaggle_2079257","0.8260869565217391","Verizon Communications","verizon communication esg"
"Forbes195","Kaggle_1869828","0.8235294117647058","GlaxoSmithKline","glaxosmithkline inc"
"Forbes805","Kaggle_3408931","0.8181818181818182","Metro Group","metrogroup sa"
"Forbes608","Kaggle_2108741","0.8125","Dell Technologies","ell technologies"
"Forbes126","Kaggle_2457530","0.8095238095238095","Anheuser-Busch InBev","anheuser-busch inbev sa/nv"
"Forbes172","Kaggle_1942599","0.8076923076923077","British American Tobacco","british american tobacco japan"
"Forbes1985","Kaggle_1842781","0.8055555555555556","Konica Minolta Business Solutions","konica minolta business solutions (m) sdn bhd"
"Forbes438","Kaggle_1819246","0.8","Humana","@ human"
"Forbes1699","Kaggle_2129478","0.7931034482758621","Commercial International Bank","international commercial bank"
"Forbes348","Kaggle_2674826","0.7916666666666666","Takeda Pharmaceutical","takeda pharmaceuticals fzco"
"Forbes1838","Kaggle_1934063","0.7894736842105263","China Railway Signal & Communication","china railway signal & communication corporation"
"Forbes899","Kaggle_2190126","0.7857142857142857","L3 Technologies","hire 1 technologies"
"Forbes301","Kaggle_2488694","0.782608695652174","Oversea-Chinese Banking","overseas chinese banking"
"Forbes1980","Kaggle_2164981","0.7777777777777778","F5 Networks","180 networks"
"Forbes708","Kaggle_3155335","0.7741935483870968","Mitsubishi Heavy Industries","mitsubishi heavy industries - yack sas"
"Forbes267","Kaggle_2555077","0.7727272727272727","Synchrony Financial","synchrony financial - india"
"Forbes716","Kaggle_2684584","0.7692307692307693","Halliburton","halliburton sas"
"Forbes686","Kaggle_2323349","0.7647058823529411","Level 3 Communications","com2 communications"
"Forbes1978","Kaggle_2872069","0.7619047619047619","Chicago Bridge & Iron","chicago bridge & iron - power"
"Forbes405","Kaggle_2027365","0.76","International Airlines","international airline pilot"
"Forbes1460","Kaggle_2025573","0.7586206896551724","Melco International Development","international development"
"Forbes822","Kaggle_3126158","0.75","ATOS","atosa"
"Forbes1333","Kaggle_3239811","0.7407407407407407","AmTrust Financial Services","trust financial services, llc"
"Forbes18","Kaggle_2907324","0.7391304347826086","Verizon Communications","horizon communications"
"Forbes1974","Kaggle_2645577","0.7368421052631579","Nanya Technology","nanya technology japan"
"Forbes899","Kaggle_2306472","0.7333333333333333","L3 Technologies","saber 1 technologies"
"Forbes318","Kaggle_2800785","0.7307692307692307","Discover Financial Services","dover financial services"
"Forbes691","Kaggle_1768500","0.7272727272727273","LG Display","lg display & tpv"
"Forbes410","Kaggle_1757728","0.7222222222222222","Magna International","na international"
"Forbes107","Kaggle_1709864","0.72","Charter Communications","char baxter communications"
"Forbes1394","Kaggle_2960806","0.71875","Focus Media Information Technology","focus information technology"
"Forbes1884","Kaggle_1929795","0.7142857142857143","GS Engineering","n s engineering"
"Forbes601","Kaggle_2716627","0.7105263157894737","Johnson Controls International","johnson controls international holdings ltd"
"Forbes377","Kaggle_2697463","0.7083333333333334","Tata Consultancy Services","p2p consultancy services"
"Forbes302","Kaggle_3253759","0.7058823529411765","KB Financial Group","ifinancial group"
"Forbes318","Kaggle_2333491","0.7037037037037037","Discover Financial Services","glover financial services"
"Forbes859","Kaggle_3139417","0.7","Yara International","creara international"
"Forbes535","Kaggle_2989665","0.6956521739130435","Standard Chartered","standard chartered partners"
"Forbes1884","Kaggle_1962518","0.6923076923076923","GS Engineering","f3 engineering"
"Forbes1066","Kaggle_2216278","0.6896551724137931","Restaurant Brands International","restaurant international"
"Forbes899","Kaggle_2644752","0.6875","L3 Technologies","techyon technologies"
"Forbes1954","Kaggle_2118268","0.6842105263157895","SBA Communications","aka communications"
"Forbes147","Kaggle_2820353","0.6818181818181818","PNC Financial Services","cj financial services"
"Forbes377","Kaggle_2970587","0.68","Tata Consultancy Services","fs consultancy services"
"Forbes348","Kaggle_2545703","0.6785714285714286","Takeda Pharmaceutical","takedapharmaceutical nordics ab"
"Forbes456","Kaggle_3131911","0.6774193548387096","Steinhoff International","steinhoff international holdings n.v."
"Forbes367","Kaggle_2485549","0.6666666666666666","Edison International","acson international"
"Forbes364","Kaggle_2820647","0.65625","Gree Electric Appliances","gree electric appliances,inc.of zhuhai"
"Forbes377","Kaggle_1882851","0.6538461538461539","Tata Consultancy Services","mik consultancy services"
"Forbes147","Kaggle_2039362","0.6521739130434783","PNC Financial Services","medfinancial services"
"Forbes1843","Kaggle_3049855","0.65","Commercial Bank of Qatar","commercial bank"
"Forbes899","Kaggle_2192980","0.6470588235294118","L3 Technologies","global 5 technologiess"
"Forbes843","Kaggle_3110283","0.6451612903225806","American Financial Group","american family financial group llc"
"Forbes623","Kaggle_3211449","0.6428571428571429","WEC Energy Group","4energy group"
"Forbes1683","Kaggle_2933071","0.640625","Commercial Bank For Investment & Development Of Vietnam","joint stock commercial bank for investment and development of vietnam (bidv)"
"Forbes174","Kaggle_2141830","0.64","China Pacific Insurance","laguna pacific insurance"
"Forbes842","Kaggle_3107685","0.6388888888888888","Guangzhou Automobile Group","guangzhou automobile group business co., ltd."
"Forbes448","Kaggle_1961632","0.6363636363636364","Fosun International","link-sun international"
"Forbes291","Kaggle_2523032","0.6333333333333333","Archer Daniels Midland","archer daniels midland europoort b.v."
"Forbes302","Kaggle_2349927","0.631578947368421","KB Financial Group","cno financial group"
"Forbes377","Kaggle_3211266","0.6296296296296297","Tata Consultancy Services","7s consultancy services llp"
"Forbes1460","Kaggle_2735428","0.6285714285714286","Melco International Development","sbs international development ltd"
"Forbes1449","Kaggle_2003470","0.625","Acciona","accionti"
"Forbes71","Kaggle_2113285","0.6216216216216216","China State Construction Engineering","elite construction & engineering, inc."
"Forbes377","Kaggle_2832039","0.6206896551724138","Tata Consultancy Services","promaya consultancy services"
"Forbes367","Kaggle_2042132","0.6190476190476191","Edison International","axion international"
"Forbes1460","Kaggle_2213220","0.6176470588235294","Melco International Development","international drug development"
"Forbes684","Kaggle_2070187","0.6153846153846154","Woolworths","woolworth walk"
"Forbes1447","Kaggle_1789552","0.6129032258064516","RiseSun Real Estate Development","red real estate development"
"Forbes196","Kaggle_3008699","0.6111111111111112","Deutsche Post","deutsche post com gmbh"
"Forbes348","Kaggle_2886564","0.6086956521739131","Takeda Pharmaceutical","anda pharmaceuticals"
"Forbes377","Kaggle_3357586","0.6071428571428571","Tata Consultancy Services","focus consultancy services"
"Forbes995","Kaggle_2229929","0.6060606060606061","Shanghai Pharmaceuticals","shanghai hutchison pharmaceuticals"
"Forbes1876","Kaggle_1929795","0.6","ST Engineering","n s engineering"
"Forbes71","Kaggle_3230390","0.5945945945945946","China State Construction Engineering","tyce construction engineering, inc."
"Forbes1868","Kaggle_2579800","0.59375","Beijing Capital Development","working capital development, llc"
"Forbes1897","Kaggle_3198796","0.5925925925925926","Babcock International Group","tt international group"
"Forbes485","Kaggle_2886564","0.5909090909090909","Teva Pharmaceutical","anda pharmaceuticals"
"Forbes1795","Kaggle_2812193","0.5897435897435898","RioCan Real Estate Investment Trust","washington real estate investment trust"
"Forbes1876","Kaggle_3036594","0.5882352941176471","ST Engineering","choat engineering"
"Forbes1568","Kaggle_2578579","0.5862068965517241","Pacific Exploration & Production","elf exploration production"
"Forbes708","Kaggle_3055807","0.5853658536585366","Mitsubishi Heavy Industries","mitsubishi heavy industries asia pacific pte. ltd."
"Forbes1235","Kaggle_2530744","0.5833333333333334","Alexion Pharmaceuticals","pan pharmaceuticals"
"Forbes1333","Kaggle_1775911","0.5806451612903226","AmTrust Financial Services","amherst financial services, inc."
"Forbes1460","Kaggle_2256174","0.5789473684210527","Melco International Development","international development resources"
"Forbes318","Kaggle_1960127","0.5769230769230769","Discover Financial Services","m financial services"
"Forbes1979","Kaggle_2096564","0.5757575757575758","Belle International Holdings","wolf international holdings, ltd."
"Forbes686","Kaggle_2872022","0.5714285714285714","Level 3 Communications","unicom communications"
"Forbes1679","Kaggle_1809876","0.5666666666666667","Hengan International Group","archeon international group"
"Forbes405","Kaggle_2712481","0.5652173913043478","International Airlines","international auto"
"Forbes1460","Kaggle_2620923","0.5641025641025641","Melco International Development","international development solutions ltd"
"Forbes811","Kaggle_2697631","0.5625","LG Electronics","electronics r us"
"Forbes1594","Kaggle_2428236","0.56","China International Marine","cmar international"
"Forbes251","Kaggle_2593283","0.5588235294117647","Thermo Fisher Scientific","inel sas, thermofisher scientific's group"
"Forbes1394","Kaggle_3006883","0.5581395348837209","Focus Media Information Technology","one media  information technology (hk) limited"
"Forbes147","Kaggle_1986565","0.5555555555555556","PNC Financial Services","martini financial services"
"Forbes1699","Kaggle_2462874","0.5526315789473685","Commercial International Bank","auto commercial international gtd fzco"
"Forbes1897","Kaggle_3321713","0.5517241379310345","Babcock International Group","be international group sa"
"Forbes1876","Kaggle_2095032","0.55","ST Engineering","stelex engineering ltd."
"Forbes1333","Kaggle_2016661","0.5483870967741935","AmTrust Financial Services","assist financial services, inc."
"Forbes1980","Kaggle_2832154","0.5454545454545454","F5 Networks","art networks"
"Forbes71","Kaggle_2475170","0.5434782608695652","China State Construction Engineering","china railway construction engineering group"
"Forbes1394","Kaggle_2658497","0.5428571428571428","Focus Media Information Technology","misr information technology"
"Forbes961","Kaggle_2551467","0.5416666666666666","BOE Technology Group","globax technology group"
"Forbes403","Kaggle_2030192","0.5405405405405406","American International Group","american international club of geneva"
"Forbes1919","Kaggle_3241818","0.5384615384615384","Ares Capital","ress capital"
"Forbes1460","Kaggle_2209105","0.5365853658536586","Melco International Development","shuman international development agency"
"Forbes1333","Kaggle_2429438","0.5357142857142857","AmTrust Financial Services","dunn financial services"
"Forbes167","Kaggle_1995567","0.5348837209302325","China Railway Construction","china railway construction real estate group co., ltd."
"Forbes899","Kaggle_3050189","0.5333333333333333","L3 Technologies","acts 2 technology"
"Forbes377","Kaggle_3252277","0.53125","Tata Consultancy Services","citrix consultancy services ltd"
"Forbes377","Kaggle_1728621","0.5294117647058824","Tata Consultancy Services","raconsys consultancy services pvt.ltd."
"Forbes1394","Kaggle_3001909","0.5277777777777778","Focus Media Information Technology","vision information technology"
"Forbes899","Kaggle_3046148","0.5263157894736842","L3 Technologies","digipol technologies"
"Forbes135","Kaggle_2216454","0.525","China Communications Construction","telecommunications consulting & construction"
"Forbes1555","Kaggle_2578523","0.5238095238095238","EFG International","c.r. international inc."
"Forbes1954","Kaggle_1841942","0.5217391304347826","SBA Communications","masake communications"
"Forbes34","Kaggle_3389261","0.52","Bank of Communications","albany communications"
"Forbes1725","Kaggle_3019194","0.5185185185185185","Tokyo TY Financial Group","alterity financial group"
"Forbes1306","Kaggle_2847673","0.5172413793103449","Pioneer Natural Resources","pt. timor natural resources"
"Forbes1839","Kaggle_3265505","0.5161290322580645","Shanghai Industrial Holdings","shanghai allied industrial"
"Forbes377","Kaggle_2324700","0.5151515151515151","Tata Consultancy Services","inspiratio consultancy services"
"Forbes1518","Kaggle_3304008","0.5142857142857142","China Communications Services","topcommunication services gmbh"
"Forbes1394","Kaggle_2891343","0.5135135135135135","Focus Media Information Technology","rahman information technology"
"Forbes1518","Kaggle_3037601","0.5128205128205128","China Communications Services","global protons communications services"
"Forbes71","Kaggle_2338725","0.5121951219512195","China State Construction Engineering","construction engineering group, l.l.c."
"Forbes71","Kaggle_1981613","0.5116279069767442","China State Construction Engineering","associated construction & engineering, inc."
"Forbes1460","Kaggle_3320611","0.5111111111111111","Melco International Development","touchpoint international development group, llc."
"Forbes744","Kaggle_2737993","0.5","Essilor International","international flooring"
"Forbes1518","Kaggle_1853679","0.48936170212765956","China Communications Services","china communication telecom services company limited"
"Forbes71","Kaggle_1757118","0.4888888888888889","China State Construction Engineering","tanootas taban engineering & construction"
"Forbes71","Kaggle_2190905","0.4883720930232558","China State Construction Engineering","kolon engineering & construction co., ltd."
"Forbes1460","Kaggle_1731263","0.4878048780487805","Melco International Development","torque developments international plc"
"Forbes1447","Kaggle_2606909","0.48717948717948717","RiseSun Real Estate Development","envisage real estate & development ltd."
"Forbes71","Kaggle_3420245","0.4864864864864865","China State Construction Engineering","substruction engineering inc."
"Forbes1333","Kaggle_2273342","0.4857142857142857","AmTrust Financial Services","union first financial services, inc."
"Forbes1679","Kaggle_3105989","0.48484848484848486","Hengan International Group","ic mega international group inc."
"Forbes1333","Kaggle_1854617","0.4838709677419355","AmTrust Financial Services","stearns financial services"
"Forbes863","Kaggle_3080797","0.4827586206896552","Mega Financial Holding","national financial holdings"
"Forbes782","Kaggle_2352969","0.48148148148148145","Discovery Communications","hgk communications.com"
"Forbes782","Kaggle_3115623","0.48","Discovery Communications","jg communications"
"Forbes686","Kaggle_1939150","0.4782608695652174","Level 3 Communications","glabs communication"
"Forbes71","Kaggle_3364205","0.4772727272727273","China State Construction Engineering","communication construction & engineering"
"Forbes1998","Kaggle_2741661","0.47619047619047616","Akamai Technologies","kln technologies"
"Forbes1447","Kaggle_2646591","0.475","RiseSun Real Estate Development","fiduciary real estate development, inc."
"Forbes1689","Kaggle_2285579","0.47368421052631576","Molina Healthcare","esta health care"
"Forbes377","Kaggle_2003925","0.4722222222222222","Tata Consultancy Services","skillstaffing consultancy services"
"Forbes824","Kaggle_3167226","0.47058823529411764","SM Investments","icap investment"
"Forbes1333","Kaggle_2514918","0.46875","AmTrust Financial Services","homebank financial services"
"Forbes1460","Kaggle_2524792","0.46808510638297873","Melco International Development","nautilus international development consulting"
"Forbes1603","Kaggle_3052221","0.4666666666666667","XPO Logistics","klx logistics"
"Forbes1460","Kaggle_3437135","0.46511627906976744","Melco International Development","international organisation development ltd"
"Forbes1958","Kaggle_2708414","0.4642857142857143","Sinopec Oilfield Service","h&h oilfield services ltd."
"Forbes71","Kaggle_2408827","0.4634146341463415","China State Construction Engineering","q-build engineering & construction"
"Forbes1161","Kaggle_1929086","0.46153846153846156","SVB Financial Group","evolocity financial group"
"Forbes278","Kaggle_3266886","0.4594594594594595","Mitsubishi Electric","mitsubishi electric logistics corporation"
"Forbes1414","Kaggle_2341613","0.4583333333333333","Olam International","winning international"
"Forbes1679","Kaggle_3375902","0.45714285714285713","Hengan International Group","mintel international group limited"
"Forbes1394","Kaggle_3123026","0.45652173913043476","Focus Media Information Technology","asia information and communucation technology"
"Forbes1523","Kaggle_3414801","0.45454545454545453","FleetCor Technologies","sc technologies"
"Forbes1394","Kaggle_1933462","0.4523809523809524","Focus Media Information Technology","purplebytes information technology"
"Forbes670","Kaggle_3369670","0.45161290322580644","China Reinsurance Group","empire insurance group pty ltd"
"Forbes1394","Kaggle_3121811","0.45098039215686275","Focus Media Information Technology","center for communication media & information technologies"
"Forbes1751","Kaggle_2152687","0.45","Waste Connections","whole connection"
"Forbes1790","Kaggle_3179704","0.4489795918367347","Shenzhou International Group Holdings","global group international holdings limited"
"Forbes341","Kaggle_2030243","0.4482758620689655","Principal Financial Group","macco financial group, inc."
"Forbes403","Kaggle_2777208","0.4473684210526316","American International Group","mg international group of companies"
"Forbes71","Kaggle_2168543","0.44680851063829785","China State Construction Engineering","scorpion engineering construction limited"
"Forbes1657","Kaggle_2933071","0.44594594594594594","Joint Stock Commercial Bank for Foreign Trade of Vietnam","joint stock commercial bank for investment and development of vietnam (bidv)"
"Forbes1496","Kaggle_2499806","0.4444444444444444","Hokuhoku Financial Group","goodman financial group"
"Forbes1394","Kaggle_2862378","0.4418604651162791","Focus Media Information Technology","innovation flame information technology"
"Forbes338","Kaggle_2203652","0.4411764705882353","Hartford Financial Services","torres financial services, inc."
"Forbes213","Kaggle_2085903","0.44","Mondel?z International","enso international"
"Forbes864","Kaggle_2209196","0.43902439024390244","Shanghai International Port","shanghai prema international trade co., ltd."
"Forbes926","Kaggle_2593965","0.4375","Asr Nederland","itsc nederland"
"Forbes377","Kaggle_2013069","0.4358974358974359","Tata Consultancy Services","chenkuttavan engg. & consultancy services"
"Forbes1096","Kaggle_1870223","0.43478260869565216","Shanghai Construction","pjk construction"
"Forbes1699","Kaggle_2708150","0.43333333333333335","Commercial International Bank","a&p international, inc."
"Forbes1029","Kaggle_3041184","0.43243243243243246","China Resources Pharmaceutical Group","antares pharmaceuticals"
"Forbes1394","Kaggle_3066813","0.4318181818181818","Focus Media Information Technology","nile solutions for information technology"
"Forbes1460","Kaggle_2390411","0.43137254901960786","Melco International Development","pars international development & engineering co. (pideco)"
"Forbes1065","Kaggle_3284868","0.42857142857142855","Beijing Enterprises","ira enterprises"
"Forbes1460","Kaggle_3409310","0.425531914893617","Melco International Development","flourish international women's development ltd"
"Forbes1790","Kaggle_2055234","0.425","Shenzhou International Group Holdings","beijing international group"
"Forbes782","Kaggle_2719226","0.42424242424242425","Discovery Communications","mis communications australia"
"Forbes388","Kaggle_3408311","0.4230769230769231","Wilmar International","compass international"
"Forbes1394","Kaggle_1905537","0.4222222222222222","Focus Media Information Technology","chameleon power - information technology"
"Forbes1171","Kaggle_2445177","0.42105263157894735","Skyworks Solutions","ghs solutions"
"Forbes1460","Kaggle_2426586","0.42","Melco International Development","golden resources development international ltd (677)"
"Forbes744","Kaggle_2844378","0.41935483870967744","Essilor International","procor international limited"
"Forbes1518","Kaggle_2061957","0.4186046511627907","China Communications Services","genius communications & it services pty ltd"
"Forbes1096","Kaggle_2703950","0.4166666666666667","Shanghai Construction","roof construction"
"Forbes403","Kaggle_3321786","0.4146341463414634","American International Group","excel international group of companies"
"Forbes136","Kaggle_2691904","0.41379310344827586","Honeywell International","serra international, inc."
"Forbes1447","Kaggle_2739988","0.41304347826086957","RiseSun Real Estate Development","qitaf al-ardh real estate development company"
"Forbes434","Kaggle_3236420","0.4117647058823529","Daikin Industries","c2i industrie"
"Forbes1897","Kaggle_3225893","0.41025641025641024","Babcock International Group","integrity international group limited"
"Forbes1142","Kaggle_3121315","0.4090909090909091","Hyundai Engineering","gs engineering p.c."
"Forbes403","Kaggle_2508960","0.40816326530612246","American International Group","americare advantage insurance group international"
"Forbes1268","Kaggle_3081017","0.4074074074074074","Ctrip.com International","fisker international"
"Forbes1644","Kaggle_2582653","0.40625","Vertex Pharmaceuticals","liva pharmaceuticals limited"
"Forbes1985","Kaggle_3328327","0.40540540540540543","Konica Minolta Business Solutions","bulmers business solutions"
"Forbes364","Kaggle_2122169","0.40476190476190477","Gree Electric Appliances","greaidea gas and electrical appliances co., ltd"
"Forbes71","Kaggle_2917155","0.40425531914893614","China State Construction Engineering","jasp engineering & construction co. pvt. ltd."
"Forbes71","Kaggle_1899485","0.40384615384615385","China State Construction Engineering","hunan construction engineering group corporation"
"Forbes879","Kaggle_1819644","0.4","Lear","leaf'd"
"Forbes71","Kaggle_2125243","0.39622641509433965","China State Construction Engineering","carson & roberts site construction and engineering"
"Forbes1394","Kaggle_2887360","0.3958333333333333","Focus Media Information Technology","salman solutions for informationtechnology co."
"Forbes1795","Kaggle_2887597","0.3953488372093023","RioCan Real Estate Investment Trust","tristar global real estate investments"
"Forbes1985","Kaggle_1716821","0.39473684210526316","Konica Minolta Business Solutions","impax business solutions ltd"
"Forbes995","Kaggle_2129246","0.3939393939393939","Shanghai Pharmaceuticals","foresee pharmaceuticals, inc."
"Forbes1124","Kaggle_2902331","0.39285714285714285","Datang International Power","gear international"
"Forbes1394","Kaggle_2329270","0.39215686274509803","Focus Media Information Technology","sysveda information technology private limited"
"Forbes1884","Kaggle_1837845","0.391304347826087","GS Engineering","rotamic engineering ltd"
"Forbes1897","Kaggle_3321786","0.3902439024390244","Babcock International Group","excel international group of companies"
"Forbes556","Kaggle_2485709","0.3888888888888889","Standard Life","standard gravity"
"Forbes1447","Kaggle_2028590","0.3877551020408163","RiseSun Real Estate Development","maine real estate & development association (mereda)"
"Forbes34","Kaggle_2916193","0.3870967741935484","Bank of Communications","thornhill communications, llc"
"Forbes1790","Kaggle_3224389","0.38636363636363635","Shenzhou International Group Holdings","sigma international holdings, inc."
"Forbes1980","Kaggle_2307509","0.38461538461538464","F5 Networks","myrse network"
"Forbes71","Kaggle_2396133","0.3829787234042553","China State Construction Engineering","tenda engineering consulting costruction"
"Forbes1902","Kaggle_1769710","0.38235294117647056","Jazz Pharmaceuticals","shreechem pharmaceuticals pvt ltd"
"Forbes71","Kaggle_2784259","0.38181818181818183","China State Construction Engineering","nt stockholm - construction & engineering specialists"
"Forbes958","Kaggle_2576632","0.38095238095238093","HCL Technologies","ztl technology llc"
"Forbes1394","Kaggle_1961055","0.38","Focus Media Information Technology","tornado (tianjin) information technology co., ltd."
"Forbes1357","Kaggle_2979278","0.3793103448275862","Frontier Communications","linkman communication"
"Forbes939","Kaggle_2580660","0.3783783783783784","China Shipbuilding Industry","building industry credit bureau"
"Forbes1840","Kaggle_2777150","0.37777777777777777","Xiamen International Trade Group","shanghai u-win international trade co.,ltd"
"Forbes1460","Kaggle_2393182","0.37735849056603776","Melco International Development","kingdom international economic development corporation"
"Forbes603","Kaggle_2593638","0.375","New World Development","dodge development"
"Forbes1394","Kaggle_3052071","0.37254901960784315","Focus Media Information Technology","gulf cyber information technology services llc"
"Forbes135","Kaggle_2582752","0.37209302325581395","China Communications Construction","say so communications*connections*consulting"
"Forbes327","Kaggle_2782601","0.37142857142857144","China Cinda Asset Management","whitley asset management ltd"
"Forbes1657","Kaggle_2166528","0.3709677419354839","Joint Stock Commercial Bank for Foreign Trade of Vietnam","vietnam thuong tin commercial joint stock bank"
"Forbes1096","Kaggle_1870221","0.37037037037037035","Shanghai Construction","gutu construction ltd"
"Forbes377","Kaggle_2508585","0.3695652173913043","Tata Consultancy Services","emergency management consultancy services pty ltd"
"Forbes1533","Kaggle_2862341","0.3684210526315789","Mitsui Chemicals","q-ing chemicals"
"Forbes1394","Kaggle_2627743","0.3673469387755102","Focus Media Information Technology","cloudplus information technologies pvt ltd"
"Forbes1332","Kaggle_2690199","0.36666666666666664","Koito Manufacturing","smt manufacturing & supply llc"
"Forbes364","Kaggle_2456399","0.36585365853658536","Gree Electric Appliances","hangzhou leiwei electric appliance co ltd"
"Forbes1394","Kaggle_2445657","0.36538461538461536","Focus Media Information Technology","initec internet & information technology consulting"
"Forbes828","Kaggle_3047545","0.36363636363636365","L Brands","luks brands"
"Forbes71","Kaggle_3266947","0.3620689655172414","China State Construction Engineering","enerjika electromechanical construction engineering"
"Forbes1795","Kaggle_2943832","0.3617021276595745","RioCan Real Estate Investment Trust","real estate investment public corporation"
"Forbes202","Kaggle_1797353","0.3611111111111111","Brookfield Asset Management","tridion asset management gmbh"
"Forbes1677","Kaggle_2565363","0.36","Techtronic Industries","arccon industries"
"Forbes135","Kaggle_2690505","0.358974358974359","China Communications Construction","western states communications"
"Forbes1394","Kaggle_3409304","0.3584905660377358","Focus Media Information Technology","techlines for telecom and information technology llc"
"Forbes701","Kaggle_2978779","0.35714285714285715","Adobe Systems","er systems"
"Forbes71","Kaggle_3272014","0.3559322033898305","China State Construction Engineering","muskan techno engineering construction private lim ited"
"Forbes1985","Kaggle_3019397","0.35555555555555557","Konica Minolta Business Solutions","jm interim business solutions limited"
"Forbes213","Kaggle_2874484","0.3548387096774194","Mondel?z International","archgon international ltd."
"Forbes1447","Kaggle_2633336","0.3541666666666667","RiseSun Real Estate Development","rose realestate and development corporation"
"Forbes1357","Kaggle_2057714","0.35294117647058826","Frontier Communications","china communication services"
"Forbes71","Kaggle_3039225","0.35185185185185186","China State Construction Engineering","hout construction services, inc. dba hout engineering"
"Forbes202","Kaggle_2822920","0.35135135135135137","Brookfield Asset Management","foundation asset management hk"
"Forbes1460","Kaggle_2189803","0.3508771929824561","Melco International Development","luxor for tourism development and international trade ltd."
"Forbes207","Kaggle_2620332","0.35","MS&AD Insurance","pool insurance ltd."
"Forbes1594","Kaggle_3105847","0.3488372093023256","China International Marine","nuclear engineering international magazine"
"Forbes1751","Kaggle_2741414","0.34782608695652173","Waste Connections","doha connection w.l.l."
"Forbes1985","Kaggle_1928471","0.3469387755102041","Konica Minolta Business Solutions","citron business solutions & technology co. ltd"
"Forbes1876","Kaggle_3270900","0.34615384615384615","ST Engineering","d welsh engineering limited"
"Forbes1394","Kaggle_1786670","0.34545454545454546","Focus Media Information Technology","auburn university office of information technology"
"Forbes2","Kaggle_1852682","0.3448275862068966","China Construction Bank","construction savoyarde"
"Forbes403","Kaggle_2685394","0.34375","American International Group","emcorp international"
"Forbes1357","Kaggle_1750813","0.34285714285714286","Frontier Communications","london central communications"
"Forbes202","Kaggle_2030112","0.34210526315789475","Brookfield Asset Management","plant asset management (petrofac)"
"Forbes1897","Kaggle_3049898","0.34146341463414637","Babcock International Group","johnson law group international pllc"
"Forbes1840","Kaggle_3225893","0.3409090909090909","Xiamen International Trade Group","integrity international group limited"
"Forbes1840","Kaggle_2930990","0.3404255319148936","Xiamen International Trade Group","nippon international general trading l.l.c"
"Forbes1840","Kaggle_1969348","0.34","Xiamen International Trade Group","australian pavilion, international venue group"
"Forbes135","Kaggle_1853679","0.33962264150943394","China Communications Construction","china communication telecom services company limited"
"Forbes1394","Kaggle_2749166","0.3392857142857143","Focus Media Information Technology","nanjing zephyr skyline information technology co. ltd."
"Forbes52","Kaggle_2664113","0.3333333333333333","China Life Insurance","r-h insurance group"
"Forbes1394","Kaggle_2923997","0.32786885245901637","Focus Media Information Technology","tunca - information technology and marketing for your business"
"Forbes1394","Kaggle_3333397","0.3275862068965517","Focus Media Information Technology","kyungnam college university of information & technology"
"Forbes1394","Kaggle_2691876","0.32727272727272727","Focus Media Information Technology","microkey information&communication technologies ltd."
"Forbes1447","Kaggle_1881318","0.3269230769230769","RiseSun Real Estate Development","gramling brothers real estate and development inc."
"Forbes364","Kaggle_3344281","0.32653061224489793","Gree Electric Appliances","shenzhen longyun lighting electric appliances co.,ltd"
"Forbes1985","Kaggle_1772362","0.32608695652173914","Konica Minolta Business Solutions","collaborative business solutions llc"
"Forbes1790","Kaggle_3289107","0.32558139534883723","Shenzhou International Group Holdings","international student group"
"Forbes1766","Kaggle_2044822","0.325","Shanghai Fosun Pharmaceutical (group)","tivorsan pharmaceuticals"
"Forbes18","Kaggle_2769360","0.32432432432432434","Verizon Communications","glaze communications services, inc."
"Forbes975","Kaggle_2869756","0.3235294117647059","Huadian Power International","honey wess international"
"Forbes1504","Kaggle_3066864","0.3225806451612903","Maxim Integrated Products","maxim hygiene products"
"Forbes1394","Kaggle_2353632","0.3220338983050847","Focus Media Information Technology","beida jade bird beijing aptech information technology co.,ltd."
"Forbes1852","Kaggle_2548208","0.32142857142857145","NH Investment & Securities","trik investments b.v."
"Forbes1985","Kaggle_1931180","0.32075471698113206","Konica Minolta Business Solutions","informatica business solutions private limited"
"Forbes1165","Kaggle_2888551","0.32","Mitsubishi Materials","granby mitsubishi"
"Forbes1985","Kaggle_1744598","0.3191489361702128","Konica Minolta Business Solutions","a.c.t. marketing and business solutions, inc."
"Forbes1366","Kaggle_3374206","0.3181818181818182","JB Hunt Transport","bedford transport"
"Forbes1696","Kaggle_2014125","0.3170731707317073","Samsung Heavy Industries","jiangsu rainbow heavy industries co., ltd."
"Forbes1394","Kaggle_2537528","0.31666666666666665","Focus Media Information Technology","chances for information technology and consulting services"
"Forbes1270","Kaggle_2221769","0.3157894736842105","China Life Insurance (Taiwan)","generali life insurance ukraine"
"Forbes1679","Kaggle_2261878","0.3148148148148148","Hengan International Group","rubin international group at douglas elliman real estate"
"Forbes1124","Kaggle_1826687","0.3142857142857143","Datang International Power","muzicol inter national corp"
"Forbes65","Kaggle_2099020","0.3137254901960784","Shanghai Pudong Development","shanghai chemical industry park development co.,ltd"
"Forbes71","Kaggle_2321072","0.31343283582089554","China State Construction Engineering","ajami group ltd - construction, architectural & engineering services"
"Forbes543","Kaggle_2013143","0.3125","Kirin Holdings","spi holding"
"Forbes1394","Kaggle_2513631","0.3114754098360656","Focus Media Information Technology","treat-it information technology development and service ltd."
"Forbes1594","Kaggle_2428207","0.3111111111111111","China International Marine","moadaco engineering & marketing international"
"Forbes1904","Kaggle_2119617","0.3103448275862069","Microchip Technology","mint technology company"
"Forbes1838","Kaggle_3049875","0.30952380952380953","China Railway Signal & Communication","dactylo communication design"
"Forbes1790","Kaggle_3346599","0.3090909090909091","Shenzhou International Group Holdings","prosperity international holdings (h.k.) limited"
"Forbes782","Kaggle_3236776","0.3076923076923077","Discovery Communications","house of communications australia"
"Forbes71","Kaggle_1955335","0.30666666666666664","China State Construction Engineering","abc-phd program architecture, built environment and construction engineering"
"Forbes1394","Kaggle_3431996","0.3064516129032258","Focus Media Information Technology","bay information & communication technology consulting services"
"Forbes1985","Kaggle_2817687","0.30612244897959184","Konica Minolta Business Solutions","tremblay group inc. (tgi business solutions)"
"Forbes136","Kaggle_3120476","0.3055555555555556","Honeywell International","cec international argentina s.a,"
"Forbes1518","Kaggle_3431996","0.3050847457627119","China Communications Services","bay information & communication technology consulting services"
"Forbes1609","Kaggle_3277177","0.30434782608695654","Kyushu Financial Group","finance group"
"Forbes1394","Kaggle_2886521","0.30357142857142855","Focus Media Information Technology","usc geographic information science and technology"
"Forbes906","Kaggle_3275165","0.30303030303030304","Infineon Technologies","giseon technology solutions"
"Forbes1594","Kaggle_3081317","0.3023255813953488","China International Marine","cosma international group of magna international inc."
"Forbes1985","Kaggle_3104709","0.3018867924528302","Konica Minolta Business Solutions","kpit cummins global business solutions limited"
"Forbes71","Kaggle_1922079","0.30158730158730157","China State Construction Engineering","sanlage - santiago quintao consulting, engineering & construction"
"Forbes1041","Kaggle_3346198","0.3","Meiji Holdings","alta holdings inc."
"Forbes1394","Kaggle_2371736","0.29850746268656714","Focus Media Information Technology","synergetics information technology services india private limited"
"Forbes377","Kaggle_2444784","0.2982456140350877","Tata Consultancy Services","iacs, industrial inkjet integration and consultancy services"
"Forbes1759","Kaggle_2845240","0.2978723404255319","Nomura Research Institute","malaysian institute of economic research (mier)"
"Forbes744","Kaggle_2620877","0.2972972972972973","Essilor International","bibby international logistics ltd."
"Forbes1394","Kaggle_2615086","0.296875","Focus Media Information Technology","institute of information technology, corvinus business school"
"Forbes1204","Kaggle_2876774","0.2962962962962963","Tenet Healthcare","commonwealth health care inc"
"Forbes1357","Kaggle_2858112","0.29545454545454547","Frontier Communications","liron communication - international communications agency"
"Forbes1394","Kaggle_2014540","0.29508196721311475","Focus Media Information Technology","beijing heshengda information security technology co., ltd"
"Forbes327","Kaggle_2620478","0.29411764705882354","China Cinda Asset Management","indigo yacht management"
"Forbes1683","Kaggle_2312606","0.29310344827586204","Commercial Bank For Investment & Development Of Vietnam","midland commercial development corp."
"Forbes849","Kaggle_1783241","0.2926829268292683","Raiffeisen Bank International","leiwest pak international co. ltd"
"Forbes1683","Kaggle_2220646","0.2923076923076923","Commercial Bank For Investment & Development Of Vietnam","horizon for investment and industrial development"
"Forbes1407","Kaggle_2119109","0.2916666666666667","Targa Resources","interbound resources"
"Forbes1110","Kaggle_2991685","0.2909090909090909","Flextronics International","itec - international telecommunication and electronics corporation"
"Forbes750","Kaggle_2159629","0.2903225806451613","China Energy Engineering","diesse engineering srl"
"Forbes71","Kaggle_2999687","0.2898550724637681","China State Construction Engineering","kellogg brown & root engineering & construction india private limited"
"Forbes181","Kaggle_2232664","0.2894736842105263","Philip Morris International","aim international trade co., ltd."
"Forbes1066","Kaggle_1809293","0.28888888888888886","Restaurant Brands International","international transport systems, inc."
"Forbes1985","Kaggle_3449305","0.28846153846153844","Konica Minolta Business Solutions","vandalay business solutions private limited"
"Forbes1979","Kaggle_2260897","0.288135593220339","Belle International Holdings","china merchants holdings(international) information technology"
"Forbes1683","Kaggle_2300615","0.2878787878787879","Commercial Bank For Investment & Development Of Vietnam","al tanmmiah for industrial & commercial investment"
"Forbes1175","Kaggle_2956706","0.2857142857142857","Hindalco Industries","bts footwear industries"
"Forbes71","Kaggle_1953648","0.2835820895522388","China State Construction Engineering","emta electricity engineering construction contracting and trading inc."
"Forbes1840","Kaggle_2189803","0.2833333333333333","Xiamen International Trade Group","luxor for tourism development and international trade ltd."
"Forbes1790","Kaggle_3070849","0.2830188679245283","Shenzhou International Group Holdings","icg international consulting group sp. z o.o."
"Forbes601","Kaggle_2860114","0.2826086956521739","Johnson Controls International","international oils & chemicals - intochem, s.a."
"Forbes1754","Kaggle_1929686","0.28205128205128205","International Flavors & Fragrances","sweban international ltd"
"Forbes1719","Kaggle_2709649","0.28125","City Developments","early drug development group (e2dg)"
"Forbes1790","Kaggle_3128793","0.2807017543859649","Shenzhou International Group Holdings","polyard petroleum international group limited"
"Forbes52","Kaggle_2424757","0.28","China Life Insurance","tc irons insurance"
"Forbes1394","Kaggle_3394396","0.27941176470588236","Focus Media Information Technology","the university of nc at greensboro information technology services"
"Forbes601","Kaggle_3357726","0.27906976744186046","Johnson Controls International","diamond recruiters international"
"Forbes1683","Kaggle_2587119","0.2786885245901639","Commercial Bank For Investment & Development Of Vietnam","south stream commercial development inc."
"Forbes946","Kaggle_1738284","0.2777777777777778","Galaxy Entertainment","vos sportsmarketing & entertainment"
"Forbes1795","Kaggle_2135393","0.2765957446808511","RioCan Real Estate Investment Trust","diversified real estate investors, llc"
"Forbes1464","Kaggle_2057828","0.27586206896551724","AECOM Technology","kungfuren technology co. ltd"
"Forbes1268","Kaggle_2028456","0.275","Ctrip.com International","nanjing lukou international airport"
"Forbes214","Kaggle_2770688","0.27450980392156865","People's Insurance Company","ace american fire and marine insurance company korea"
"Forbes1683","Kaggle_3224387","0.27419354838709675","Commercial Bank For Investment & Development Of Vietnam","planning development commercial lawyers"
"Forbes979","Kaggle_2254399","0.2727272727272727","Leucadia National","national news 247"
"Forbes1679","Kaggle_2927962","0.2711864406779661","Hengan International Group","european investment group (eig international ag & eig partners ag)"
"Forbes1971","Kaggle_1772355","0.2708333333333333","Tian An China Investments","china international investment platform (ciipp)"
"Forbes87","Kaggle_3233933","0.2702702702702703","United Technologies","inooster information technologies"
"Forbes1683","Kaggle_3414035","0.2698412698412698","Commercial Bank For Investment & Development Of Vietnam","vadi hayat real estate investment & development"
"Forbes575","Kaggle_2072969","0.2692307692307692","QBE Insurance Group","dmv insurance agency"
"Forbes1683","Kaggle_2971640","0.26865671641791045","Commercial Bank For Investment & Development Of Vietnam","""astana invest"" city development center for investments"" ll"
"Forbes456","Kaggle_2192522","0.2682926829268293","Steinhoff International","automotive equipment international"
"Forbes1790","Kaggle_2243905","0.26785714285714285","Shenzhou International Group Holdings","iqcg- international quality consulting group"
"Forbes1447","Kaggle_2384763","0.2676056338028169","RiseSun Real Estate Development","stellar gray real estate services, llc and interstate development corporation"
"Forbes1204","Kaggle_2859442","0.26666666666666666","Tenet Healthcare","capsugel healthcare limited"
"Forbes1790","Kaggle_2581362","0.2653061224489796","Shenzhou International Group Holdings","hosting solutions international, inc."
"Forbes65","Kaggle_2841557","0.2647058823529412","Shanghai Pudong Development","kickstart development"
"Forbes1790","Kaggle_1785444","0.2641509433962264","Shenzhou International Group Holdings","concord management group international"
"Forbes135","Kaggle_3064176","0.2631578947368421","China Communications Construction","giant construction co inc"
"Forbes1985","Kaggle_2868008","0.26229508196721313","Konica Minolta Business Solutions","american express business solutions (india) private limited"
"Forbes849","Kaggle_3103853","0.2619047619047619","Raiffeisen Bank International","artlaxy international art education"
"Forbes709","Kaggle_2121138","0.2608695652173913","Republic Services","timeout services"
"Forbes504","Kaggle_2260897","0.2602739726027397","China Merchants Shekou Industrial Zone Holdings","china merchants holdings(international) information technology"
"Forbes1518","Kaggle_3070844","0.26","China Communications Services","tata communications payment solutions limited"
"Forbes1460","Kaggle_2026917","0.2597402597402597","Melco International Development","centre for health sciences, training, research and development (chestrad) international."
"Forbes660","Kaggle_2439308","0.25925925925925924","National Bank of Abu Dhabi","national paving"
"Forbes1686","Kaggle_3398231","0.25862068965517243","Bureau Veritas Registre International de Classific","logistics software international"
"Forbes540","Kaggle_3357684","0.25806451612903225","Public Service Enterprise Group","iy enterprises"
"Forbes1790","Kaggle_1998314","0.25757575757575757","Shenzhou International Group Holdings","donghai international financial holdings company limited"
"Forbes540","Kaggle_2873337","0.2571428571428571","Public Service Enterprise Group","intel services group"
"Forbes71","Kaggle_3057958","0.2564102564102564","China State Construction Engineering","dlk construction inc"
"Forbes1986","Kaggle_2672059","0.2558139534883721","Synnex Technology Intl","biometrics technology international, inc."
"Forbes420","Kaggle_2443115","0.2553191489361702","Huaneng Power International","swedish network for international health"
"Forbes668","Kaggle_2192761","0.2549019607843137","Rogers Communications","tamkin networks & communications information technology"
"Forbes377","Kaggle_3294602","0.2545454545454545","Tata Consultancy Services","proven ways - emergency services communications & consulting"
"Forbes1838","Kaggle_1853679","0.2542372881355932","China Railway Signal & Communication","china communication telecom services company limited"
"Forbes1683","Kaggle_2161020","0.25396825396825395","Commercial Bank For Investment & Development Of Vietnam","k a investments & developments company limited"
"Forbes1790","Kaggle_2260897","0.2537313432835821","Shenzhou International Group Holdings","china merchants holdings(international) information technology"
"Forbes1683","Kaggle_3361437","0.2535211267605634","Commercial Bank For Investment & Development Of Vietnam","state agency of ukraine for investments and development"
"Forbes1184","Kaggle_1906705","0.25","Motorola Solutions","amatak solutions co., ltd."
"Forbes1979","Kaggle_2340730","0.24675324675324675","Belle International Holdings","kai yun (hong kong) international holdings investment company limited ??(??)??????????"
"Forbes1790","Kaggle_2261878","0.24615384615384617","Shenzhou International Group Holdings","rubin international group at douglas elliman real estate"
"Forbes1790","Kaggle_3048113","0.2459016393442623","Shenzhou International Group Holdings","scaffolding international industrial services co."
"Forbes1352","Kaggle_1998314","0.24561403508771928","Yuanta Financial Holding","donghai international financial holdings company limited"
"Forbes1679","Kaggle_3401624","0.24528301886792453","Hengan International Group","international products and organic solutions sa de cv"
"Forbes71","Kaggle_2586938","0.24489795918367346","China State Construction Engineering","ai engineering plastics & laminates"
"Forbes1905","Kaggle_3088175","0.24444444444444444","Shanghai International Airport","fmw human resources international"
"Forbes1372","Kaggle_2164119","0.24390243902439024","AAC Technologies Holdings","webx technologies private limited"
"Forbes1066","Kaggle_2501353","0.24324324324324326","Restaurant Brands International","keks restaurant and bar"
"Forbes1683","Kaggle_2352097","0.24285714285714285","Commercial Bank For Investment & Development Of Vietnam","caspian investment & development corporation limited"
"Forbes171","Kaggle_3080082","0.24242424242424243","Hewlett Packard Enterprise","j anthony enterprises"
"Forbes1613","Kaggle_1998314","0.24193548387096775","Nishi-nippon Financial Holdings","donghai international financial holdings company limited"
"Forbes1169","Kaggle_1929086","0.2413793103448276","Intact Financial","evolocity financial group"
"Forbes1686","Kaggle_2244469","0.24074074074074073","Bureau Veritas Registre International de Classific","mg international logistics"
"Forbes278","Kaggle_2192352","0.24","Mitsubishi Electric","camus electric co"
"Forbes1066","Kaggle_3307953","0.2391304347826087","Restaurant Brands International","select international southern africa"
"Forbes7","Kaggle_3265885","0.23809523809523808","Bank of America","american brownieÂ®"
"Forbes1686","Kaggle_1991952","0.23728813559322035","Bureau Veritas Registre International de Classific","ameritrans freight international"
"Forbes214","Kaggle_1716634","0.23684210526315788","People's Insurance Company","united services insurance, llc"
"Forbes1686","Kaggle_2859880","0.23636363636363636","Bureau Veritas Registre International de Classific","business center international"
"Forbes452","Kaggle_1927083","0.23529411764705882","Xcel Energy","energycontrol"
"Forbes71","Kaggle_2663394","0.234375","China State Construction Engineering","bharat infrastructure and engineering private limited"
"Forbes1979","Kaggle_2285877","0.23404255319148937","Belle International Holdings","pea encom international company limited"
"Forbes1011","Kaggle_2221503","0.23333333333333334","China Grand Automotive Services","fpe services"
"Forbes341","Kaggle_2180588","0.23255813953488372","Principal Financial Group","insurance and financial services group"
"Forbes136","Kaggle_2261878","0.23214285714285715","Honeywell International","rubin international group at douglas elliman real estate"
"Forbes71","Kaggle_3124113","0.2318840579710145","China State Construction Engineering","erne international - real estate construction marketing consultancy"
"Forbes65","Kaggle_2720405","0.23076923076923078","Shanghai Pudong Development","willowbrook development ltd"
"Forbes1686","Kaggle_3278448","0.22950819672131148","Bureau Veritas Registre International de Classific","a. louie international associates ltd."
"Forbes1790","Kaggle_1784014","0.22916666666666666","Shenzhou International Group Holdings","rsb partners llc international"
"Forbes1486","Kaggle_2337625","0.22857142857142856","Meritz Financial Group","quantum commercial group inc"
"Forbes1686","Kaggle_3128277","0.22807017543859648","Bureau Veritas Registre International de Classific","international digital solutions"
"Forbes1670","Kaggle_3185247","0.22727272727272727","Cnpc Capital","jjn capital advisors"
"Forbes1790","Kaggle_2028979","0.22641509433962265","Shenzhou International Group Holdings","ct-live international event marketing"
"Forbes1002","Kaggle_2811714","0.22580645161290322","Dongbu Insurance","alliance pacific insurance, inc"
"Forbes428","Kaggle_3178115","0.22535211267605634","National Commercial Bank","commercial fuel and energy interregional bank for reconstruction and development"
"Forbes71","Kaggle_2961279","0.225","China State Construction Engineering","aledyne engineering, inc."
"Forbes1460","Kaggle_2875563","0.22448979591836735","Melco International Development","joyglobal international holdings ltd"
"Forbes1686","Kaggle_2930616","0.22413793103448276","Bureau Veritas Registre International de Classific","solutions recovery international"
"Forbes1686","Kaggle_2954310","0.22388059701492538","Bureau Veritas Registre International de Classific","international development research centre (idrc)"
"Forbes761","Kaggle_2254198","0.2222222222222222","Credicorp","credit corporation of america"
"Forbes135","Kaggle_1953939","0.22077922077922077","China Communications Construction","china construction eighth engineering division corporation limited (dubai branch)"
"Forbes1795","Kaggle_3171872","0.22058823529411764","RioCan Real Estate Investment Trust","viking international investment real estate & financial services"
"Forbes1357","Kaggle_3431996","0.22033898305084745","Frontier Communications","bay information & communication technology consulting services"
"Forbes1110","Kaggle_2097192","0.22","Flextronics International","international consumer research & testing ltd"
"Forbes1460","Kaggle_2979383","0.21951219512195122","Melco International Development","ultrastark development ag"
"Forbes341","Kaggle_3409746","0.21875","Principal Financial Group","truventure financial"
"Forbes1686","Kaggle_2135229","0.21818181818181817","Bureau Veritas Registre International de Classific","autosafe international ltd"
"Forbes1968","Kaggle_2376364","0.21739130434782608","ServiceNow","transitional services"
"Forbes1686","Kaggle_3225677","0.21666666666666667","Bureau Veritas Registre International de Classific","assault reduction international ltd"
"Forbes1904","Kaggle_2713852","0.21621621621621623","Microchip Technology","future technology solutions ltd"
"Forbes849","Kaggle_2684376","0.21568627450980393","Raiffeisen Bank International","syndicate innovations international limited"
"Forbes1686","Kaggle_1720510","0.2153846153846154","Bureau Veritas Registre International de Classific","diversified technologies international"
"Forbes874","Kaggle_3369832","0.21428571428571427","Entergy","mu enterprise"
"Forbes1686","Kaggle_3209797","0.21311475409836064","Bureau Veritas Registre International de Classific","streetboardz international pty ltd"
"Forbes1724","Kaggle_2966347","0.2127659574468085","Bohai Financial Investment Holding","global investment services corp"
"Forbes318","Kaggle_2349927","0.21212121212121213","Discover Financial Services","cno financial group"
"Forbes1754","Kaggle_2966390","0.21153846153846154","International Flavors & Fragrances","control technologies international ltd"
"Forbes1273","Kaggle_3078441","0.21052631578947367","IndusInd Bank","cfs industry ltd"
"Forbes1686","Kaggle_2325991","0.20967741935483872","Bureau Veritas Registre International de Classific","hilden associates (international) ltd"
"Forbes1254","Kaggle_2960801","0.20930232558139536","Huntington Ingalls Industries","quasar aerospace industries, inc."
"Forbes1460","Kaggle_2257624","0.208955223880597","Melco International Development","iranian industrial development and renovation construction company"
"Forbes184","Kaggle_2159047","0.20833333333333334","Southern Company","bridgeway company"
"Forbes1686","Kaggle_3000700","0.20754716981132076","Bureau Veritas Registre International de Classific","mgb media international"
"Forbes1376","Kaggle_2530828","0.20689655172413793","Essex Property Trust","a&r property solutions"
"Forbes1686","Kaggle_2925184","0.20634920634920634","Bureau Veritas Registre International de Classific","international construction material (icm)"
"Forbes1161","Kaggle_2181227","0.20588235294117646","SVB Financial Group","summit financial advisors, llc"
"Forbes1394","Kaggle_2783502","0.20512820512820512","Focus Media Information Technology","mevarick technology"
"Forbes1531","Kaggle_2119239","0.20454545454545456","Compal Electronics","the industrial electric company of charlotte"
"Forbes603","Kaggle_2874879","0.20408163265306123","New World Development","ads design and brand development holdings limited"
"Forbes1686","Kaggle_1768031","0.2037037037037037","Bureau Veritas Registre International de Classific","principal international, inc."
"Forbes975","Kaggle_2976139","0.2033898305084746","Huadian Power International","india international infrastructure engineers limited"
"Forbes1838","Kaggle_3294602","0.203125","China Railway Signal & Communication","proven ways - emergency services communications & consulting"
"Forbes1754","Kaggle_2055217","0.2028985507246377","International Flavors & Fragrances","international journal of advanced information science and technology"
"Forbes1686","Kaggle_2390411","0.20270270270270271","Bureau Veritas Registre International de Classific","pars international development & engineering co. (pideco)"
"Forbes976","Kaggle_3154075","0.2","Markel","10 aces marketing"
