"dbpedia_654","Kaggle_46828","1.0","Bolloré Africa Logistics","bolloré africa logistics"
"dbpedia_109","Kaggle_4505413","0.9545454545454546","Advanced Drainage Systems","advanced drainage system"
"dbpedia_2215","Kaggle_1520908","0.9523809523809523","Iran Shipbuilding & Offshore Industries Complex","iran shipbuilding & offshore industries complex co."
"dbpedia_3599","Kaggle_3171094","0.9473684210526315","Rogers Communications","roger's communication"
"dbpedia_3774","Kaggle_1277281","0.9411764705882353","Schneider Electric","schneider electrics"
"dbpedia_4409","Kaggle_1106733","0.9375","Town Sports International Holdings","town sports international holdings, inc."
"dbpedia_1251","Kaggle_3480954","0.9333333333333333","Deutsche Telekom","deutsche telekom m2m"
"dbpedia_1426","Kaggle_153826","0.9310344827586207","Empresa Agroindustrial Pomalca","empresa agroindustrial pomalca saa"
"dbpedia_310","Kaggle_5146095","0.9285714285714286","Argo Investments","argo investment"
"dbpedia_1406","Kaggle_2399696","0.9230769230769231","Electronic Arts","electronic art"
"dbpedia_896","Kaggle_1425505","0.92","Chicago Bridge & Iron Company","chicago bridge & iron company n.v."
"dbpedia_3671","Kaggle_452913","0.9166666666666666","SK Innovation","sk innovations"
"dbpedia_1377","Kaggle_4573656","0.9142857142857143","Edinburgh Worldwide Investment Trust","edinburgh worldwide investment trust plc"
"dbpedia_1785","Kaggle_4961713","0.9130434782608695","Godrej Consumer Products","godrej consumer products uk"
"dbpedia_630","Kaggle_712070","0.9090909090909091","Black Diamond Equipment","black diamond equipment ag"
"dbpedia_2836","Kaggle_342237","0.9047619047619048","Mirae Asset Securities","mirae asset securities (hk)"
"dbpedia_1281","Kaggle_2129689","0.9032258064516129","Distilleries Company of Sri Lanka","distilleries company of sri lanka plc"
"dbpedia_378","Kaggle_417158","0.9","Augstsprieguma t?kls","augstsprieguma t?kls as"
"dbpedia_3281","Kaggle_1552111","0.896551724137931","Partner Communications Company","partner communications company ltd."
"dbpedia_952","Kaggle_644849","0.8947368421052632","Chubu Electric Power","chubu electric power co"
"dbpedia_3993","Kaggle_1342778","0.8928571428571429","Standard Telephones and Cables","(stc) standard telephones and cables"
"dbpedia_135","Kaggle_462187","0.8888888888888888","Air Transport Services Group","air transport services group, inc."
"dbpedia_827","Kaggle_5717952","0.8846153846153846","Cash America International","cash america international, inc."
"dbpedia_2431","Kaggle_42351","0.8823529411764706","Kirkland Lake Gold","kirkland lake gold (kl)"
"dbpedia_1625","Kaggle_183784","0.88","Forum Energy Technologies","forum energy technologies, inc."
"dbpedia_4211","Kaggle_449537","0.8780487804878049","Tata Research Development and Design Centre","tata research development and design centre (trddc)"
"dbpedia_2754","Kaggle_5399","0.875","McDonald's","mcdonald´s"
"dbpedia_570","Kaggle_165261","0.8695652173913043","Beacon Pharmaceuticals","beacon pharmaceuticals ltd."
"dbpedia_2735","Kaggle_3109094","0.8666666666666667","Matrix Software","matrix software za"
"dbpedia_1559","Kaggle_724050","0.8648648648648649","Financial Planning Standards Board India","financial planning standards board of india"
"dbpedia_565","Kaggle_100509","0.8636363636363636","Basilea Pharmaceutica","basilea pharmaceutica ltd"
"dbpedia_81","Kaggle_40961","0.8611111111111112","Abu Dhabi National Insurance Company","abu dhabi national insurance company (adnic)"
"dbpedia_2269","Kaggle_52239","0.8571428571428571","Jamna Auto Industries","jamna auto industries ltd."
"dbpedia_2052","Kaggle_2178545","0.8529411764705882","Hyundai Engineering & Construction","hyundai engineering construction co., ltd."
"dbpedia_318","Kaggle_1838330","0.8518518518518519","Arlington Asset Investment","arlington asset investment corp."
"dbpedia_2276","Kaggle_1675205","0.85","Japan Exchange Group","japan exchange group, inc."
"dbpedia_2793","Kaggle_168","0.8461538461538461","Merrill Lynch & Co.","merrill lynch"
"dbpedia_2856","Kaggle_82971","0.84375","Mitsui Engineering & Shipbuilding","mitsui engineering & shipbuilding co. ltd.,"
"dbpedia_3567","Kaggle_5318502","0.8421052631578947","Research Frontiers","research frontiers inc."
"dbpedia_412","Kaggle_2197563","0.8333333333333334","Avista","avistas"
"dbpedia_3766","Kaggle_86360","0.8275862068965517","Savita Oil Technologies Limited","savita oil tchnologies limited"
"dbpedia_2198","Kaggle_340912","0.8260869565217391","InvenTrust Properties","inventrust properties corp."
"dbpedia_1223","Kaggle_6946884","0.825","Deepak Fertilisers and Petrochemicals","deepak fertilisers and petrochemicals corp. ltd."
"dbpedia_1953","Kaggle_90057","0.8235294117647058","Hilton Food Group","hilton food group plc"
"dbpedia_4555","Kaggle_2575988","0.8214285714285714","Uranium Participation Corporation","uranium participation corp (u)"
"dbpedia_1633","Kaggle_286048","0.8181818181818182","Fransabank","fransabank sa"
"dbpedia_2675","Kaggle_1126427","0.8157894736842105","Mahindra & Mahindra Financial Services Limited","mahindra and mahindra financial services limited"
"dbpedia_1971","Kaggle_166514","0.8148148148148148","Hisamitsu Pharmaceutical","hisamitsu pharmaceutical co., inc."
"dbpedia_4152","Kaggle_145033","0.8125","Tahoe Resources","tahoe resources inc."
"dbpedia_1573","Kaggle_10213","0.8095238095238095","First Financial Bank (Ohio)","first financial bank"
"dbpedia_3782","Kaggle_6476","0.8076923076923077","Scotts Miracle-Gro Company","the scotts miracle-gro company"
"dbpedia_2774","Kaggle_64922","0.8064516129032258","Mega International Commercial Bank","international commercial bank"
"dbpedia_2950","Kaggle_853754","0.8","NOV Inc.","novin"
"dbpedia_915","Kaggle_1151762","0.7948717948717948","China International Marine Containers","china international marine containers (group) ltd."
"dbpedia_3016","Kaggle_492399","0.7941176470588235","New World Department Store China","new world department store china limited"
"dbpedia_1847","Kaggle_1302500","0.7931034482758621","GungHo Online Entertainment","gungho online entertainment inc (3765)"
"dbpedia_4306","Kaggle_238","0.7916666666666666","The Walt Disney Company Italy","the walt disney company"
"dbpedia_790","Kaggle_486026","0.7894736842105263","Canaccord Genuity","canaccord genuity asia"
"dbpedia_2076","Kaggle_113475","0.7878787878787878","ICICI Prudential Life Insurance","icici prudential life insurance company"
"dbpedia_1406","Kaggle_5104711","0.7857142857142857","Electronic Arts","electronic ark"
"dbpedia_1559","Kaggle_430751","0.7837837837837838","Financial Planning Standards Board India","financial planning standards board ltd."
"dbpedia_227","Kaggle_4116055","0.782608695652174","American Financial Group","american finacial group"
"dbpedia_3708","Kaggle_493778","0.78125","Sagicor Financial Corporation","sagicor financial corporation limited"
"dbpedia_605","Kaggle_4161345","0.7777777777777778","Beter Bed","beter bed b.v."
"dbpedia_3108","Kaggle_127443","0.7741935483870968","Notenstein La Roche Private Bank","notenstein la roche privatbank ag"
"dbpedia_2177","Kaggle_363967","0.7727272727272727","Interactive Brokers","interactive brokers group"
"dbpedia_1723","Kaggle_75468","0.7692307692307693","Gazprom Neft","gazpromneft- ntc"
"dbpedia_2137","Kaggle_72286","0.7666666666666667","Indiabulls Housing Finance","indiabulls housing finance limited"
"dbpedia_2824","Kaggle_1273474","0.7647058823529411","Miller Industries","miller industrial"
"dbpedia_4040","Kaggle_2579683","0.7619047619047619","Sui Southern Gas Company","southern gas company"
"dbpedia_3994","Kaggle_1462079","0.76","Star Entertainment Group","dualstar entertainment group"
"dbpedia_821","Kaggle_2423351","0.7586206896551724","Carpenter Technology Corporation","carpenter technology corp"
"dbpedia_2715","Kaggle_3517771","0.7575757575757576","Marriott Vacations Worldwide","marriott vacations worldwide corporation"
"dbpedia_915","Kaggle_1214699","0.7560975609756098","China International Marine Containers","china international marine containers (group) co., ltd"
"dbpedia_2156","Kaggle_2151510","0.75","Ini3 Digital","digital2g"
"dbpedia_3771","Kaggle_555272","0.7419354838709677","Scandinavian Tobacco Group","scandinavian tobacco group canada inc"
"dbpedia_227","Kaggle_3522116","0.7407407407407407","American Financial Group","vista american financial group"
"dbpedia_4207","Kaggle_5152573","0.7391304347826086","Tata Consultancy Services","8t7 consultancy services"
"dbpedia_1067","Kaggle_2832591","0.7368421052631579","Core Laboratories","procore laboratories"
"dbpedia_4543","Kaggle_999961","0.7352941176470589","United Microelectronics Corporation","united electronics corporation"
"dbpedia_754","Kaggle_1564510","0.7333333333333333","CMC Electronics","umc electronics"
"dbpedia_251","Kaggle_85019","0.7307692307692307","Amrutanjan Healthcare","amrutanjan health care limited"
"dbpedia_1744","Kaggle_153182","0.7272727272727273","Genesis HealthCare","genesis healthcare system"
"dbpedia_1148","Kaggle_521317","0.725","Daewoo Shipbuilding & Marine Engineering","dsme (daewoo shipbuilding & marine engineering co., ltd.)"
"dbpedia_4412","Kaggle_2844422","0.7241379310344828","Toyo Engineering Corporation","arro engineering corporation"
"dbpedia_2744","Kaggle_1514801","0.7222222222222222","Maxar Technologies","maxa technologies"
"dbpedia_2850","Kaggle_93899","0.72","Mitsubishi Materials","mitsubishi materials usa corp"
"dbpedia_1946","Kaggle_3968592","0.71875","Hewlett Packard Enterprise","hewlett packard enterprise slovenija"
"dbpedia_3199","Kaggle_4292995","0.7142857142857143","Orange S.A.","orange"
"dbpedia_2887","Kaggle_6963951","0.7096774193548387","Morgan Advanced Materials","morgan crucible (morgan advanced materials)"
"dbpedia_3665","Kaggle_1849828","0.7083333333333334","SIA Engineering Company","s.a.n.a. engineering company"
"dbpedia_1112","Kaggle_3091254","0.7058823529411765","Cube Entertainment","cue entertainment"
"dbpedia_3994","Kaggle_2860861","0.7037037037037037","Star Entertainment Group","yoostar entertainment group, inc."
"dbpedia_2134","Kaggle_235058","0.7","Imperial Oil","imperial"
"dbpedia_2773","Kaggle_18487","0.696969696969697","Mega International Commercial Bank","commercial bank international"
"dbpedia_2483","Kaggle_904160","0.6956521739130435","L&T Technology Services","zar technology services"
"dbpedia_4493","Kaggle_2508262","0.6923076923076923","UBC Media Group","c2c media group"
"dbpedia_1148","Kaggle_167648","0.6904761904761905","Daewoo Shipbuilding & Marine Engineering","dsme trenton (daewoo shipbuilding & marine engineering)"
"dbpedia_4413","Kaggle_1365065","0.6896551724137931","Toyo Engineering Corporation","mgm engineering corporation"
"dbpedia_3492","Kaggle_5322484","0.6875","RPG Life Sciences","vg life sciences"
"dbpedia_4167","Kaggle_2360818","0.6857142857142857","Taiwan Land Development Corporation","priland development corporation"
"dbpedia_888","Kaggle_646898","0.6842105263157895","Cheil Worldwide","cheil worldwide turkey"
"dbpedia_427","Kaggle_165392","0.6818181818181818","AzarAb Industries","azarab industries company"
"dbpedia_2483","Kaggle_5146875","0.68","L&T Technology Services","drt technology services, l.l.c."
"dbpedia_762","Kaggle_5568762","0.6785714285714286","COSCO Shipping International","art shipping international"
"dbpedia_4423","Kaggle_282482","0.6774193548387096","Toyota Material Handling, U.S.A., Inc.","toyota material handling ohio"
"dbpedia_1056","Kaggle_756347","0.6764705882352942","Continental Engineering Corporation","vital engineering corporation"
"dbpedia_3935","Kaggle_2864119","0.675","Sompo Japan Nipponkoa Insurance","sompo japan nipponkoa insurance co of europe ltd"
"dbpedia_1404","Kaggle_3221028","0.6666666666666666","Electrolux","electrolumen"
"dbpedia_3339","Kaggle_3365597","0.6585365853658537","Petroleum & Resources Corporation","malaysia petroleum resources corporation [mprc]"
"dbpedia_4543","Kaggle_2859818","0.6578947368421053","United Microelectronics Corporation","cabot microelectronics corporation"
"dbpedia_2985","Kaggle_2757271","0.6571428571428571","National Insurance Corporation","aegis international insurance corporation"
"dbpedia_906","Kaggle_1962165","0.65625","China Communications Services","new era communications services"
"dbpedia_4027","Kaggle_1704290","0.6551724137931034","Storage Technology Corporation","vs technology corporation"
"dbpedia_4207","Kaggle_1878103","0.6538461538461539","Tata Consultancy Services","a.p.s. consultancy services"
"dbpedia_3994","Kaggle_1462509","0.6521739130434783","Star Entertainment Group","360 entertainment group"
"dbpedia_242","Kaggle_3021714","0.65","Amin Investment Bank","amin investments co"
"dbpedia_3517","Kaggle_1447829","0.6486486486486487","Rayonier Advanced Materials","rayonier advanced materials industries ltd"
"dbpedia_2527","Kaggle_5409399","0.6470588235294118","Lee Enterprises","engle enterprises"
"dbpedia_4412","Kaggle_2972992","0.6451612903225806","Toyo Engineering Corporation","engler engineering corporation"
"dbpedia_1693","Kaggle_5102151","0.6428571428571429","GP Investments","a2b investments"
"dbpedia_2483","Kaggle_5529032","0.64","L&T Technology Services","banjo technology services"
"dbpedia_1946","Kaggle_1065925","0.6388888888888888","Hewlett Packard Enterprise","hewlett packard enterprise - suisse romande"
"dbpedia_3628","Kaggle_1447649","0.6363636363636364","Ruth's Hospitality Group","21 hospitality group"
"dbpedia_906","Kaggle_349085","0.6341463414634146","China Communications Services","china communications services corporation limited"
"dbpedia_2626","Kaggle_109387","0.6333333333333333","MGIC Investment Corporation","korea investment corporation"
"dbpedia_572","Kaggle_3124441","0.631578947368421","Beam Therapeutics","madam therapeutics"
"dbpedia_2483","Kaggle_2096982","0.6296296296296297","L&T Technology Services","quotient technology services"
"dbpedia_126","Kaggle_597748","0.6285714285714286","Agricultural Bank of China","agricultural bank of china, hong kong branch"
"dbpedia_290","Kaggle_481030","0.627906976744186","Applied Genetic Technologies Corporation","applied media technologies corporation"
"dbpedia_3808","Kaggle_5685330","0.6274509803921569","Semiconductor Manufacturing International Corporation","international semiconductor manufacturer"
"dbpedia_3627","Kaggle_4164056","0.625","Rush Enterprises","ru enterprises"
"dbpedia_2675","Kaggle_3943051","0.6216216216216216","Mahindra & Mahindra Financial Services Limited","vega financial services limited"
"dbpedia_3650","Kaggle_6597329","0.6206896551724138","SBI Life Insurance Company","nippon life insurance company"
"dbpedia_4296","Kaggle_1302041","0.6190476190476191","The Restaurant Group","tag restaurant group"
"dbpedia_4520","Kaggle_4366115","0.6176470588235294","Uni-President Enterprises Corporation","jtt enterprises corporation"
"dbpedia_3671","Kaggle_6825823","0.6153846153846154","SK Innovation","innovations"
"dbpedia_2179","Kaggle_93117","0.6129032258064516","Intercontinental Bank","intercontinental bank ghana limited"
"dbpedia_81","Kaggle_325757","0.6111111111111112","Abu Dhabi National Insurance Company","harco national insurance company"
"dbpedia_4543","Kaggle_6944003","0.6097560975609756","United Microelectronics Corporation","sanguine microelectronics corporation"
"dbpedia_4296","Kaggle_169010","0.6086956521739131","The Restaurant Group","ignite restaurant group"
"dbpedia_4668","Kaggle_759546","0.6071428571428571","WELL Health Technologies","musical health technologies"
"dbpedia_4027","Kaggle_414523","0.6060606060606061","Storage Technology Corporation","concrete technology corporation"
"dbpedia_1582","Kaggle_66702","0.6052631578947368","First National Financial Corporation","security national financial corporation"
"dbpedia_2700","Kaggle_62917","0.6046511627906976","Mangalore Chemicals & Fertilizers","mangalore chemicals and fertilizers ltd.,(ub group)"
"dbpedia_3650","Kaggle_2002747","0.6","SBI Life Insurance Company","pioneer life insurance company"
"dbpedia_1584","Kaggle_340093","0.5952380952380952","First Philippine Holdings Corporation","philippine realty & holdings corporation"
"dbpedia_2675","Kaggle_1371755","0.5945945945945946","Mahindra & Mahindra Financial Services Limited","yes financial services limited"
"dbpedia_87","Kaggle_298679","0.59375","Accton Technology Corporation","corwil technology corporation"
"dbpedia_3301","Kaggle_5066296","0.5925925925925926","PennyMac Financial Services","bcc financial services"
"dbpedia_577","Kaggle_74472","0.5909090909090909","Beat Communication","beacon communications"
"dbpedia_2783","Kaggle_3881505","0.5897435897435898","Melstar Information Technologies","vsoar information technologies pvt ltd"
"dbpedia_2527","Kaggle_5358590","0.5882352941176471","Lee Enterprises","tide enterprises"
"dbpedia_3994","Kaggle_2587071","0.5862068965517241","Star Entertainment Group","cyber arena entertainment group"
"dbpedia_2675","Kaggle_6638676","0.5853658536585366","Mahindra & Mahindra Financial Services Limited","pendragon financial services limited"
"dbpedia_4138","Kaggle_4866888","0.5833333333333334","TTI Telecom","wpti telecom"
"dbpedia_3650","Kaggle_4876864","0.5806451612903226","SBI Life Insurance Company","mountain life insurance company"
"dbpedia_577","Kaggle_2787883","0.5789473684210527","Beat Communication","mo communication"
"dbpedia_577","Kaggle_2034019","0.5769230769230769","Beat Communication","artbeat communication pvt ltd"
"dbpedia_3662","Kaggle_6648419","0.5757575757575758","SHARC International Systems Inc.","sai systems international, inc."
"dbpedia_81","Kaggle_753066","0.575","Abu Dhabi National Insurance Company","saudi national insurance company (snic)"
"dbpedia_3935","Kaggle_2506497","0.574468085106383","Sompo Japan Nipponkoa Insurance","sompo japan nipponkoa insurance company of europe limited"
"dbpedia_577","Kaggle_1001372","0.5714285714285714","Beat Communication","lt communication ltd."
"dbpedia_4016","Kaggle_1489997","0.5681818181818182","Stewart Information Services Corporation","svi-information services corporation america"
"dbpedia_1056","Kaggle_3384297","0.5675675675675675","Continental Engineering Corporation","sohail engineering corporation"
"dbpedia_4699","Kaggle_2311396","0.5666666666666667","Wavefront Technology Solutions","i2ts technology solutions"
"dbpedia_3886","Kaggle_5575506","0.5652173913043478","Simon Property Group","thomson property group"
"dbpedia_2675","Kaggle_2391331","0.5641025641025641","Mahindra & Mahindra Financial Services Limited","danum financial services limited"
"dbpedia_3677","Kaggle_6932200","0.5625","SM Investments","rpk investments"
"dbpedia_2675","Kaggle_3017109","0.5609756097560976","Mahindra & Mahindra Financial Services Limited","accordia financial services limited"
"dbpedia_283","Kaggle_3567545","0.56","Apollo Global Management","ane global management"
"dbpedia_2626","Kaggle_4445680","0.5588235294117647","MGIC Investment Corporation","global investment corporation ltd"
"dbpedia_1402","Kaggle_1165731","0.5581395348837209","Electric Power Development Company","guangdong electric power development co., ltd"
"dbpedia_2040","Kaggle_4796560","0.5555555555555556","Huron Consulting Group","garton consulting group, llc"
"dbpedia_2051","Kaggle_3586613","0.5526315789473685","Hyundai Engineering & Construction","chhasm engineering & construction co."
"dbpedia_1752","Kaggle_3262444","0.5517241379310345","Geojit Financial Services","student financial services"
"dbpedia_577","Kaggle_3851695","0.55","Beat Communication","vga communication"
"dbpedia_4699","Kaggle_213816","0.5483870967741935","Wavefront Technology Solutions","gts technology solutions"
"dbpedia_4167","Kaggle_1680278","0.5476190476190477","Taiwan Land Development Corporation","mcjr realty and development corporation"
"dbpedia_1702","Kaggle_405166","0.5454545454545454","GSS Infotech","info tech"
"dbpedia_821","Kaggle_2250077","0.5428571428571428","Carpenter Technology Corporation","fluid technology corporation"
"dbpedia_2919","Kaggle_2199838","0.5416666666666666","Murata Manufacturing","vista manufacturing co"
"dbpedia_1056","Kaggle_2000103","0.5405405405405406","Continental Engineering Corporation","priya engineering corporation"
"dbpedia_3964","Kaggle_219544","0.5384615384615384","Spencer's Retail","spencer's"
"dbpedia_2675","Kaggle_6610259","0.5365853658536586","Mahindra & Mahindra Financial Services Limited","hatched financial services limited"
"dbpedia_3783","Kaggle_1648930","0.5357142857142857","Sculptor Capital Management","1492 capital management"
"dbpedia_4543","Kaggle_4143875","0.5348837209302325","United Microelectronics Corporation","mpower microelectronics incorporation"
"dbpedia_2287","Kaggle_3716158","0.5333333333333333","Jay Production","3s productions"
"dbpedia_4699","Kaggle_5576396","0.53125","Wavefront Technology Solutions","i technology solutions llc"
"dbpedia_2527","Kaggle_6760533","0.5294117647058824","Lee Enterprises","smp enterprises"
"dbpedia_2783","Kaggle_5638545","0.5277777777777778","Melstar Information Technologies","lava for information technology"
"dbpedia_4686","Kaggle_3453290","0.5263157894736842","Wardrop Engineering","rp engineering"
"dbpedia_2783","Kaggle_1262815","0.525","Melstar Information Technologies","kuasoft information technologies inc."
"dbpedia_3516","Kaggle_4461063","0.5238095238095238","Raven Property Group","m1 property group, llc"
"dbpedia_2675","Kaggle_2844281","0.5227272727272727","Mahindra & Mahindra Financial Services Limited","aditya birla financial services limited"
"dbpedia_4669","Kaggle_1234200","0.5217391304347826","WNS Global Services","trysol global services"
"dbpedia_86","Kaggle_2064876","0.52","Access Engineering","therm-process engineering"
"dbpedia_1584","Kaggle_806484","0.5192307692307693","First Philippine Holdings Corporation","sumitomo metal mining philippine holdings corporation"
"dbpedia_999","Kaggle_353724","0.5185185185185185","Clyde's Restaurant Group","frasers restaurant group"
"dbpedia_3095","Kaggle_2712051","0.5172413793103449","Nordic Entertainment Group","arawak entertainment group"
"dbpedia_2170","Kaggle_5026872","0.5161290322580645","Integrated Electrical Services","eco-electrical services"
"dbpedia_1380","Kaggle_1257465","0.5151515151515151","Education Management Corporation","higher education management"
"dbpedia_906","Kaggle_1066601","0.5142857142857142","China Communications Services","news & communication services, ltd."
"dbpedia_2051","Kaggle_4445003","0.5135135135135135","Hyundai Engineering & Construction","ant construction engineering gp"
"dbpedia_4167","Kaggle_5834763","0.5128205128205128","Taiwan Land Development Corporation","premise development corporation"
"dbpedia_3347","Kaggle_1569874","0.5121951219512195","Philippine National Construction Corporation","nurminen construction corporation"
"dbpedia_2675","Kaggle_2094119","0.5116279069767442","Mahindra & Mahindra Financial Services Limited","right plan financial services limited"
"dbpedia_3346","Kaggle_530484","0.5111111111111111","Philippine National Construction Corporation","continental construction corporation ltd."
"dbpedia_3346","Kaggle_2668022","0.5106382978723404","Philippine National Construction Corporation","tierra international construction corporation"
"dbpedia_669","Kaggle_76054","0.5102040816326531","Botswana Telecommunications Corporation","swaziland posts and telecommunications corporation"
"dbpedia_4673","Kaggle_252026","0.5","WTI Transport","transpor"
"dbpedia_115","Kaggle_1776888","0.49056603773584906","Aerospace Industrial Development Corporation","industries development corporation (1996) idc ltd"
"dbpedia_669","Kaggle_1966357","0.4897959183673469","Botswana Telecommunications Corporation","weymouth educational telecommunications corporation"
"dbpedia_1056","Kaggle_1060065","0.48936170212765956","Continental Engineering Corporation","state contracting & engineering corporation inc."
"dbpedia_2783","Kaggle_5574786","0.4888888888888889","Melstar Information Technologies","spring field information technologies co., ltd."
"dbpedia_2939","Kaggle_6811740","0.4883720930232558","NHN Entertainment Corporation","acesite leisure and entertainment corporation"
"dbpedia_1056","Kaggle_4754553","0.4878048780487805","Continental Engineering Corporation","china ctdi engineering corporation"
"dbpedia_3346","Kaggle_3168251","0.48717948717948717","Philippine National Construction Corporation","jsg construction corporation"
"dbpedia_2783","Kaggle_6797758","0.4864864864864865","Melstar Information Technologies","beacon information technology"
"dbpedia_3471","Kaggle_3048583","0.4857142857142857","Quality Technology Services","grand valley technology services"
"dbpedia_3665","Kaggle_3638917","0.48484848484848486","SIA Engineering Company","henc hellenic engineering company"
"dbpedia_269","Kaggle_823513","0.4838709677419355","Annaly Capital Management","buckhead capital management"
"dbpedia_1072","Kaggle_6945784","0.4827586206896552","Corinthia Group of Companies","pike group of companies"
"dbpedia_3287","Kaggle_2308725","0.48148148148148145","Patriot Transportation","vincent transportation"
"dbpedia_115","Kaggle_276930","0.4807692307692308","Aerospace Industrial Development Corporation","halal industry development corporation (hdc)"
"dbpedia_4290","Kaggle_5296188","0.48","The Marketing Group","hotel marketing group (hmg)"
"dbpedia_3380","Kaggle_454711","0.4782608695652174","Playlogic Entertainment","m.a.c entertainment"
"dbpedia_821","Kaggle_875294","0.4772727272727273","Carpenter Technology Corporation","htec hydrogen technology & energy corporation"
"dbpedia_3617","Kaggle_2995910","0.47619047619047616","Rovio Entertainment","o2kool! entertainment"
"dbpedia_2783","Kaggle_532655","0.475","Melstar Information Technologies","nih center for information technology"
"dbpedia_3420","Kaggle_4972515","0.47368421052631576","Prime Commercial Bank","commercial b2b"
"dbpedia_3808","Kaggle_6761085","0.4727272727272727","Semiconductor Manufacturing International Corporation","philips semiconductor manufacturing inc."
"dbpedia_87","Kaggle_1346177","0.4722222222222222","Accton Technology Corporation","eng3 corporation | nanovi technology"
"dbpedia_586","Kaggle_1745623","0.4716981132075472","Beijing Capital International Airport (company)","new kansai international airport company, ltd."
"dbpedia_1143","Kaggle_6567230","0.47058823529411764","DXC Technology","brox technology"
"dbpedia_269","Kaggle_2344127","0.46875","Annaly Capital Management","convex capital management llc"
"dbpedia_81","Kaggle_1295270","0.46808510638297873","Abu Dhabi National Insurance Company","national life & general insurance company saoc"
"dbpedia_451","Kaggle_5114421","0.4666666666666667","BRS Resources","njc resources"
"dbpedia_821","Kaggle_6645864","0.46511627906976744","Carpenter Technology Corporation","dalian yunzhilian technology corporation"
"dbpedia_762","Kaggle_5739184","0.4642857142857143","COSCO Shipping International","ship's international"
"dbpedia_1056","Kaggle_6892006","0.4634146341463415","Continental Engineering Corporation","separation engineering incorporated"
"dbpedia_3808","Kaggle_2185684","0.46296296296296297","Semiconductor Manufacturing International Corporation","michigan manufacturing international"
"dbpedia_3416","Kaggle_1434167","0.46153846153846156","Premier Oil","premier land"
"dbpedia_115","Kaggle_293897","0.46","Aerospace Industrial Development Corporation","paragon space development corporation"
"dbpedia_4016","Kaggle_13045","0.4594594594594595","Stewart Information Services Corporation","ccc information services"
"dbpedia_907","Kaggle_2689447","0.4583333333333333","China Construction Bank","chan construction"
"dbpedia_3471","Kaggle_1143945","0.45714285714285713","Quality Technology Services","alexaur technology services, inc."
"dbpedia_2052","Kaggle_630858","0.45652173913043476","Hyundai Engineering & Construction","james engineering constructions (alfreton) ltd"
"dbpedia_3301","Kaggle_2954587","0.45454545454545453","PennyMac Financial Services","face to face financial services"
"dbpedia_2626","Kaggle_3819002","0.4523809523809524","MGIC Investment Corporation","sterling investments management corporation"
"dbpedia_2483","Kaggle_4473276","0.45161290322580644","L&T Technology Services","refinery service technology bv"
"dbpedia_4167","Kaggle_921396","0.45098039215686275","Taiwan Land Development Corporation","china-africa investment and development corporation"
"dbpedia_2527","Kaggle_4650768","0.45","Lee Enterprises","lcr enterprises, inc"
"dbpedia_115","Kaggle_716733","0.4489795918367347","Aerospace Industrial Development Corporation","continental development corporation"
"dbpedia_2040","Kaggle_2243350","0.4482758620689655","Huron Consulting Group","advantage consulting group"
"dbpedia_2170","Kaggle_4291972","0.4473684210526316","Integrated Electrical Services","integrated residential services"
"dbpedia_115","Kaggle_768436","0.44680851063829785","Aerospace Industrial Development Corporation","cameron development corporation"
"dbpedia_4625","Kaggle_4663320","0.4444444444444444","Virgin Interactive","f5 interactivo"
"dbpedia_3342","Kaggle_461899","0.4423076923076923","Philip Morris International","lakson tobacco company limited (philip morris international)"
"dbpedia_3347","Kaggle_959430","0.4418604651162791","Philippine National Construction Corporation","vantage construction corporation"
"dbpedia_882","Kaggle_2171363","0.4411764705882353","Charter Court Financial Services","ocker financial services"
"dbpedia_2042","Kaggle_371252","0.4406779661016949","Hutchison Telecommunications Hong Kong Holdings","hutchison telecommunications lanka (private) limited"
"dbpedia_4191","Kaggle_305254","0.44","Takeuchi Manufacturing","ecco manufacturing"
"dbpedia_3650","Kaggle_236545","0.43902439024390244","SBI Life Insurance Company","vietinbank aviva life insurance company ltd"
"dbpedia_2951","Kaggle_5240452","0.4375","NS Solutions","bovli solutions"
"dbpedia_3808","Kaggle_6810604","0.43636363636363634","Semiconductor Manufacturing International Corporation","p.d. manufacturing international pte ltd"
"dbpedia_2675","Kaggle_5734453","0.4358974358974359","Mahindra & Mahindra Financial Services Limited","amal financial services ltd"
"dbpedia_2273","Kaggle_3999457","0.43478260869565216","Janus Capital Group","cnj capital group, inc."
"dbpedia_4512","Kaggle_4337115","0.4339622641509434","Uchaly Mining and Metallurgical Combine","larco general mining and metallurgical company s.a."
"dbpedia_4554","Kaggle_5766990","0.43333333333333335","Universal Mobile Systems","universal housing systems"
"dbpedia_2052","Kaggle_1050588","0.43243243243243246","Hyundai Engineering & Construction","engineered construction, inc."
"dbpedia_4016","Kaggle_363595","0.4318181818181818","Stewart Information Services Corporation","aeropol aviation services corporation"
"dbpedia_2176","Kaggle_78501","0.43137254901960786","InterOil Exploration and Production","sterling oil exploration and energy production pvt ltd.,"
"dbpedia_3726","Kaggle_1137372","0.42857142857142855","Samsung Engineering","hcm engineering"
"dbpedia_115","Kaggle_1416563","0.425531914893617","Aerospace Industrial Development Corporation","taratec development corporation"
"dbpedia_4027","Kaggle_1867775","0.425","Storage Technology Corporation","cns technology and media corporation"
"dbpedia_1072","Kaggle_489439","0.42424242424242425","Corinthia Group of Companies","the largo group of companies"
"dbpedia_2200","Kaggle_2573049","0.423728813559322","Inversiones y Representaciones Sociedad Anónima (IRSA)","inversiones y representaciones seollal supplies s.a.c."
"dbpedia_1736","Kaggle_4307770","0.4230769230769231","General Entertainment","geert hoes entertainment"
"dbpedia_1056","Kaggle_813744","0.4222222222222222","Continental Engineering Corporation","continental mercantile corporation inc"
"dbpedia_1381","Kaggle_1875413","0.42105263157894735","Educomp Solutions","flop solutions"
"dbpedia_2051","Kaggle_449390","0.42","Hyundai Engineering & Construction","industrial construction & engineering company (siac)"
"dbpedia_999","Kaggle_783817","0.41935483870967744","Clyde's Restaurant Group","fine dining restaurant group"
"dbpedia_2216","Kaggle_1920745","0.4186046511627907","Iran Tractor Manufacturing Company","viessmann manufacturing company (u.s.), inc."
"dbpedia_115","Kaggle_1210957","0.41818181818181815","Aerospace Industrial Development Corporation","wuxi industry development group corporation"
"dbpedia_2329","Kaggle_4806638","0.4166666666666667","KBR (company)","j n company"
"dbpedia_2675","Kaggle_5753477","0.41509433962264153","Mahindra & Mahindra Financial Services Limited","meridian mortgage and financial services limited"
"dbpedia_4016","Kaggle_162437","0.4146341463414634","Stewart Information Services Corporation","explore information services"
"dbpedia_1029","Kaggle_2924497","0.41379310344827586","Commercial Bank of Dubai","national commercial bank"
"dbpedia_3346","Kaggle_465355","0.41304347826086957","Philippine National Construction Corporation","astaldi construction corporation usa"
"dbpedia_2951","Kaggle_2470358","0.4117647058823529","NS Solutions","shafer solutions"
"dbpedia_2675","Kaggle_5591642","0.41025641025641024","Mahindra & Mahindra Financial Services Limited","eureka financial services"
"dbpedia_3446","Kaggle_2432643","0.4090909090909091","Pruksa Real Estate","el-safwa real estate"
"dbpedia_115","Kaggle_342419","0.40816326530612246","Aerospace Industrial Development Corporation","u.s. energy development corporation"
"dbpedia_3201","Kaggle_1962829","0.4074074074074074","Orascom Construction","loftus construction inc"
"dbpedia_703","Kaggle_1671005","0.40625","Brookfield Asset Management","mint asset management ltd"
"dbpedia_1752","Kaggle_2721181","0.40540540540540543","Geojit Financial Services","chetana financial services limited"
"dbpedia_4207","Kaggle_1871909","0.40476190476190477","Tata Consultancy Services","rajasthan energy consultancy services (recon)"
"dbpedia_821","Kaggle_4723965","0.40425531914893614","Carpenter Technology Corporation","shibaura technology international corporation"
"dbpedia_4167","Kaggle_4160156","0.40384615384615385","Taiwan Land Development Corporation","rio grande city economic development corporation"
"dbpedia_115","Kaggle_5470107","0.40350877192982454","Aerospace Industrial Development Corporation","technological & industrial development corp. (tid)"
"dbpedia_669","Kaggle_6778306","0.4032258064516129","Botswana Telecommunications Corporation","china national postal and telecommunications appliances corporation"
"dbpedia_2333","Kaggle_6715292","0.4","KBR (company)","cocker company"
"dbpedia_669","Kaggle_2991685","0.39655172413793105","Botswana Telecommunications Corporation","itec - international telecommunication and electronics corporation"
"dbpedia_2783","Kaggle_543467","0.39622641509433965","Melstar Information Technologies","communication & information technologies experts sa - cite"
"dbpedia_383","Kaggle_796529","0.3958333333333333","Australia and New Zealand Banking Group","swagelok eastern australia and new zealand"
"dbpedia_980","Kaggle_3460262","0.3953488372093023","Citizens Development Business Finance","hermans business development bv"
"dbpedia_4241","Kaggle_5026144","0.39473684210526316","Telecommunication Company of Iran","direct communications company"
"dbpedia_283","Kaggle_543737","0.3939393939393939","Apollo Global Management","cci | global channel management"
"dbpedia_910","Kaggle_1776476","0.39285714285714285","China Construction Bank","d'elia construction inc."
"dbpedia_115","Kaggle_2230986","0.39215686274509803","Aerospace Industrial Development Corporation","long island development corporation"
"dbpedia_2527","Kaggle_4490654","0.391304347826087","Lee Enterprises","gruber enterprises llc"
"dbpedia_290","Kaggle_2047011","0.3902439024390244","Applied Genetic Technologies Corporation","applied cim technologies"
"dbpedia_3808","Kaggle_2819184","0.3898305084745763","Semiconductor Manufacturing International Corporation","ima international manufacturing & assembly"
"dbpedia_1948","Kaggle_818157","0.3888888888888889","Hibernia Networks","gra networks"
"dbpedia_2989","Kaggle_3338288","0.3877551020408163","National Post Company of the Islamic Republic of Iran","islamic republic of iran army"
"dbpedia_801","Kaggle_2543054","0.3870967741935484","Capital & Regional","capital region financial group llc"
"dbpedia_1411","Kaggle_4861204","0.38636363636363635","Ellington Electronics Technology Group","egyptian electronic technology"
"dbpedia_3344","Kaggle_5593242","0.38596491228070173","Philippine Amusement and Gaming Corporation","philippine mining development corporation (pmdc)"
"dbpedia_967","Kaggle_4321650","0.38461538461538464","Cineplex Entertainment","big boy entertainment"
"dbpedia_4167","Kaggle_1287354","0.38333333333333336","Taiwan Land Development Corporation","elixir pharmaceutical research and development corporation"
"dbpedia_916","Kaggle_7023589","0.3829787234042553","China Life Insurance Company","the norwich union life insurance company limited"
"dbpedia_3609","Kaggle_2631167","0.38235294117647056","Rose Media and Entertainment","ventisa events and entertainment"
"dbpedia_3808","Kaggle_6808610","0.38181818181818183","Semiconductor Manufacturing International Corporation","dynamic manufacturing corporation"
"dbpedia_2811","Kaggle_2145384","0.38095238095238093","Microchip Technology","sa technology"
"dbpedia_2783","Kaggle_1101951","0.38","Melstar Information Technologies","college of information technology & engineering"
"dbpedia_2919","Kaggle_877523","0.3793103448275862","Murata Manufacturing","supreme manufacturing, inc."
"dbpedia_3872","Kaggle_196362","0.3783783783783784","Siemens Technology and Services","central technology services"
"dbpedia_2042","Kaggle_6961415","0.37777777777777777","Hutchison Telecommunications Hong Kong Holdings","open telecommunications"
"dbpedia_4167","Kaggle_1809445","0.37735849056603776","Taiwan Land Development Corporation","remnant vision community development corporation"
"dbpedia_2331","Kaggle_197683","0.375","KBR (company)","a. zahner company"
"dbpedia_3808","Kaggle_4816334","0.373134328358209","Semiconductor Manufacturing International Corporation","blast off international chemical & manufacturing co. inc."
"dbpedia_3808","Kaggle_5117096","0.3728813559322034","Semiconductor Manufacturing International Corporation","lamina semiconductors international ltd."
"dbpedia_586","Kaggle_6983676","0.37254901960784315","Beijing Capital International Airport (company)","itco - international trading company"
"dbpedia_980","Kaggle_2504969","0.37209302325581395","Citizens Development Business Finance","i.t.m business development group"
"dbpedia_702","Kaggle_1639258","0.37142857142857144","Brookfield Asset Management","summerline asset management"
"dbpedia_3808","Kaggle_3981397","0.3709677419354839","Semiconductor Manufacturing International Corporation","strategic manufacturing group international"
"dbpedia_907","Kaggle_3193696","0.37037037037037035","China Construction Bank","pappas construction"
"dbpedia_4016","Kaggle_1946483","0.3695652173913043","Stewart Information Services Corporation","enliten energy services corporation"
"dbpedia_3805","Kaggle_5599283","0.3684210526315789","SembCorp Logistics","s h logistics"
"dbpedia_2783","Kaggle_22159","0.3673469387755102","Melstar Information Technologies","pt. astra graphia information technology (agit)"
"dbpedia_4190","Kaggle_2617206","0.36666666666666664","Takeuchi Manufacturing","stimela manufacturing cc"
"dbpedia_3650","Kaggle_1062648","0.36585365853658536","SBI Life Insurance Company","aegon hungary composite insurance company"
"dbpedia_4167","Kaggle_3305229","0.36538461538461536","Taiwan Land Development Corporation","smith research development & support corporation"
"dbpedia_115","Kaggle_2058613","0.36507936507936506","Aerospace Industrial Development Corporation","east williamsburg valley industrial development corp"
"dbpedia_1830","Kaggle_6661030","0.36363636363636365","Greenwood & Hall","greenwood flower shop"
"dbpedia_2988","Kaggle_5253648","0.3620689655172414","National Jute Manufactures Corporation Limited","national buildings construction corporation limited"
"dbpedia_4539","Kaggle_1612632","0.3617021276595745","United Aircraft Corporation","mitsubishi aircraft corporation global career"
"dbpedia_2216","Kaggle_3560020","0.3611111111111111","Iran Tractor Manufacturing Company","braco manufacturing inc"
"dbpedia_3808","Kaggle_379462","0.36065573770491804","Semiconductor Manufacturing International Corporation","national center for manufacturing sciences"
"dbpedia_4625","Kaggle_3733019","0.36","Virgin Interactive","illumifi interactive"
"dbpedia_115","Kaggle_1762417","0.359375","Aerospace Industrial Development Corporation","california capital financial development corporation"
"dbpedia_1776","Kaggle_2867497","0.358974358974359","Gloria Material Technology Corp.","composite materials technology"
"dbpedia_87","Kaggle_1226719","0.3584905660377358","Accton Technology Corporation","itbs information technology business solutions corporation"
"dbpedia_2335","Kaggle_132832","0.35714285714285715","KBR (company)","soft company"
"dbpedia_1056","Kaggle_4765164","0.3559322033898305","Continental Engineering Corporation","china chemical engineering second construction corporation"
"dbpedia_290","Kaggle_1427142","0.35555555555555557","Applied Genetic Technologies Corporation","applied physics technologies"
"dbpedia_86","Kaggle_1923089","0.3548387096774194","Access Engineering","drawlines engineering services"
"dbpedia_669","Kaggle_5275378","0.3541666666666667","Botswana Telecommunications Corporation","florida telecommunications relay, inc."
"dbpedia_200","Kaggle_1966494","0.35294117647058826","Alps Electric","bayou electric"
"dbpedia_3346","Kaggle_4234310","0.35185185185185186","Philippine National Construction Corporation","orissa construction corporation limited - india"
"dbpedia_1411","Kaggle_610008","0.35135135135135137","Ellington Electronics Technology Group","par 4 technology group"
"dbpedia_3808","Kaggle_400948","0.3508771929824561","Semiconductor Manufacturing International Corporation","marigold manufacturing corporation"
"dbpedia_4673","Kaggle_4113582","0.35","WTI Transport","osborne's transport"
"dbpedia_3808","Kaggle_911708","0.3492063492063492","Semiconductor Manufacturing International Corporation","signs manufacturing & maintenance corporation"
"dbpedia_2675","Kaggle_368507","0.3488372093023256","Mahindra & Mahindra Financial Services Limited","financial services of america"
"dbpedia_2811","Kaggle_761782","0.34782608695652173","Microchip Technology","vivo technology"
"dbpedia_3443","Kaggle_5427884","0.3469387755102041","Providence Service Corporation","international surveillance services corporation"
"dbpedia_3704","Kaggle_356308","0.34615384615384615","Sadbhav Engineering","brammer engineering inc"
"dbpedia_2051","Kaggle_5174441","0.34545454545454546","Hyundai Engineering & Construction","stern des meeres engineering and construction limited."
"dbpedia_1917","Kaggle_5184534","0.3448275862068966","Health Insurance Innovations","live innovations"
"dbpedia_115","Kaggle_6966881","0.3442622950819672","Aerospace Industrial Development Corporation","bihar state road development corporation limited"
"dbpedia_944","Kaggle_1387400","0.34375","Chiyoda Corporation","china xinxing corporation (group)"
"dbpedia_2781","Kaggle_1784919","0.34285714285714286","Melco Resorts & Entertainment","apple bee events & entertainment"
"dbpedia_3383","Kaggle_614836","0.34210526315789475","Ploie?ti National Coal Company","prime time international company"
"dbpedia_3521","Kaggle_4692826","0.34146341463414637","Real Insurance Company of Malawi","monument title insurance company"
"dbpedia_3281","Kaggle_94320","0.3409090909090909","Partner Communications Company","public telecommunication company (bravo!)"
"dbpedia_586","Kaggle_5636590","0.3404255319148936","Beijing Capital International Airport (company)","leda international company"
"dbpedia_2188","Kaggle_1572728","0.34","International Public Partnerships","croda international public limited company"
"dbpedia_2988","Kaggle_3464647","0.33962264150943394","National Jute Manufactures Corporation Limited","coleman tool & manufacturing corporation"
"dbpedia_2988","Kaggle_6596727","0.3392857142857143","National Jute Manufactures Corporation Limited","natural products export corporation limited"
"dbpedia_3808","Kaggle_1244242","0.3389830508474576","Semiconductor Manufacturing International Corporation","smc - seattle manufacturing corporation"
"dbpedia_2052","Kaggle_3853493","0.3387096774193548","Hyundai Engineering & Construction","pointonejobs - engineering, construction and oil & gas recruitment"
"dbpedia_3808","Kaggle_1447919","0.3384615384615385","Semiconductor Manufacturing International Corporation","yamashin cebu filter manufacturing corporation"
"dbpedia_3808","Kaggle_4651380","0.3380281690140845","Semiconductor Manufacturing International Corporation","h&y international co., limited, h&l machinery manufacturing co., limited"
"dbpedia_2633","Kaggle_2776413","0.3333333333333333","MOL (company)","pdi1 & company llc"
"dbpedia_115","Kaggle_5762654","0.3283582089552239","Aerospace Industrial Development Corporation","goa state infrastructure development corporation limited"
"dbpedia_115","Kaggle_2446819","0.328125","Aerospace Industrial Development Corporation","shristi infrastructure development corporation ltd."
"dbpedia_586","Kaggle_3349184","0.32786885245901637","Beijing Capital International Airport (company)","xuan yuan international investment (beijing) co., ltd."
"dbpedia_4211","Kaggle_363128","0.3275862068965517","Tata Research Development and Design Centre","development research centre of state council,p.r.china"
"dbpedia_2783","Kaggle_1835607","0.32727272727272727","Melstar Information Technologies","dept. of culture, language and information technology"
"dbpedia_115","Kaggle_100234","0.3269230769230769","Aerospace Industrial Development Corporation","china development industrial bank"
"dbpedia_4167","Kaggle_4624686","0.32653061224489793","Taiwan Land Development Corporation","paradise investments and development corp"
"dbpedia_2675","Kaggle_2639478","0.32608695652173914","Mahindra & Mahindra Financial Services Limited","huntington financial services co."
"dbpedia_3848","Kaggle_2907150","0.32558139534883723","Shindengen Electric Manufacturing","morris manufacturing & engineering"
"dbpedia_128","Kaggle_3034952","0.325","Agriculture Development Bank","pitch architecture & developments"
"dbpedia_777","Kaggle_4409376","0.32432432432432434","California Resources Corporation","california innovations"
"dbpedia_3848","Kaggle_356429","0.3235294117647059","Shindengen Electric Manufacturing","jit manufacturing"
"dbpedia_2052","Kaggle_2999687","0.3230769230769231","Hyundai Engineering & Construction","kellogg brown & root engineering & construction india private limited"
"dbpedia_909","Kaggle_2973264","0.3225806451612903","China Construction Bank","tec construction limited"
"dbpedia_1411","Kaggle_367226","0.3220338983050847","Ellington Electronics Technology Group","centre for materials for electronics technology (c-met)"
"dbpedia_2287","Kaggle_4500190","0.32142857142857145","Jay Production","serenity productions limited"
"dbpedia_4699","Kaggle_2566811","0.32075471698113206","Wavefront Technology Solutions","itbs - intelligent technology for business solutions"
"dbpedia_1622","Kaggle_893504","0.32","Fortis Healthcare","preceptor health care"
"dbpedia_669","Kaggle_3513549","0.3191489361702128","Botswana Telecommunications Corporation","ezfone telecommunication limited"
"dbpedia_1768","Kaggle_730030","0.3181818181818182","Global Payments","global development"
"dbpedia_115","Kaggle_921396","0.31746031746031744","Aerospace Industrial Development Corporation","china-africa investment and development corporation"
"dbpedia_3547","Kaggle_236426","0.3170731707317073","Reliance Infrastructure","keppel infrastructure holdings pte ltd"
"dbpedia_4241","Kaggle_73318","0.31666666666666665","Telecommunication Company of Iran","egyptian pakistani telecommunication services company eptsc"
"dbpedia_3489","Kaggle_721325","0.3157894736842105","RIB Software","isupport software"
"dbpedia_586","Kaggle_4570586","0.3150684931506849","Beijing Capital International Airport (company)","fengli fortune (beijing) international capital management co.,ltd. (pe)"
"dbpedia_4207","Kaggle_4410167","0.3148148148148148","Tata Consultancy Services","intellex management & consultancy services private limited"
"dbpedia_3281","Kaggle_5782971","0.3142857142857143","Partner Communications Company","headline communication"
"dbpedia_2042","Kaggle_1640729","0.3137254901960784","Hutchison Telecommunications Hong Kong Holdings","st srl - next telecommunications"
"dbpedia_2051","Kaggle_908196","0.31343283582089554","Hyundai Engineering & Construction","prodesign engineering & construction - bucharest | timisoara | cluj-napoca"
"dbpedia_4029","Kaggle_3496555","0.3125","Strata (company)","ceb company"
"dbpedia_4016","Kaggle_754135","0.3114754098360656","Stewart Information Services Corporation","graybar marketing and electrical services corporation"
"dbpedia_2454","Kaggle_4056427","0.3111111111111111","Korean Reinsurance Company","fairmont farmers mutual insurance company"
"dbpedia_3967","Kaggle_3172731","0.3103448275862069","Spirax-Sarco Engineering","sayin engineering ltd."
"dbpedia_4412","Kaggle_3230990","0.30952380952380953","Toyo Engineering Corporation","kag engineering & construction co. ltd."
"dbpedia_4207","Kaggle_2634418","0.3090909090909091","Tata Consultancy Services","tulsient information system (tulsient consultancy & services pvt ltd.)"
"dbpedia_2305","Kaggle_1446317","0.3076923076923077","Julius Berger (company)","maine fiber company"
"dbpedia_115","Kaggle_2820370","0.3064516129032258","Aerospace Industrial Development Corporation","industrial development and workers bank of egypt"
"dbpedia_81","Kaggle_2361954","0.30612244897959184","Abu Dhabi National Insurance Company","blue oak international insurance group"
"dbpedia_4553","Kaggle_4819330","0.3055555555555556","Universal Entertainment","vybe brothers entertainment gmbh"
"dbpedia_115","Kaggle_2656678","0.3050847457627119","Aerospace Industrial Development Corporation","sino garden international development corp"
"dbpedia_173","Kaggle_4781579","0.30434782608695654","Alight Solutions","e solutions systems"
"dbpedia_1413","Kaggle_3773861","0.30357142857142855","Ellington Electronics Technology Group","shenzhen skyringe electronic technology co. ltd."
"dbpedia_4051","Kaggle_3186165","0.30303030303030304","Sumitomo Mitsui Construction","gustin construction, inc."
"dbpedia_702","Kaggle_7019324","0.3023255813953488","Brookfield Asset Management","global asset management iberoamérica"
"dbpedia_669","Kaggle_701354","0.3018867924528302","Botswana Telecommunications Corporation","vtc telecommunications joint stock company"
"dbpedia_1056","Kaggle_3418374","0.30158730158730157","Continental Engineering Corporation","bangladesh engineering and construction corporation ltd. (becc)"
"dbpedia_4407","Kaggle_1636317","0.3","Tourism Development Bank","liderlik development"
"dbpedia_3808","Kaggle_2327651","0.29850746268656714","Semiconductor Manufacturing International Corporation","mitsuba manufacturing philippines corporation"
"dbpedia_2987","Kaggle_167656","0.2982456140350877","National Jute Manufactures Corporation Limited","reell precision manufacturing corporation"
"dbpedia_4286","Kaggle_1841398","0.2978723404255319","The Interpublic Group of Companies","financial services group of companies"
"dbpedia_882","Kaggle_5251889","0.2972972972972973","Charter Court Financial Services","irt commercial services"
"dbpedia_2783","Kaggle_1636223","0.296875","Melstar Information Technologies","k. j. somaiya institute of engineering and information technology"
"dbpedia_4313","Kaggle_3199748","0.2962962962962963","Thinking Electronic","microdis electronics"
"dbpedia_2052","Kaggle_3976270","0.29577464788732394","Hyundai Engineering & Construction","weiconsult pty ltd (engineering consultancy and construction management services)"
"dbpedia_2052","Kaggle_6636328","0.29545454545454547","Hyundai Engineering & Construction","marshal engineering corporation"
"dbpedia_2783","Kaggle_600649","0.29508196721311475","Melstar Information Technologies","talal abu-ghazaleh information technology international (tag-iti)"
"dbpedia_2317","Kaggle_4513529","0.29411764705882354","KBR (company)","extrimp company"
"dbpedia_2988","Kaggle_1096027","0.29310344827586204","National Jute Manufactures Corporation Limited","advanced manufacturing corporation pte ltd."
"dbpedia_1380","Kaggle_5064290","0.2926829268292683","Education Management Corporation","dsa construction management, llc"
"dbpedia_115","Kaggle_4355699","0.2923076923076923","Aerospace Industrial Development Corporation","infrastructure development and construction corporation"
"dbpedia_1381","Kaggle_480493","0.2916666666666667","Educomp Solutions","gramar it solutions"
"dbpedia_4016","Kaggle_831220","0.2909090909090909","Stewart Information Services Corporation","government information technology services"
"dbpedia_1123","Kaggle_3397658","0.2903225806451613","Cyprus Development Bank","world trade development"
"dbpedia_115","Kaggle_1901513","0.2898550724637681","Aerospace Industrial Development Corporation","jammat housing and community development corporation. inc."
"dbpedia_1402","Kaggle_3531458","0.2894736842105263","Electric Power Development Company","lewis electric company"
"dbpedia_3471","Kaggle_5442113","0.28888888888888886","Quality Technology Services","failure analysis service technology, inc."
"dbpedia_3650","Kaggle_3529696","0.28846153846153844","SBI Life Insurance Company","bermuda fire and marine insurance company limited(the)"
"dbpedia_4211","Kaggle_3305229","0.288135593220339","Tata Research Development and Design Centre","smith research development & support corporation"
"dbpedia_2042","Kaggle_253626","0.2878787878787879","Hutchison Telecommunications Hong Kong Holdings","chongqing university of post and telecommunications"
"dbpedia_2736","Kaggle_6623724","0.2857142857142857","Mattson Technology","1 planit technology group"
"dbpedia_4241","Kaggle_5421889","0.2833333333333333","Telecommunication Company of Iran","south washington county telecommunications commission (swctc)"
"dbpedia_1056","Kaggle_2392668","0.2830188679245283","Continental Engineering Corporation","china state construction engineering co., ltd."
"dbpedia_3783","Kaggle_1755315","0.2826086956521739","Sculptor Capital Management","creative capital wealth management group"
"dbpedia_3019","Kaggle_2888916","0.28205128205128205","New Zealand Media and Entertainment","mount diablo entertainment"
"dbpedia_4111","Kaggle_472862","0.28125","System Technology-i Co, Ltd","blue wave technology ltd"
"dbpedia_2042","Kaggle_104802","0.2807017543859649","Hutchison Telecommunications Hong Kong Holdings","united telecommunication services uts"
"dbpedia_4732","Kaggle_2690687","0.28","Williams Companies","williams gallagher"
"dbpedia_2052","Kaggle_6992341","0.27941176470588236","Hyundai Engineering & Construction","the institute of structural engineering, earthquake engineering and construction it"
"dbpedia_3347","Kaggle_2484098","0.27906976744186046","Philippine National Construction Corporation","henson construction llc"
"dbpedia_2675","Kaggle_5198283","0.2786885245901639","Mahindra & Mahindra Financial Services Limited","outreach community and residential services limited"
"dbpedia_2315","Kaggle_82963","0.2777777777777778","KBR (company)","lw survey company"
"dbpedia_4016","Kaggle_2634418","0.27692307692307694","Stewart Information Services Corporation","tulsient information system (tulsient consultancy & services pvt ltd.)"
"dbpedia_2675","Kaggle_5174813","0.2765957446808511","Mahindra & Mahindra Financial Services Limited","cn construction services limited"
"dbpedia_1919","Kaggle_4199385","0.27586206896551724","Healthpeak Properties","jamestown properties"
"dbpedia_3808","Kaggle_5020790","0.2753623188405797","Semiconductor Manufacturing International Corporation","bestpak manufacturing enterprises incorporated"
"dbpedia_821","Kaggle_5636893","0.275","Carpenter Technology Corporation","innovation app technology"
"dbpedia_793","Kaggle_1472729","0.27450980392156865","Canadian Natural Resources","conservation and natural resources group, llc (cnrg)"
"dbpedia_669","Kaggle_4642196","0.27419354838709675","Botswana Telecommunications Corporation","ey singapore (technology, media and telecommunications)"
"dbpedia_1970","Kaggle_4117263","0.2727272727272727","Hirose Electric Group","electric art"
"dbpedia_2783","Kaggle_1020540","0.2711864406779661","Melstar Information Technologies","delaware department of technology and information (dti)"
"dbpedia_910","Kaggle_6700788","0.2708333333333333","China Construction Bank","hitachi construction machinery (america) corporation"
"dbpedia_3181","Kaggle_2685044","0.2702702702702703","OneConnect Financial Technology","ginn mineral technology"
"dbpedia_3347","Kaggle_721570","0.2698412698412698","Philippine National Construction Corporation","national iranian oil engineering & construction company"
"dbpedia_173","Kaggle_4631263","0.2692307692307692","Alight Solutions","csr cosmetic solutions"
"dbpedia_1056","Kaggle_3732386","0.26865671641791045","Continental Engineering Corporation","simem construction & environmental engineering private limited"
"dbpedia_3848","Kaggle_4891497","0.2682926829268293","Shindengen Electric Manufacturing","waterfront manufacturing"
"dbpedia_4241","Kaggle_3977609","0.26785714285714285","Telecommunication Company of Iran","black dog telecommunications and it consultants ltd"
"dbpedia_180","Kaggle_370240","0.26666666666666666","Allahabad Bank","ally bank"
"dbpedia_115","Kaggle_211980","0.265625","Aerospace Industrial Development Corporation","international industrial contracting corporation"
"dbpedia_4027","Kaggle_5633475","0.2653061224489796","Storage Technology Corporation","shanghai ti4me information technology co., ltd."
"dbpedia_4617","Kaggle_2700366","0.2647058823529412","Vietnam Enterprise Investments","maverick investments"
"dbpedia_619","Kaggle_967372","0.2641509433962264","BioCryst Pharmaceuticals","bio-medical & pharmaceutical manufacturing corporation"
"dbpedia_4216","Kaggle_175816","0.2631578947368421","Tatung Company","cashin company"
"dbpedia_2042","Kaggle_1022737","0.26229508196721313","Hutchison Telecommunications Hong Kong Holdings","professional telecommunications services"
"dbpedia_3347","Kaggle_1368714","0.2619047619047619","Philippine National Construction Corporation","provian construction"
"dbpedia_586","Kaggle_5194947","0.26153846153846155","Beijing Capital International Airport (company)","international oilfields development company (iod)"
"dbpedia_3794","Kaggle_1605021","0.2608695652173913","Sedona (company)","kellison and company"
"dbpedia_1584","Kaggle_2238871","0.26","First Philippine Holdings Corporation","firstclass technology corporation"
"dbpedia_793","Kaggle_5217108","0.25925925925925924","Canadian Natural Resources","cdc resources"
"dbpedia_2988","Kaggle_4565875","0.25862068965517243","National Jute Manufactures Corporation Limited","manufacturing control solutions limited"
"dbpedia_353","Kaggle_4777747","0.25806451612903225","Aspen Technology","risk challenger technology as"
"dbpedia_3808","Kaggle_3591612","0.25757575757575757","Semiconductor Manufacturing International Corporation","manufactured technologies corporation mtc"
"dbpedia_821","Kaggle_2099143","0.2571428571428571","Carpenter Technology Corporation","auctor technology"
"dbpedia_910","Kaggle_3296035","0.2564102564102564","China Construction Bank","atrium construction solutions limited"
"dbpedia_3383","Kaggle_5318309","0.2558139534883721","Ploie?ti National Coal Company","international plastics company srl"
"dbpedia_3346","Kaggle_5335658","0.2553191489361702","Philippine National Construction Corporation","precision construction solutions"
"dbpedia_4016","Kaggle_1929028","0.2549019607843137","Stewart Information Services Corporation","information technology solutions, corp"
"dbpedia_3242","Kaggle_2817422","0.2545454545454545","PLDT Communication and Energy Ventures","sonatori - live entertainment & communication"
"dbpedia_1223","Kaggle_1111313","0.2542372881355932","Deepak Fertilisers and Petrochemicals","khaitan chemicals and fertilizers limited - india"
"dbpedia_586","Kaggle_1001159","0.25396825396825395","Beijing Capital International Airport (company)","fanateer international company for entertainment,"
"dbpedia_2042","Kaggle_796924","0.2537313432835821","Hutchison Telecommunications Hong Kong Holdings","commercial telecommunications contractors inc (ctci)"
"dbpedia_586","Kaggle_1008406","0.2535211267605634","Beijing Capital International Airport (company)","oman international petrochemical industries company .l.l.c"
"dbpedia_4211","Kaggle_6661257","0.25333333333333335","Tata Research Development and Design Centre","electrical and computational systems research and development group"
"dbpedia_3448","Kaggle_3642745","0.25","Psion (company)","sousa and company"
"dbpedia_2052","Kaggle_1953939","0.24675324675324675","Hyundai Engineering & Construction","china construction eighth engineering division corporation limited (dubai branch)"
"dbpedia_3808","Kaggle_2603857","0.2465753424657534","Semiconductor Manufacturing International Corporation","international college of engineering and management"
"dbpedia_586","Kaggle_691468","0.2463768115942029","Beijing Capital International Airport (company)","sfr tobacco international (a reynolds american company)"
"dbpedia_2042","Kaggle_3746462","0.24615384615384617","Hutchison Telecommunications Hong Kong Holdings","manager of telecommunications infrastructure"
"dbpedia_4167","Kaggle_6696827","0.2459016393442623","Taiwan Land Development Corporation","luxury estates international real estate and development"
"dbpedia_3872","Kaggle_4835964","0.24561403508771928","Siemens Technology and Services","planist information technology services & consulting"
"dbpedia_2675","Kaggle_4111525","0.24528301886792453","Mahindra & Mahindra Financial Services Limited","craigmar construction services limited"
"dbpedia_3346","Kaggle_409648","0.24489795918367346","Philippine National Construction Corporation","dbi construction consultants, llc"
"dbpedia_980","Kaggle_353733","0.24444444444444444","Citizens Development Business Finance","successful development inc."
"dbpedia_3347","Kaggle_6607055","0.24390243902439024","Philippine National Construction Corporation","harte construction"
"dbpedia_4211","Kaggle_3890935","0.24358974358974358","Tata Research Development and Design Centre","the international healthcare research and development institute - ihrdi"
"dbpedia_4412","Kaggle_5616513","0.24324324324324326","Toyo Engineering Corporation","prm engineering services"
"dbpedia_2042","Kaggle_4642196","0.24285714285714285","Hutchison Telecommunications Hong Kong Holdings","ey singapore (technology, media and telecommunications)"
"dbpedia_1591","Kaggle_1428200","0.24242424242424243","Fisher & Paykel Healthcare","j & j healthcare institute"
"dbpedia_3848","Kaggle_6851355","0.24193548387096775","Shindengen Electric Manufacturing","hkc - hong kong china electric appliance manufacture co., ltd."
"dbpedia_3274","Kaggle_369153","0.2413793103448276","Panopticon Software","software & hardware panamá"
"dbpedia_915","Kaggle_2569744","0.24074074074074073","China International Marine Containers","international environmental consultancy"
"dbpedia_1056","Kaggle_1953939","0.24050632911392406","Continental Engineering Corporation","china construction eighth engineering division corporation limited (dubai branch)"
"dbpedia_1671","Kaggle_5624185","0.24","Furukawa Electric","nemo electrical ltd"
"dbpedia_4241","Kaggle_26476","0.23943661971830985","Telecommunication Company of Iran","virtela technology services incorporated (an ntt communications company)"
"dbpedia_3847","Kaggle_1892417","0.2391304347826087","Shindengen Electric Manufacturing","manufacturing learning victoria"
"dbpedia_586","Kaggle_4890980","0.23880597014925373","Beijing Capital International Airport (company)","hong kong securities (international) company limited"
"dbpedia_3630","Kaggle_2002725","0.23809523809523808","Ryerson (company)","yafabhi company"
"dbpedia_2051","Kaggle_1030300","0.2375","Hyundai Engineering & Construction","nyc charter high school of architecture and engineering and construction industries"
"dbpedia_115","Kaggle_1604226","0.23728813559322035","Aerospace Industrial Development Corporation","alberta indian investment corporation"
"dbpedia_1776","Kaggle_1742868","0.23684210526315788","Gloria Material Technology Corp.","the core technology group"
"dbpedia_3808","Kaggle_1291768","0.23636363636363636","Semiconductor Manufacturing International Corporation","whitewater manufacturing"
"dbpedia_2042","Kaggle_5231441","0.2361111111111111","Hutchison Telecommunications Hong Kong Holdings","itso - international telecommunications satellite organization"
"dbpedia_2543","Kaggle_1450582","0.23529411764705882","Lenta (retail)","retailtrek a.s."
"dbpedia_1413","Kaggle_3681760","0.234375","Ellington Electronics Technology Group","majestic international electronic technologies, inc."
"dbpedia_1056","Kaggle_1834096","0.23404255319148937","Continental Engineering Corporation","pico engineering holding company"
"dbpedia_2191","Kaggle_3791743","0.23333333333333334","Interplay Discovery","data discovery sciences"
"dbpedia_115","Kaggle_109466","0.2328767123287671","Aerospace Industrial Development Corporation","information technology industry development agency, itida"
"dbpedia_909","Kaggle_1981613","0.23255813953488372","China Construction Bank","associated construction & engineering, inc."
"dbpedia_2216","Kaggle_2949483","0.23214285714285715","Iran Tractor Manufacturing Company","xinxiang jinhui machinery manufacturing co., ltd"
"dbpedia_4016","Kaggle_188953","0.2318840579710145","Stewart Information Services Corporation","independent information technology and services professional"
"dbpedia_1285","Kaggle_3608732","0.23076923076923078","Dole Food Company","mcdevitt land company"
"dbpedia_4047","Kaggle_6574268","0.22950819672131148","Sumitomo Mitsui Banking Corporation","sumidenso automotive technologies asia corporation"
"dbpedia_2764","Kaggle_22159","0.22916666666666666","Media Information Agency","pt. astra graphia information technology (agit)"
"dbpedia_2811","Kaggle_2718258","0.22857142857142856","Microchip Technology","sportlabs technology limited"
"dbpedia_87","Kaggle_432118","0.22807017543859648","Accton Technology Corporation","young india information technology services pvt ltd"
"dbpedia_327","Kaggle_218976","0.22727272727272727","Arvind (company)","sanrio company ltd."
"dbpedia_2042","Kaggle_4695905","0.22666666666666666","Hutchison Telecommunications Hong Kong Holdings","volga state university of telecommunications and informatics"
"dbpedia_1056","Kaggle_5387650","0.22641509433962265","Continental Engineering Corporation","igades - engineering consultancy limited"
"dbpedia_4290","Kaggle_1304859","0.22580645161290322","The Marketing Group","pacer energy marketing, llc"
"dbpedia_910","Kaggle_1953939","0.22535211267605634","China Construction Bank","china construction eighth engineering division corporation limited (dubai branch)"
"dbpedia_86","Kaggle_622896","0.225","Access Engineering","black cat engineering & construction w.l.l"
"dbpedia_1625","Kaggle_2242917","0.22448979591836735","Forum Energy Technologies","safe systems for advanced technologies (ssfat)"
"dbpedia_4027","Kaggle_5298836","0.22413793103448276","Storage Technology Corporation","xiamen kingtop information technology co ltd (xkitclz)"
"dbpedia_2675","Kaggle_3211645","0.22388059701492538","Mahindra & Mahindra Financial Services Limited","amifs - association for management information in financial services"
"dbpedia_4016","Kaggle_26476","0.2236842105263158","Stewart Information Services Corporation","virtela technology services incorporated (an ntt communications company)"
"dbpedia_165","Kaggle_1887772","0.2222222222222222","Alexandria Real Estate Equities","mgm real estate center"
"dbpedia_586","Kaggle_4993338","0.22077922077922077","Beijing Capital International Airport (company)","international institute community development corporation (iicdc)"
"dbpedia_2773","Kaggle_4714635","0.22058823529411764","Mega International Commercial Bank","gavs information services llc (client: abu dhabi commercial bank)"
"dbpedia_3471","Kaggle_1584401","0.22033898305084745","Quality Technology Services","high quality telecommunication & security system services"
"dbpedia_2051","Kaggle_132540","0.22","Hyundai Engineering & Construction","shantui construction machinery co., ltd"
"dbpedia_2051","Kaggle_3586447","0.21951219512195122","Hyundai Engineering & Construction","engineering one group, inc."
"dbpedia_4167","Kaggle_6661257","0.2191780821917808","Taiwan Land Development Corporation","electrical and computational systems research and development group"
"dbpedia_1986","Kaggle_726212","0.21875","Hokkaido Electric Power Company","higher & company"
"dbpedia_3443","Kaggle_1004058","0.21818181818181817","Providence Service Corporation","bcs - broadston consulting services, incorporated"
"dbpedia_2042","Kaggle_6778306","0.21794871794871795","Hutchison Telecommunications Hong Kong Holdings","china national postal and telecommunications appliances corporation"
"dbpedia_232","Kaggle_2237728","0.21739130434782608","Americana Group","autrol america, inc"
"dbpedia_2675","Kaggle_3637932","0.21666666666666667","Mahindra & Mahindra Financial Services Limited","architectural and construction services limited"
"dbpedia_3369","Kaggle_2742993","0.21621621621621623","Pioneer Natural Resources","resource engineering group"
"dbpedia_3808","Kaggle_5746099","0.21568627450980393","Semiconductor Manufacturing International Corporation","mutz manufacturing"
"dbpedia_115","Kaggle_1269778","0.2153846153846154","Aerospace Industrial Development Corporation","topjoy international development group co.,ltd"
"dbpedia_3808","Kaggle_2810830","0.21518987341772153","Semiconductor Manufacturing International Corporation","national innovation institute of additive manufacturing?niiam?"
"dbpedia_1057","Kaggle_5162739","0.21428571428571427","Continental Resources","container journal"
"dbpedia_586","Kaggle_461899","0.21333333333333335","Beijing Capital International Airport (company)","lakson tobacco company limited (philip morris international)"
"dbpedia_4241","Kaggle_1208888","0.21311475409836064","Telecommunication Company of Iran","american international insurance company of delaware"
"dbpedia_2413","Kaggle_2158299","0.2127659574468085","Khatam-al Anbiya Construction Headquarters","joe r jones construction"
"dbpedia_325","Kaggle_2517613","0.21212121212121213","Artificial Solutions","veracity solutions pty. ltd"
"dbpedia_4413","Kaggle_2416319","0.21153846153846154","Toyo Engineering Corporation","specialist engineering contractors (sec) group"
"dbpedia_2570","Kaggle_1860906","0.2112676056338028","List of assets owned by Berkshire Hathaway","berkshire hathaway homeservices southern coast real estate"
"dbpedia_2990","Kaggle_1181622","0.21052631578947367","National Retail Properties","paradise properties usa, inc"
"dbpedia_115","Kaggle_990967","0.20967741935483872","Aerospace Industrial Development Corporation","metabolic solutions development company"
"dbpedia_1056","Kaggle_4072316","0.20930232558139536","Continental Engineering Corporation","robotics engineering ltd"
"dbpedia_4211","Kaggle_6696827","0.208955223880597","Tata Research Development and Design Centre","luxury estates international real estate and development"
"dbpedia_2329","Kaggle_3609835","0.20833333333333334","KBR (company)","shital electric company"
"dbpedia_318","Kaggle_3349184","0.20754716981132076","Arlington Asset Investment","xuan yuan international investment (beijing) co., ltd."
"dbpedia_4631","Kaggle_4126879","0.20689655172413793","Visayan Electric Company","freedom electric"
"dbpedia_915","Kaggle_462943","0.20634920634920634","China International Marine Containers","lavender international ndt consultancy services ltd"
"dbpedia_1978","Kaggle_300162","0.20588235294117646","Hokkaido Electric Power Company","e.s. wagner company"
"dbpedia_2570","Kaggle_3741402","0.2054794520547945","List of assets owned by Berkshire Hathaway","berkshire hathaway homeservices michigan real estate davison"
"dbpedia_2936","Kaggle_6596816","0.20512820512820512","NH Investment & Securities","putnam investment management, inc."
"dbpedia_2983","Kaggle_5448087","0.20454545454545456","National Company of Lignite Oltenia","national concrete leveling"
"dbpedia_4211","Kaggle_5189717","0.20408163265306123","Tata Research Development and Design Centre","evalu8d learning & development"
"dbpedia_128","Kaggle_6686173","0.2037037037037037","Agriculture Development Bank","rally software development international corp."
"dbpedia_115","Kaggle_4364707","0.2033898305084746","Aerospace Industrial Development Corporation","fusion cultural development limited"
"dbpedia_2989","Kaggle_622023","0.203125","National Post Company of the Islamic Republic of Iran","first national title insurance company"
"dbpedia_586","Kaggle_5728780","0.2028985507246377","Beijing Capital International Airport (company)","american communication technologies international, inc."
"dbpedia_290","Kaggle_4523165","0.20270270270270271","Applied Genetic Technologies Corporation","faculty of information technology - applied science university"
"dbpedia_2317","Kaggle_224791","0.2","KBR (company)","private personal company"
