"dataworld_1148","Kaggle_3512","1.0","Intuitive Surgical","intuitive surgical"
"dataworld_1420","Kaggle_24624","0.9545454545454546","Samsung Electro-Mechanic","samsung electro-mechanics"
"dataworld_1854","Kaggle_634611","0.9523809523809523","Frontier Communications","frontier communication"
"dataworld_271","Kaggle_934","0.95","Takeda Pharmaceutical","takeda pharmaceuticals"
"dataworld_430","Kaggle_3171094","0.9473684210526315","Rogers Communications","roger's communication"
"dataworld_1828","Kaggle_1910","0.9444444444444444","Edwards Lifescience","edwards lifesciences"
"dataworld_119","Kaggle_55485","0.9411764705882353","Abbott Laboratories","abbott labboratories"
"dataworld_1866","Kaggle_44738","0.9375","Lulemon Athletica","lululemon athletica"
"dataworld_105","Kaggle_5409518","0.9333333333333333","American Express","american expresss"
"dataworld_312","Kaggle_84944","0.9285714285714286","Johnson Controls","johnson control"
"dataworld_378","Kaggle_1821702","0.9230769230769231","Gilead Sciences","gilead science"
"dataworld_443","Kaggle_875514","0.9166666666666666","Porsche Automobil Holding","porsche automobil holding se"
"dataworld_185","Kaggle_489967","0.9090909090909091","Dow Chemical","dow chemicals"
"dataworld_738","Kaggle_132620","0.9047619047619048","Formosa Petrochemical","formosa petrochemical co.,"
"dataworld_1311","Kaggle_2079395","0.9","MMI Holdings","mmi holding"
"dataworld_1825","Kaggle_1860857","0.8947368421052632","Southwestern Energy","south western energy co"
"dataworld_1042","Kaggle_527623","0.8928571428571429","Belle International Holdings","belle international holdings ltd."
"dataworld_1861","Kaggle_5705207","0.8888888888888888","K's Holdings","ks holding"
"dataworld_1144","Kaggle_52098","0.8846153846153846","Global Logistic Properties","global logistic properties (glp)"
"dataworld_119","Kaggle_315816","0.8823529411764706","Abbott Laboratories","abott laboratories"
"dataworld_1087","Kaggle_1238393","0.88","Kawasaki Heavy Industries","kawasaki heavy industries, ltd"
"dataworld_576","Kaggle_1500931","0.875","Ferrovial","ferrovia"
"dataworld_950","Kaggle_38963","0.8695652173913043","Steel Authority of India","steel authority of india ltd"
"dataworld_533","Kaggle_57435","0.8666666666666667","Astellas Pharma","astellas pharma us"
"dataworld_837","Kaggle_3971549","0.8636363636363636","China Eastern Airlines","china eastern airline svce"
"dataworld_1470","Kaggle_5179818","0.8571428571428571","Hexagon","hexagon-e"
"dataworld_1759","Kaggle_5582021","0.8518518518518519","American Equity Investment","american equity investments, llc"
"dataworld_656","Kaggle_5460692","0.85","Stanley Black & Decker","stanley black & decker, inc."
"dataworld_376","Kaggle_1721779","0.8461538461538461","Pernod Ricard","pernod ricard uk"
"dataworld_270","Kaggle_43108","0.84375","China Communications Construction","china communications construction co., ltd."
"dataworld_564","Kaggle_2682522","0.8421052631578947","Franklin Resources","franklin resources inc"
"dataworld_197","Kaggle_1082212","0.84","China State Construction","china state construction land"
"dataworld_1413","Kaggle_2296502","0.8333333333333334","Capita","capital 4"
"dataworld_1259","Kaggle_176312","0.8275862068965517","Jupiter Telecommunications","jupiter telecommunications co., ltd."
"dataworld_1916","Kaggle_146306","0.8260869565217391","Two Harbors Investment","two harbors investment corp."
"dataworld_583","Kaggle_34737","0.8235294117647058","Toray Industries","toray industries, inc."
"dataworld_1501","Kaggle_3519034","0.8214285714285714","China Communications Services","vina communications services"
"dataworld_807","Kaggle_3883413","0.8181818181818182","Resolution","resolutionmd"
"dataworld_1848","Kaggle_4015609","0.8148148148148148","Shanghai Material Trading","shanghai material trading co., ltd."
"dataworld_440","Kaggle_602500","0.8125","Intesa Sanpaolo","intesa sanpaolo spa"
"dataworld_21","Kaggle_3203675","0.8095238095238095","Samsung Electronics","samsung electronics gmbh"
"dataworld_152","Kaggle_1942599","0.8076923076923077","British American Tobacco","british american tobacco japan"
"dataworld_879","Kaggle_45511","0.8","Sabesp","sabes"
"dataworld_1892","Kaggle_64922","0.7931034482758621","Commercial International Bank","international commercial bank"
"dataworld_157","Kaggle_4376219","0.7916666666666666","PNC Financial Services","pnc financial services group"
"dataworld_1256","Kaggle_5492570","0.7894736842105263","City Developments","city development sp. z o.o."
"dataworld_1284","Kaggle_3345650","0.7857142857142857","ST Engineering","pst engineering"
"dataworld_56","Kaggle_296","0.782608695652174","National Australian Bank","national australia bank"
"dataworld_911","Kaggle_4719896","0.7777777777777778","PartnerRe","partner-rx"
"dataworld_1196","Kaggle_207343","0.7741935483870968","Fidelity National Financial","fidelity national financial (nyse:fnf)"
"dataworld_1182","Kaggle_4605147","0.7727272727272727","Molson Coors Brewing","molson coors brewing (ca) ltd"
"dataworld_437","Kaggle_116268","0.7692307692307693","Bharti Airtel","bharti airte in"
"dataworld_304","Kaggle_77033","0.7666666666666667","China Railway Construction","china railway construction corp. ltd"
"dataworld_1258","Kaggle_74779","0.7647058823529411","Hong Leong Financial","hong leong finance"
"dataworld_157","Kaggle_4047744","0.7619047619047619","PNC Financial Services","kc financial services"
"dataworld_1069","Kaggle_4034711","0.76","Continental Resources","continental resources sdn bhd"
"dataworld_615","Kaggle_104385","0.7586206896551724","Tata Consultancy Services","tata consultancy services limited"
"dataworld_84","Kaggle_1526521","0.75","Vale","valei"
"dataworld_1304","Kaggle_910870","0.7407407407407407","Agile Property Holdings","agile property holdings limited"
"dataworld_610","Kaggle_1600926","0.7391304347826086","Mitsubishi Chemical","mitsubishi chemical america"
"dataworld_307","Kaggle_9877","0.7368421052631579","Reckitt Benckiser Group","reckitt benckiser"
"dataworld_1284","Kaggle_4013861","0.7333333333333333","ST Engineering","cast engineering"
"dataworld_881","Kaggle_988696","0.7307692307692307","International Airlines","swiss international airlines"
"dataworld_157","Kaggle_3091839","0.7272727272727273","PNC Financial Services","mbc financial services"
"dataworld_51","Kaggle_1141446","0.7241379310344828","Sumitomo Mitsui Financial","sumitomo mitsui financial group, inc."
"dataworld_1036","Kaggle_2091015","0.7222222222222222","Harley-Davidson","harley-davidson egypt"
"dataworld_301","Kaggle_94360","0.72","Wilmar International","wilmar international limited"
"dataworld_1482","Kaggle_936831","0.71875","China Merchants Securities","china merchants securities (uk) limited"
"dataworld_1284","Kaggle_1410491","0.7142857142857143","ST Engineering","b&t engineering"
"dataworld_802","Kaggle_180663","0.7096774193548387","Metallurgical Corp of China","metallurgical corporation of china"
"dataworld_224","Kaggle_702308","0.7083333333333334","Teva Pharmaceutical Inds","teva pharmaceuticals cr"
"dataworld_992","Kaggle_617591","0.7058823529411765","Shanghai International Port","shanghai international port (group) co., ltd"
"dataworld_615","Kaggle_4234988","0.7037037037037037","Tata Consultancy Services","gta consultancy services ltd"
"dataworld_122","Kaggle_4327","0.7","Mitsui & Co","mitsui & co., ltd."
"dataworld_256","Kaggle_556210","0.696969696969697","Brookfield Asset Management","hyperion brookfield asset management"
"dataworld_157","Kaggle_117496","0.6956521739130435","PNC Financial Services","civic financial services"
"dataworld_985","Kaggle_58963","0.6923076923076923","Delta Lloyd","delta lloyd life"
"dataworld_1488","Kaggle_1463417","0.6896551724137931","InterContinental Hotels","intercontinental hotel al jubail"
"dataworld_48","Kaggle_138","0.6875","Goldman Sachs Group","goldman sachs"
"dataworld_1222","Kaggle_863616","0.6842105263157895","Boston Properties","boylston properties"
"dataworld_157","Kaggle_5377539","0.6818181818181818","PNC Financial Services","p & p financial services"
"dataworld_478","Kaggle_261347","0.68","Potash of Saskatchewan","potash corp of saskatchewan"
"dataworld_1854","Kaggle_6963395","0.6785714285714286","Frontier Communications","frontier radio communications"
"dataworld_1404","Kaggle_4502352","0.6774193548387096","Shanghai Pharmaceuticals","shanghai donghai pharmaceutical co., ltd."
"dataworld_278","Kaggle_1966","0.6764705882352942","Canadian Natural Resources","canadian natural resources limited (cnrl)"
"dataworld_1270","Kaggle_3754547","0.6666666666666666","TDC","tdca"
"dataworld_618","Kaggle_72886","0.6571428571428571","Datang International Power","datang international power generation co., ltd."
"dataworld_1501","Kaggle_1962165","0.65625","China Communications Services","new era communications services"
"dataworld_271","Kaggle_25497","0.6551724137931034","Takeda Pharmaceutical","takeda pharmaceutical company ltd"
"dataworld_1130","Kaggle_4596815","0.6538461538461539","American Financial Group","americorp financial group"
"dataworld_582","Kaggle_1932199","0.6521739130434783","Annaly Capital Management","d2 capital management"
"dataworld_511","Kaggle_4442269","0.65","Waste Management","dutch waste management"
"dataworld_86","Kaggle_252670","0.6470588235294118","Hyundai Motor","hyundai motor poland"
"dataworld_1681","Kaggle_745429","0.6451612903225806","Doosan Heavy Industries","doosan heavy industries & construction"
"dataworld_1368","Kaggle_837174","0.6428571428571429","Shanghai Construction","cnmy construction (shanghai) co. ltd."
"dataworld_157","Kaggle_3198155","0.64","PNC Financial Services","rsbc financial services, a.s."
"dataworld_1892","Kaggle_110462","0.6388888888888888","Commercial International Bank","taishin international commercial bank"
"dataworld_684","Kaggle_1677668","0.6363636363636364","CME Group","cme group (aust)"
"dataworld_1501","Kaggle_349085","0.6341463414634146","China Communications Services","china communications services corporation limited"
"dataworld_1110","Kaggle_6970627","0.6333333333333333","Chugoku Electric Power","chugoku electric power co inc/the (9504)"
"dataworld_706","Kaggle_617315","0.631578947368421","RSA Insurance Group","a.i. insurance group"
"dataworld_615","Kaggle_4086474","0.6296296296296297","Tata Consultancy Services","inser consultancy services"
"dataworld_8","Kaggle_597748","0.6285714285714286","Agricultural Bank of China","agricultural bank of china, hong kong branch"
"dataworld_516","Kaggle_2722923","0.625","Vivendi","vivendom"
"dataworld_304","Kaggle_1339673","0.6216216216216216","China Railway Construction","china railway construction group (crcg) co., ltd."
"dataworld_1892","Kaggle_2924497","0.6206896551724138","Commercial International Bank","national commercial bank"
"dataworld_395","Kaggle_4503765","0.6190476190476191","QBE Insurance Group","sheinin insurance group"
"dataworld_1892","Kaggle_483252","0.6176470588235294","Commercial International Bank","commercial brokers international"
"dataworld_272","Kaggle_953960","0.6153846153846154","NextEra Energy","nextenergy"
"dataworld_1369","Kaggle_353617","0.6129032258064516","China Merchants Holdings","china merchants logistics holding"
"dataworld_1439","Kaggle_1109522","0.6111111111111112","Concho Resources","concero resources"
"dataworld_511","Kaggle_972643","0.6086956521739131","Waste Management","waste management solutions"
"dataworld_1368","Kaggle_2899949","0.6071428571428571","Shanghai Construction","shanghai yy construction co.,ltd"
"dataworld_2","Kaggle_188208","0.6060606060606061","China Construction Bank","china construction bank (london) limited"
"dataworld_1284","Kaggle_4273164","0.6","ST Engineering","r&n engineering"
"dataworld_270","Kaggle_4885420","0.59375","China Communications Construction","constructive communications"
"dataworld_601","Kaggle_2407105","0.5925925925925926","Hartford Financial Services","pgd financial services"
"dataworld_1256","Kaggle_1803414","0.5909090909090909","City Developments","suntec city development"
"dataworld_1477","Kaggle_1151762","0.5897435897435898","China International Marine","china international marine containers (group) ltd."
"dataworld_1142","Kaggle_4672887","0.5882352941176471","Adani Enterprises","qi enterprises"
"dataworld_615","Kaggle_5664345","0.5862068965517241","Tata Consultancy Services","dazzle consultancy services"
"dataworld_526","Kaggle_2240515","0.5853658536585366","Mitsubishi Heavy Industries","mitsubishi heavy industries climate control, inc."
"dataworld_166","Kaggle_3977669","0.5833333333333334","Travelers Cos","travers+co"
"dataworld_1501","Kaggle_624346","0.5806451612903226","China Communications Services","stg communication services"
"dataworld_1284","Kaggle_3164358","0.5789473684210527","ST Engineering","foremost engineering"
"dataworld_582","Kaggle_1860079","0.5769230769230769","Annaly Capital Management","mnj capital management"
"dataworld_61","Kaggle_860058","0.5757575757575758","American International Group","north american international, c.a."
"dataworld_1775","Kaggle_56523","0.5714285714285714","H&R Real Estate","ag real estate"
"dataworld_1269","Kaggle_341510","0.5675675675675675","China Merchants Property","china merchants property development co., ltd"
"dataworld_615","Kaggle_2665337","0.5666666666666667","Tata Consultancy Services","jasco it consultancy services"
"dataworld_511","Kaggle_2950443","0.5652173913043478","Waste Management","national waste management"
"dataworld_1817","Kaggle_4469481","0.5625","GS Engineering","trr engineering"
"dataworld_1477","Kaggle_1214699","0.5609756097560976","China International Marine","china international marine containers (group) co., ltd"
"dataworld_80","Kaggle_2059878","0.56","Ping An Insurance Group","aeon insurance group inc"
"dataworld_1501","Kaggle_4494479","0.5588235294117647","China Communications Services","charter communication services"
"dataworld_157","Kaggle_2927632","0.5555555555555556","PNC Financial Services","skye financial services, inc."
"dataworld_1892","Kaggle_2462874","0.5526315789473685","Commercial International Bank","auto commercial international gtd fzco"
"dataworld_1630","Kaggle_1517198","0.5517241379310345","Hellenic Petroleum","hellenic petroleum cyprus limited"
"dataworld_1310","Kaggle_753173","0.55","Host Hotels & Resorts","epg hotels & resorts"
"dataworld_615","Kaggle_4631696","0.5483870967741935","Tata Consultancy Services","pinklily consultancy services"
"dataworld_911","Kaggle_4229533","0.5454545454545454","PartnerRe","partnerium"
"dataworld_61","Kaggle_141449","0.5428571428571428","American International Group","first american international bank"
"dataworld_395","Kaggle_1114283","0.5416666666666666","QBE Insurance Group","medthree insurance group"
"dataworld_61","Kaggle_2178141","0.5405405405405406","American International Group","american international machinery, inc."
"dataworld_1479","Kaggle_5037476","0.5384615384615384","Aker Solutions","r3 solutions"
"dataworld_838","Kaggle_537456","0.5365853658536586","Discovery Communications","discovery communications deutschland gmbh & co. kg"
"dataworld_157","Kaggle_735397","0.5357142857142857","PNC Financial Services","maritime financial services"
"dataworld_304","Kaggle_1995567","0.5348837209302325","China Railway Construction","china railway construction real estate group co., ltd."
"dataworld_1293","Kaggle_1540971","0.5333333333333333","GF Securities","tfs securities"
"dataworld_615","Kaggle_2107586","0.53125","Tata Consultancy Services","veridical consultancy services"
"dataworld_511","Kaggle_324054","0.5294117647058824","Waste Management","vie management"
"dataworld_1501","Kaggle_411499","0.5277777777777778","China Communications Services","beacon communication services ltd"
"dataworld_1189","Kaggle_567974","0.5263157894736842","Delta Electronics","empa electronics"
"dataworld_270","Kaggle_2216454","0.525","China Communications Construction","telecommunications consulting & construction"
"dataworld_954","Kaggle_369482","0.5238095238095238","Murata Manufacturing","hp manufacturing"
"dataworld_395","Kaggle_1068770","0.5217391304347826","QBE Insurance Group","jda insurance group, llc"
"dataworld_395","Kaggle_1749457","0.52","QBE Insurance Group","empire insurance group, inc."
"dataworld_216","Kaggle_1427097","0.5185185185185185","People's Insurance Company","omid insurance company"
"dataworld_601","Kaggle_6724115","0.5172413793103449","Hartford Financial Services","khue financial services"
"dataworld_1130","Kaggle_3895394","0.5161290322580645","American Financial Group","american financial management"
"dataworld_1654","Kaggle_3026317","0.5151515151515151","Shanghai Industrial","shanghai industrial development co., ltd."
"dataworld_615","Kaggle_1741767","0.5142857142857142","Tata Consultancy Services","legionella consultancy services ltd"
"dataworld_1501","Kaggle_629832","0.5135135135135135","China Communications Services","telecommunications service center"
"dataworld_1501","Kaggle_1309386","0.5128205128205128","China Communications Services","communications services incorporated"
"dataworld_932","Kaggle_501905","0.5121951219512195","Steinhoff International","steinhoff international sourcing and logistics"
"dataworld_1596","Kaggle_2807216","0.5","CYS Investments","jd investment"
"dataworld_1892","Kaggle_97577","0.4883720930232558","Commercial International Bank","cil - commercial international life insurance"
"dataworld_1501","Kaggle_1586228","0.4878048780487805","China Communications Services","bali international communications services"
"dataworld_1404","Kaggle_909003","0.48717948717948717","Shanghai Pharmaceuticals","shanghai tenry pharmaceutical group co., ltd"
"dataworld_992","Kaggle_1126729","0.4864864864864865","Shanghai International Port","international paint of shanghai co., ltd."
"dataworld_615","Kaggle_767525","0.4857142857142857","Tata Consultancy Services","matekk consultancy services pvt ltd."
"dataworld_582","Kaggle_2415072","0.48484848484848486","Annaly Capital Management","epiphany capital management 3d, llc"
"dataworld_601","Kaggle_3453267","0.4838709677419355","Hartford Financial Services","county financial services"
"dataworld_992","Kaggle_3849090","0.4827586206896552","Shanghai International Port","shannon international"
"dataworld_197","Kaggle_317136","0.48148148148148145","China State Construction","accurate construction"
"dataworld_706","Kaggle_1411736","0.48","RSA Insurance Group","clegg insurance group, inc"
"dataworld_1912","Kaggle_2981761","0.4782608695652174","Poly Property Group","lloyds property group"
"dataworld_1142","Kaggle_4714378","0.47619047619047616","Adani Enterprises","cji enterprises ltd"
"dataworld_61","Kaggle_364303","0.475","American International Group","the american international school  vienna"
"dataworld_1221","Kaggle_3048590","0.47368421052631576","Jacobs Engineering","dh engineering"
"dataworld_615","Kaggle_4986956","0.4722222222222222","Tata Consultancy Services","higham consultancy services limited"
"dataworld_511","Kaggle_3684932","0.47058823529411764","Waste Management","f&y management"
"dataworld_601","Kaggle_956812","0.46875","Hartford Financial Services","sequoia financial services"
"dataworld_1871","Kaggle_2009623","0.4666666666666667","Aberdeen Asset Management","abaco asset management llp"
"dataworld_2","Kaggle_1062092","0.46511627906976744","China Construction Bank","china construction bank (europe) s.a. amsterdam branch"
"dataworld_1799","Kaggle_5717062","0.4642857142857143","Shanxi Lu'an Environmental","elan environmental ltd"
"dataworld_1892","Kaggle_5653406","0.4634146341463415","Commercial International Bank","telju commercial fitness - international"
"dataworld_930","Kaggle_1844574","0.46153846153846156","Advanced Info Service","aits - advanced it services"
"dataworld_146","Kaggle_309227","0.4594594594594595","Philip Morris International","philips international holding corp."
"dataworld_1040","Kaggle_73113","0.4583333333333333","Daito Trust Construction","matt construction"
"dataworld_1259","Kaggle_6576105","0.45714285714285713","Jupiter Telecommunications","national telecommunications co, inc."
"dataworld_1344","Kaggle_589068","0.45454545454545453","Caesars Entertainment","ksp entertainment"
"dataworld_1892","Kaggle_113379","0.4523809523809524","Commercial International Bank","ictv (international commercial television)"
"dataworld_1906","Kaggle_2017657","0.45161290322580644","Cliffs Natural Resources","natural resources authority"
"dataworld_1817","Kaggle_694861","0.45","GS Engineering","ajz engineering gmbh"
"dataworld_197","Kaggle_5172465","0.4482758620689655","China State Construction","elevate construction, inc."
"dataworld_615","Kaggle_3052363","0.4473684210526316","Tata Consultancy Services","trident security consultancy services"
"dataworld_1885","Kaggle_5190789","0.4444444444444444","TPV Technology","vazon technology"
"dataworld_146","Kaggle_461899","0.4423076923076923","Philip Morris International","lakson tobacco company limited (philip morris international)"
"dataworld_1892","Kaggle_3171871","0.4418604651162791","Commercial International Bank","csi - commercial security international ltd"
"dataworld_582","Kaggle_2196165","0.4411764705882353","Annaly Capital Management","houndstooth capital management"
"dataworld_1181","Kaggle_3340207","0.44","Orascom Construction","ross construction, inc."
"dataworld_1501","Kaggle_5425257","0.43902439024390244","China Communications Services","pdc telecommunication services sdn bhd"
"dataworld_1479","Kaggle_2782955","0.4375","Aker Solutions","wkl solutions"
"dataworld_1259","Kaggle_104802","0.4358974358974359","Jupiter Telecommunications","united telecommunication services uts"
"dataworld_1368","Kaggle_69409","0.43478260869565216","Shanghai Construction","dpr construction"
"dataworld_582","Kaggle_2460126","0.43333333333333335","Annaly Capital Management","hospital management italia"
"dataworld_601","Kaggle_6894293","0.43243243243243246","Hartford Financial Services","hadley financial services limited"
"dataworld_1892","Kaggle_2761911","0.4318181818181818","Commercial International Bank","rich international commercial company limited"
"dataworld_1440","Kaggle_2010702","0.42857142857142855","SK Networks","veoh networks"
"dataworld_389","Kaggle_6980303","0.425531914893617","Huaneng Power International","huaneng international power development corporation"
"dataworld_1259","Kaggle_947607","0.425","Jupiter Telecommunications","yorkshire telecommunications limited"
"dataworld_256","Kaggle_1677255","0.42424242424242425","Brookfield Asset Management","ampersand asset management"
"dataworld_1771","Kaggle_4713556","0.4230769230769231","Total Access Communication","ok communication"
"dataworld_1259","Kaggle_2433955","0.4222222222222222","Jupiter Telecommunications","bluecom contact center telecommunication solutions"
"dataworld_1775","Kaggle_4937055","0.42105263157894735","H&R Real Estate","connell real estate"
"dataworld_197","Kaggle_988609","0.42","China State Construction","china state construction international holdings limited (3311)"
"dataworld_1256","Kaggle_4463882","0.41935483870967744","City Developments","supercity realty development corp."
"dataworld_1501","Kaggle_5205531","0.4186046511627907","China Communications Services","comprehensive communication services llc"
"dataworld_1413","Kaggle_857095","0.4166666666666667","Capita","capital events"
"dataworld_615","Kaggle_3229671","0.4146341463414634","Tata Consultancy Services","vr it consultancy services private limited"
"dataworld_304","Kaggle_4536814","0.41379310344827586","China Railway Construction","houchin construction"
"dataworld_61","Kaggle_3777491","0.41304347826086957","American International Group","pan american international insurance corporation"
"dataworld_1160","Kaggle_4981867","0.4117647058823529","Portugal Telecom","dual telecom"
"dataworld_615","Kaggle_4631688","0.41025641025641024","Tata Consultancy Services","ranked university consultancy service"
"dataworld_1256","Kaggle_3268142","0.4090909090909091","City Developments","metric development"
"dataworld_860","Kaggle_630824","0.4074074074074074","Galaxy Entertainment","go go luckey entertainment"
"dataworld_1871","Kaggle_4879799","0.40625","Aberdeen Asset Management","anphiko asset management s.a."
"dataworld_601","Kaggle_4395449","0.40540540540540543","Hartford Financial Services","platina financial services (pty) ltd"
"dataworld_1354","Kaggle_1099755","0.40476190476190477","Taishin Financial Holdings","taiping financial holdings company limited"
"dataworld_1892","Kaggle_596422","0.40425531914893614","Commercial International Bank","international council for commercial arbitration"
"dataworld_1344","Kaggle_4518744","0.4","Caesars Entertainment","branda entertainment"
"dataworld_615","Kaggle_1262732","0.3958333333333333","Tata Consultancy Services","galata real estate appraisal & consultancy services co."
"dataworld_615","Kaggle_1556422","0.3953488372093023","Tata Consultancy Services","bree e-tail & consultancy services b.v.| techmango"
"dataworld_1488","Kaggle_508496","0.39473684210526316","InterContinental Hotels","intercontinental los angeles downtown"
"dataworld_256","Kaggle_5569427","0.3939393939393939","Brookfield Asset Management","hokkaido asset management"
"dataworld_1771","Kaggle_836117","0.39285714285714285","Total Access Communication","ubik communication"
"dataworld_61","Kaggle_1208888","0.39215686274509803","American International Group","american international insurance company of delaware"
"dataworld_990","Kaggle_1888164","0.391304347826087","Hyundai Engineering","hargo engineering"
"dataworld_1848","Kaggle_5234989","0.3902439024390244","Shanghai Material Trading","shanghai lianjin industrial &trading co.?ltd"
"dataworld_555","Kaggle_2464097","0.3888888888888889","MS&AD Insurance","lanni insurance"
"dataworld_270","Kaggle_349085","0.3877551020408163","China Communications Construction","china communications services corporation limited"
"dataworld_270","Kaggle_4978723","0.3870967741935484","China Communications Construction","combs construction"
"dataworld_1259","Kaggle_3461261","0.38636363636363635","Jupiter Telecommunications","sharp telecommunications of europe limited"
"dataworld_1040","Kaggle_6717687","0.38461538461538464","Daito Trust Construction","karen construction"
"dataworld_1501","Kaggle_785089","0.3829787234042553","China Communications Services","codec communication and consultancy services"
"dataworld_256","Kaggle_5544291","0.38235294117647056","Brookfield Asset Management","alcantara asset management"
"dataworld_1293","Kaggle_2824239","0.38095238095238093","GF Securities","raven securities corp."
"dataworld_1892","Kaggle_619162","0.38","Commercial International Bank","international council for the commercial arbitration"
"dataworld_1691","Kaggle_2279451","0.3793103448275862","Renesas Electronics","reynolds & reynolds electronics, inc."
"dataworld_216","Kaggle_6741079","0.3783783783783784","People's Insurance Company","the midland life insurance company"
"dataworld_615","Kaggle_5531332","0.37777777777777777","Tata Consultancy Services","exceptional development consultancy services"
"dataworld_705","Kaggle_3498384","0.375","LG Electronics","avin electronics limited"
"dataworld_1259","Kaggle_6942892","0.37209302325581395","Jupiter Telecommunications","vtc, vassas telecommunications consulting"
"dataworld_304","Kaggle_4556694","0.37142857142857144","China Railway Construction","tideway construction limited"
"dataworld_304","Kaggle_2862243","0.37037037037037035","China Railway Construction","bgw construction"
"dataworld_1477","Kaggle_1772355","0.3695652173913043","China International Marine","china international investment platform (ciipp)"
"dataworld_695","Kaggle_4906039","0.3684210526315789","Motorola Solutions","g k solutions"
"dataworld_270","Kaggle_1782586","0.36666666666666664","China Communications Construction","dwa construction"
"dataworld_1654","Kaggle_4667907","0.36585365853658536","Shanghai Industrial","shanghai shenda industrial development co,ltd"
"dataworld_1899","Kaggle_4289594","0.36363636363636365","Boardwalk Real Estate","hya real estate"
"dataworld_197","Kaggle_1995567","0.3617021276595745","China State Construction","china railway construction real estate group co., ltd."
"dataworld_1871","Kaggle_3903017","0.3611111111111111","Aberdeen Asset Management","black tulip asset management llc"
"dataworld_990","Kaggle_1319999","0.36","Hyundai Engineering","crumbs engineering inc."
"dataworld_1906","Kaggle_3998556","0.358974358974359","Cliffs Natural Resources","natural resources development (rwanda)"
"dataworld_1293","Kaggle_70844","0.35714285714285715","GF Securities","securiton"
"dataworld_10","Kaggle_131413","0.35555555555555557","Berkshire Hathaway","berkshire hathaway homeservices premier properties"
"dataworld_699","Kaggle_5588259","0.3548387096774194","New World Development","gould development solutions"
"dataworld_1259","Kaggle_3353459","0.3541666666666667","Jupiter Telecommunications","atlantic wireless telecommunications (uk ) limited"
"dataworld_1902","Kaggle_2016225","0.35294117647058826","Fuji Electric","kv electric inc"
"dataworld_992","Kaggle_1719486","0.35135135135135137","Shanghai International Port","international club of portugal"
"dataworld_1488","Kaggle_617668","0.3508771929824561","InterContinental Hotels","holiday inn warsaw jozefow 4*/ aquila hotels / intercontinental hotel group"
"dataworld_1479","Kaggle_990164","0.35","Aker Solutions","azaza biz solutions"
"dataworld_1388","Kaggle_57569","0.3488372093023256","Pioneer Natural Resources","eurasian natural resources corporation plc"
"dataworld_1615","Kaggle_6974950","0.34782608695652173","Japan Securities","refco securities inc."
"dataworld_270","Kaggle_1528561","0.3469387755102041","China Communications Construction","arcon marketing communications (china) limited"
"dataworld_934","Kaggle_4190640","0.34615384615384615","Coca-Cola Enterprises","web tech enterprises"
"dataworld_1040","Kaggle_6661415","0.3448275862068966","Daito Trust Construction","apmc construction corp."
"dataworld_1592","Kaggle_2371356","0.34375","Minmetals Development","metropolis development corp."
"dataworld_409","Kaggle_3136139","0.34285714285714286","Thermo Fisher Scientific","american scientific publishers"
"dataworld_256","Kaggle_5777103","0.34210526315789475","Brookfield Asset Management","bacton asset management limited"
"dataworld_1892","Kaggle_3950961","0.34146341463414637","Commercial International Bank","local international company group"
"dataworld_157","Kaggle_5846689","0.3409090909090909","PNC Financial Services","travelex global and financial services limited"
"dataworld_121","Kaggle_1280216","0.3404255319148936","Shanghai Pudong Development","shanghai fanben industrial development co., ltd."
"dataworld_615","Kaggle_5381847","0.34","Tata Consultancy Services","twintech consultancy services private limited - india"
"dataworld_992","Kaggle_6672796","0.33962264150943394","Shanghai International Port","shanghai pudong international container terminals co., ltd."
"dataworld_313","Kaggle_3566101","0.3333333333333333","BAE Systems","tyler systems"
"dataworld_992","Kaggle_625279","0.32727272727272727","Shanghai International Port","shanghai jinjiang international hotels development co., ltd."
"dataworld_615","Kaggle_2317978","0.3269230769230769","Tata Consultancy Services","ganesha consultancy limited, business advisory services"
"dataworld_10","Kaggle_239258","0.32653061224489793","Berkshire Hathaway","berkshire hathaway homeservices carolina sun real estate"
"dataworld_1268","Kaggle_3570617","0.32608695652173914","Crown Castle International","crown house engineering international limited"
"dataworld_270","Kaggle_190328","0.32558139534883723","China Communications Construction","china west construction group co., ltd"
"dataworld_582","Kaggle_1841695","0.325","Annaly Capital Management","insight capital research & management"
"dataworld_270","Kaggle_676696","0.32432432432432434","China Communications Construction","cheema construction group"
"dataworld_304","Kaggle_4262128","0.3235294117647059","China Railway Construction","ch construction group corp"
"dataworld_197","Kaggle_4330129","0.3225806451612903","China State Construction","timmons construction llc"
"dataworld_1267","Kaggle_6729731","0.32142857142857145","Oil & Gas Development","dividend development inc"
"dataworld_615","Kaggle_3173233","0.32075471698113206","Tata Consultancy Services","pm global project management and consultancy services inc."
"dataworld_695","Kaggle_4447742","0.32","Motorola Solutions","natura solutions inc."
"dataworld_1488","Kaggle_3599900","0.3191489361702128","InterContinental Hotels","intercontinental media & communication services"
"dataworld_105","Kaggle_6914350","0.3181818181818182","American Express","american logo & sign"
"dataworld_1255","Kaggle_5155899","0.3170731707317073","Community Health Sys","lifelong brookside community health center"
"dataworld_46","Kaggle_1631809","0.3157894736842105","Johnson & Johnson","johnson-burks supply"
"dataworld_615","Kaggle_5255148","0.3148148148148148","Tata Consultancy Services","director of educational psychology consultancy services"
"dataworld_615","Kaggle_2080554","0.3142857142857143","Tata Consultancy Services","petch it consulting services"
"dataworld_1259","Kaggle_796924","0.3137254901960784","Jupiter Telecommunications","commercial telecommunications contractors inc (ctci)"
"dataworld_451","Kaggle_4347690","0.3125","Lotte Shopping","shoppiness"
"dataworld_216","Kaggle_679157","0.3111111111111111","People's Insurance Company","bajaj allianz life insurance company limited"
"dataworld_1329","Kaggle_1305233","0.3103448275862069","Samsung Engineering","craft | engineering studio"
"dataworld_1792","Kaggle_364562","0.30952380952380953","Interactive Brokers Group","interactive financial marketing group"
"dataworld_615","Kaggle_4744685","0.3090909090909091","Tata Consultancy Services","zietex limited.interim management and consultancy services,"
"dataworld_1869","Kaggle_4644052","0.3076923076923077","Severn Trent","seventy75"
"dataworld_216","Kaggle_5176487","0.30612244897959184","People's Insurance Company","northwest dentists insurance company, dentists benefits insurance company"
"dataworld_1040","Kaggle_2427054","0.3055555555555556","Daito Trust Construction","compact construction equipment"
"dataworld_1501","Kaggle_73318","0.3050847457627119","China Communications Services","egyptian pakistani telecommunication services company eptsc"
"dataworld_489","Kaggle_662139","0.30434782608695654","New China Life Insurance","ez insurance"
"dataworld_1259","Kaggle_4981470","0.30357142857142855","Jupiter Telecommunications","genesys telecommunications laboratories - europe limited"
"dataworld_1401","Kaggle_3080509","0.30303030303030304","Meico Crown Entertainment","zenga entertainment pvt. ltd."
"dataworld_1871","Kaggle_231643","0.3023255813953488","Aberdeen Asset Management","icbc credit suisse asset management co., ltd"
"dataworld_270","Kaggle_2630857","0.3018867924528302","China Communications Construction","china intercontinental communication center (china intercontinental press)"
"dataworld_1329","Kaggle_2854922","0.3","Samsung Engineering","russell civil engineering"
"dataworld_615","Kaggle_5746087","0.2982456140350877","Tata Consultancy Services","sripeksha engineering consultancy services private limited"
"dataworld_526","Kaggle_374444","0.2978723404255319","Mitsubishi Heavy Industries","bjc heavy industries public company limited"
"dataworld_270","Kaggle_4731154","0.2972972972972973","China Communications Construction","mm marra construction inc"
"dataworld_511","Kaggle_3362678","0.2962962962962963","Waste Management","bpg management company, l.p."
"dataworld_1909","Kaggle_251575","0.29545454545454547","Reliance Infrastructure","conscient infrastructure private limited"
"dataworld_992","Kaggle_6962887","0.29508196721311475","Shanghai International Port","shanghai waigaoqiao international logistics development co., ltd."
"dataworld_1040","Kaggle_6821533","0.29411764705882354","Daito Trust Construction","waterworks construction, inc."
"dataworld_1259","Kaggle_73318","0.29310344827586204","Jupiter Telecommunications","egyptian pakistani telecommunication services company eptsc"
"dataworld_838","Kaggle_6678829","0.2926829268292683","Discovery Communications","communication, concept & distribution inc."
"dataworld_1320","Kaggle_3494676","0.2916666666666667","Axis Capital Holdings","capital hoteles"
"dataworld_1259","Kaggle_2306096","0.2909090909090909","Jupiter Telecommunications","information and telecommunications, south dakota bureau of"
"dataworld_1267","Kaggle_2720405","0.2903225806451613","Oil & Gas Development","willowbrook development ltd"
"dataworld_1771","Kaggle_4417899","0.2894736842105263","Total Access Communication","short4sure communication support"
"dataworld_270","Kaggle_1038003","0.28888888888888886","China Communications Construction","white rock consulting & communication"
"dataworld_197","Kaggle_612913","0.28846153846153844","China State Construction","china jingye construction engineering (singapore) pte ltd"
"dataworld_270","Kaggle_4765164","0.288135593220339","China Communications Construction","china chemical engineering second construction corporation"
"dataworld_546","Kaggle_1531226","0.2857142857142857","Sumitomo Electric","kes electrical"
"dataworld_270","Kaggle_3241471","0.2833333333333333","China Communications Construction","china construction first building (group) corporation limited"
"dataworld_582","Kaggle_204368","0.2830188679245283","Annaly Capital Management","los angeles capital management and equity research, inc."
"dataworld_256","Kaggle_4819093","0.2826086956521739","Brookfield Asset Management","smart asset management solutions limited"
"dataworld_1799","Kaggle_4800100","0.28205128205128205","Shanxi Lu'an Environmental","geum environmental consulting, inc"
"dataworld_699","Kaggle_5484450","0.28125","New World Development","iberville developments ltd."
"dataworld_601","Kaggle_3211645","0.2807017543859649","Hartford Financial Services","amifs - association for management information in financial services"
"dataworld_569","Kaggle_972647","0.28","Dominion Resources","ardea resources ltd"
"dataworld_270","Kaggle_3521059","0.27906976744186046","China Communications Construction","umiya construction company - india"
"dataworld_596","Kaggle_4538182","0.2777777777777778","DISH Network","bim networks sac"
"dataworld_1501","Kaggle_4128232","0.27692307692307694","China Communications Services","jiangsu new access international cultural communication & service co., ltd"
"dataworld_256","Kaggle_1384155","0.2765957446808511","Brookfield Asset Management","genesis asset management strategies group"
"dataworld_620","Kaggle_3107142","0.27586206896551724","Seagate Technology","xoom technology group, llc"
"dataworld_197","Kaggle_3710244","0.275","China State Construction","accurate railroad construction ltd"
"dataworld_1871","Kaggle_808459","0.27450980392156865","Aberdeen Asset Management","rhb islamic international asset management berhad"
"dataworld_1329","Kaggle_277561","0.2727272727272727","Samsung Engineering","ugm engineers"
"dataworld_121","Kaggle_939424","0.2711864406779661","Shanghai Pudong Development","shanghai bund de rockefeller group master development co., ltd"
"dataworld_582","Kaggle_5797254","0.2708333333333333","Annaly Capital Management","arqaam capital uk investment management limited"
"dataworld_1190","Kaggle_2160763","0.2702702702702703","Micron Technology","link information technology (p) limited"
"dataworld_1501","Kaggle_6778306","0.2698412698412698","China Communications Services","china national postal and telecommunications appliances corporation"
"dataworld_695","Kaggle_1410227","0.2692307692307692","Motorola Solutions","omni online solutions"
"dataworld_1799","Kaggle_6796221","0.2682926829268293","Shanxi Lu'an Environmental","mrs environmental services limited"
"dataworld_1501","Kaggle_904206","0.26785714285714285","China Communications Services","china railway signal & communication corporation limited"
"dataworld_1321","Kaggle_5037321","0.26666666666666666","Universal Health","e7 health"
"dataworld_270","Kaggle_6778306","0.265625","China Communications Construction","china national postal and telecommunications appliances corporation"
"dataworld_1892","Kaggle_5412182","0.2653061224489796","Commercial International Bank","ali venture international holding company"
"dataworld_1424","Kaggle_642902","0.2647058823529412","Electric Power Development","ground developments ltd"
"dataworld_1892","Kaggle_372551","0.2641509433962264","Commercial International Bank","trust international insurance company (cyprus) ltd"
"dataworld_304","Kaggle_4793527","0.2631578947368421","China Railway Construction","collins general construction"
"dataworld_1259","Kaggle_2633930","0.26229508196721313","Jupiter Telecommunications","almaty university of power engineering and telecommunications"
"dataworld_1771","Kaggle_4240508","0.2619047619047619","Total Access Communication","reflections strategic communication"
"dataworld_1748","Kaggle_2860451","0.2608695652173913","Furukawa Electric","bighorn electric"
"dataworld_1871","Kaggle_1161503","0.26","Aberdeen Asset Management","the wellington company asset management limited"
"dataworld_445","Kaggle_190528","0.25925925925925924","National Bank of Canada","national standard"
"dataworld_278","Kaggle_1631036","0.25862068965517243","Canadian Natural Resources","wsu college of agricultural, human, and natural resource sciences"
"dataworld_1400","Kaggle_3253929","0.25806451612903225","Direct Line Insurance","tom wootten insurance inc"
"dataworld_121","Kaggle_2164002","0.2571428571428571","Shanghai Pudong Development","skyline development, inc."
"dataworld_990","Kaggle_4349296","0.2564102564102564","Hyundai Engineering","hydratech hydraulic engineering limited"
"dataworld_304","Kaggle_4047903","0.2558139534883721","China Railway Construction","gma architects / arco national construction"
"dataworld_1759","Kaggle_4677085","0.2553191489361702","American Equity Investment","numerica partners investment management ltd."
"dataworld_256","Kaggle_2120588","0.2549019607843137","Brookfield Asset Management","dynamic asset management company (luxembourg) s.a."
"dataworld_982","Kaggle_1005694","0.2545454545454545","Fidelity National Information","national institute of communication & information technology"
"dataworld_615","Kaggle_2328053","0.2542372881355932","Tata Consultancy Services","pharmafile limited pharmaceutical consultancy affairs services"
"dataworld_121","Kaggle_6962887","0.25396825396825395","Shanghai Pudong Development","shanghai waigaoqiao international logistics development co., ltd."
"dataworld_1517","Kaggle_2909915","0.25","World Fuel Services","parko services s.a."
"dataworld_601","Kaggle_4730115","0.24615384615384617","Hartford Financial Services","advice & information pty ltd trading as bow tie financial services group"
"dataworld_157","Kaggle_4730115","0.2459016393442623","PNC Financial Services","advice & information pty ltd trading as bow tie financial services group"
"dataworld_615","Kaggle_4099610","0.24561403508771928","Tata Consultancy Services","global treasury services limited and global treasury consultants uk ltd"
"dataworld_1892","Kaggle_3772146","0.24528301886792453","Commercial International Bank","control systems international company limited"
"dataworld_270","Kaggle_1042045","0.24489795918367346","China Communications Construction","construction corporation no.1 company limited"
"dataworld_270","Kaggle_568848","0.24444444444444444","China Communications Construction","national group - construction & trading"
"dataworld_1344","Kaggle_6644400","0.24390243902439024","Caesars Entertainment","redsix interactive entertainment limited"
"dataworld_121","Kaggle_1460175","0.24324324324324326","Shanghai Pudong Development","bond development partners"
"dataworld_582","Kaggle_3801169","0.24242424242424243","Annaly Capital Management","glass music management"
"dataworld_270","Kaggle_988609","0.24193548387096775","China Communications Construction","china state construction international holdings limited (3311)"
"dataworld_152","Kaggle_3792391","0.2413793103448276","British American Tobacco","bridging americas"
"dataworld_256","Kaggle_2521578","0.24074074074074073","Brookfield Asset Management","amv asset management verification consulting gmbh"
"dataworld_615","Kaggle_1336947","0.24","Tata Consultancy Services","at services"
"dataworld_270","Kaggle_568840","0.2391304347826087","China Communications Construction","runnebohm construction company, inc."
"dataworld_270","Kaggle_5335185","0.23809523809523808","China Communications Construction","morgan moore construction, inc."
"dataworld_1087","Kaggle_211120","0.23728813559322035","Kawasaki Heavy Industries","mitsubishi heavy industries compressor international (mco-i)"
"dataworld_1501","Kaggle_1162653","0.23684210526315788","China Communications Services","wagner service solutions"
"dataworld_256","Kaggle_751703","0.23636363636363636","Brookfield Asset Management","adcap | securities | asset management | investment banking"
"dataworld_1321","Kaggle_2564373","0.23529411764705882","Universal Health","healthpi"
"dataworld_1892","Kaggle_4714635","0.234375","Commercial International Bank","gavs information services llc (client: abu dhabi commercial bank)"
"dataworld_1799","Kaggle_5792731","0.23404255319148937","Shanxi Lu'an Environmental","center for environmental law and policy (celp)"
"dataworld_489","Kaggle_451957","0.23333333333333334","New China Life Insurance","cig insurance agency"
"dataworld_270","Kaggle_6613409","0.23255813953488372","China Communications Construction","riversdale group, construction"
"dataworld_470","Kaggle_918200","0.23214285714285715","Public Service Enterprise","wyoming department of enterprise technology services (ets)"
"dataworld_1515","Kaggle_925324","0.23076923076923078","Dongfang Electric","parsons electric, inc."
"dataworld_1892","Kaggle_1008406","0.22950819672131148","Commercial International Bank","oman international petrochemical industries company .l.l.c"
"dataworld_1424","Kaggle_4655844","0.22916666666666666","Electric Power Development","shanghai municipal electric power company"
"dataworld_256","Kaggle_972335","0.22857142857142856","Brookfield Asset Management","qrx medical management"
"dataworld_982","Kaggle_2812473","0.22807017543859648","Fidelity National Information","adecco professional - information technology at portugal"
"dataworld_911","Kaggle_2076813","0.22727272727272727","PartnerRe","transtech partners, llc"
"dataworld_121","Kaggle_292949","0.22641509433962265","Shanghai Pudong Development","shanxi luan environmental energy development co., ltd."
"dataworld_800","Kaggle_5619495","0.22580645161290322","Hanwha Life Insurance","horace mann insurance co."
"dataworld_2","Kaggle_1953939","0.22535211267605634","China Construction Bank","china construction eighth engineering division corporation limited (dubai branch)"
"dataworld_1221","Kaggle_3116712","0.225","Jacobs Engineering","internext engineering solution pvt. ltd."
"dataworld_1181","Kaggle_449390","0.22448979591836735","Orascom Construction","industrial construction & engineering company (siac)"
"dataworld_256","Kaggle_6975454","0.22413793103448276","Brookfield Asset Management","asset management independent financial advisers limited"
"dataworld_1918","Kaggle_798788","0.2222222222222222","Health Net","delta healthcare"
"dataworld_270","Kaggle_1953939","0.22077922077922077","China Communications Construction","china construction eighth engineering division corporation limited (dubai branch)"
"dataworld_769","Kaggle_211120","0.22033898305084745","Samsung Heavy Industries","mitsubishi heavy industries compressor international (mco-i)"
"dataworld_1724","Kaggle_4717495","0.22","Emirates Integrated Telecom","emirates international investments & real estate"
"dataworld_1759","Kaggle_3047685","0.21951219512195122","American Equity Investment","planis (planet investment services)"
"dataworld_706","Kaggle_4086569","0.21875","RSA Insurance Group","brogan insurance agency inc"
"dataworld_1892","Kaggle_1417545","0.21818181818181817","Commercial International Bank","international company for advanced systems (icas)"
"dataworld_1406","Kaggle_574769","0.21739130434782608","Avon Products","beelink productions"
"dataworld_470","Kaggle_5752040","0.21666666666666667","Public Service Enterprise","general enterprise management services international limited"
"dataworld_1095","Kaggle_6586784","0.21621621621621623","Industrial Alliance Insurance","aaa keystone insurance co"
"dataworld_1472","Kaggle_6572398","0.21568627450980393","Compal Electronics","international electronics and technical institute inc."
"dataworld_1477","Kaggle_718821","0.2153846153846154","China International Marine","??????????  china state construction international investments ltd."
"dataworld_1053","Kaggle_2838769","0.21428571428571427","Liberty Media","dq media"
"dataworld_667","Kaggle_4714635","0.21311475409836064","National Bank of Abu Dhabi","gavs information services llc (client: abu dhabi commercial bank)"
"dataworld_270","Kaggle_6721257","0.2127659574468085","China Communications Construction","west coast drywall construction, inc."
"dataworld_80","Kaggle_4172225","0.21212121212121213","Ping An Insurance Group","gisc insurance agency, inc."
"dataworld_992","Kaggle_5174359","0.21153846153846154","Shanghai International Port","shanghai listen information technology coltd"
"dataworld_1263","Kaggle_1305172","0.21052631578947367","MediaTek","mediafleet limited"
"dataworld_601","Kaggle_1127141","0.20967741935483872","Hartford Financial Services","innovative wealth solutions -financial and insurance services"
"dataworld_1329","Kaggle_1689832","0.20930232558139536","Samsung Engineering","progressive engineering consultants inc"
"dataworld_1159","Kaggle_2658903","0.20833333333333334","Arch Capital Group","blue rock capital"
"dataworld_1744","Kaggle_1354649","0.20754716981132076","Hokuriku Electric Power","tokyo electric power company holdings, incorporated"
"dataworld_1378","Kaggle_4635930","0.20689655172413793","Rural Electrification","holders electrical"
"dataworld_2","Kaggle_718821","0.20634920634920634","China Construction Bank","??????????  china state construction international investments ltd."
"dataworld_80","Kaggle_3415311","0.20588235294117646","Ping An Insurance Group","insurance plans agency, inc."
"dataworld_1916","Kaggle_6579364","0.20512820512820512","Two Harbors Investment","dunn & horne investment properties"
"dataworld_121","Kaggle_5544175","0.20454545454545456","Shanghai Pudong Development","weaver website design & development"
"dataworld_556","Kaggle_1439241","0.20408163265306123","Veolia Environment","international aerospace environmental group (iaeg)"
"dataworld_1799","Kaggle_4637423","0.2037037037037037","Shanxi Lu'an Environmental","providence environmental concepts and services llc"
"dataworld_1477","Kaggle_6894546","0.2033898305084746","China International Marine","lockheed martin (contracted through garton international)"
"dataworld_270","Kaggle_718821","0.2028985507246377","China Communications Construction","??????????  china state construction international investments ltd."
"dataworld_1383","Kaggle_2719034","0.2","Alliance Data Systems","utl systems inc."
