"dbpedia_3319","Forbes443","1.0"
"dbpedia_760","Forbes1586","0.5611111111111111"
"dbpedia_692","Forbes234","1.0"
"dbpedia_865","Forbes548","0.6181818181818182"
"dbpedia_4213","Forbes1077","0.7386363636363636"
"dbpedia_3348","Forbes210","0.6277777777777778"
"dbpedia_3241","Forbes1387","0.6363636363636364"
"dbpedia_4212","Forbes1077","1.0"
"dbpedia_3240","Forbes1387","0.6363636363636364"
"dbpedia_3446","Forbes311","0.54375"
"dbpedia_3542","Forbes546","1.0"
"dbpedia_581","Forbes1275","1.0"
"dbpedia_289","Forbes9","0.5982142857142857"
"dbpedia_2845","Forbes1193","0.55"
"dbpedia_4575","Forbes156","0.5357142857142857"
"dbpedia_4576","Forbes156","0.6333333333333333"
"dbpedia_2844","Forbes1193","0.55"
"dbpedia_1850","Forbes594","0.5625"
"dbpedia_2849","Forbes1193","0.6547619047619049"
"dbpedia_3773","Forbes771","1.0"
"dbpedia_1884","Forbes492","1.0"
"dbpedia_2847","Forbes1193","1.0"
"dbpedia_2492","Forbes1551","1.0"
"dbpedia_2848","Forbes1193","0.6547619047619049"
"dbpedia_2036","Forbes438","0.5833333333333334"
"dbpedia_3321","Forbes1479","0.5"
"dbpedia_2035","Forbes438","1.0"
"dbpedia_2849","Forbes1062","0.537878787878788"
"dbpedia_3772","Forbes771","1.0"
"dbpedia_2848","Forbes1062","0.537878787878788"
"dbpedia_2847","Forbes1062","0.542483660130719"
"dbpedia_768","Forbes1220","0.5"
"dbpedia_1485","Forbes920","0.7638888888888888"
"dbpedia_769","Forbes1220","0.5"
"dbpedia_4432","Forbes1290","1.0"
"dbpedia_4433","Forbes1290","1.0"
"dbpedia_3111","Forbes1009","1.0"
"dbpedia_2179","Forbes445","0.6594202898550725"
"dbpedia_890","Forbes1466","1.0"
"dbpedia_150","Forbes1948","0.5"
"dbpedia_180","Forbes1845","1.0"
"dbpedia_3611","Forbes735","1.0"
"dbpedia_4492","Forbes1941","1.0"
"dbpedia_2813","Forbes19","0.5606060606060607"
"dbpedia_94","Forbes692","1.0"
"dbpedia_2814","Forbes19","0.5"
"dbpedia_879","Forbes303","1.0"
"dbpedia_4054","Forbes1891","0.5714285714285714"
"dbpedia_4053","Forbes1891","0.5714285714285714"
"dbpedia_2373","Forbes645","0.55"
"dbpedia_4056","Forbes1891","1.0"
"dbpedia_4055","Forbes1891","1.0"
"dbpedia_1127","Forbes808","1.0"
"dbpedia_4272","Forbes707","1.0"
"dbpedia_903","Forbes980","0.5833333333333334"
"dbpedia_2450","Forbes746","0.5975877192982456"
"dbpedia_904","Forbes980","0.5583333333333333"
"dbpedia_1996","Forbes1496","0.5625"
"dbpedia_1999","Forbes1496","0.5416666666666666"
"dbpedia_905","Forbes980","0.5583333333333333"
"dbpedia_2852","Forbes1062","0.542483660130719"
"dbpedia_1894","Forbes492","0.5"
"dbpedia_2451","Forbes746","0.5975877192982456"
"dbpedia_2703","Forbes137","1.0"
"dbpedia_3704","Forbes1876","0.5583333333333333"
"dbpedia_2108","Forbes527","0.5416666666666667"
"dbpedia_2704","Forbes137","1.0"
"dbpedia_3839","Forbes725","1.0"
"dbpedia_110","Forbes1196","0.5107142857142857"
"dbpedia_2786","Forbes931","0.6139162561576355"
"dbpedia_3264","Forbes1284","0.5038461538461538"
"dbpedia_821","Forbes1663","0.6075514874141876"
"dbpedia_2863","Forbes90","0.6309523809523809"
"dbpedia_921","Forbes872","0.5742753623188406"
"dbpedia_2850","Forbes1193","0.5131578947368421"
"dbpedia_922","Forbes872","0.5742753623188406"
"dbpedia_230","Forbes1183","1.0"
"dbpedia_2180","Forbes445","1.0"
"dbpedia_4140","Forbes960","1.0"
"dbpedia_758","Forbes1598","0.5"
"dbpedia_2053","Forbes312","0.5610859728506787"
"dbpedia_4653","Forbes29","1.0"
"dbpedia_920","Forbes872","0.5742753623188406"
"dbpedia_759","Forbes1598","1.0"
"dbpedia_2808","Forbes19","0.5606060606060607"
"dbpedia_1171","Forbes1500","1.0"
"dbpedia_1172","Forbes1500","1.0"
"dbpedia_2851","Forbes1193","0.5131578947368421"
"dbpedia_923","Forbes872","0.5740740740740741"
"dbpedia_1170","Forbes1500","1.0"
"dbpedia_2057","Forbes312","1.0"
"dbpedia_902","Forbes980","0.5083333333333333"
"dbpedia_2852","Forbes1193","1.0"
"dbpedia_924","Forbes872","0.5221774193548387"
"dbpedia_3646","Forbes539","0.55"
"dbpedia_2106","Forbes797","1.0"
"dbpedia_4682","Forbes17","0.5192307692307692"
"dbpedia_2057","Forbes1451","0.5610859728506787"
"dbpedia_4681","Forbes17","0.5192307692307692"
"dbpedia_3647","Forbes539","0.55"
"dbpedia_3575","Forbes553","0.5"
"dbpedia_1793","Forbes49","1.0"
"dbpedia_1794","Forbes49","1.0"
"dbpedia_2053","Forbes1451","1.0"
"dbpedia_4422","Forbes10","0.5227272727272727"
"dbpedia_3352","Forbes1129","1.0"
"dbpedia_1181","Forbes767","0.6213450292397661"
"dbpedia_1850","Forbes699","1.0"
"dbpedia_3244","Forbes480","1.0"
"dbpedia_2976","Forbes186","0.5264423076923077"
"dbpedia_2975","Forbes186","0.5273109243697478"
"dbpedia_751","Forbes1226","1.0"
"dbpedia_4219","Forbes2000","1.0"
"dbpedia_4209","Forbes290","1.0"
"dbpedia_2977","Forbes186","0.5273109243697478"
"dbpedia_1165","Forbes705","1.0"
"dbpedia_4054","Forbes621","0.5714285714285714"
"dbpedia_4053","Forbes621","0.5714285714285714"
"dbpedia_4056","Forbes621","0.5436507936507936"
"dbpedia_4656","Forbes275","0.5277777777777778"
"dbpedia_4055","Forbes621","0.5436507936507936"
"dbpedia_4655","Forbes275","1.0"
"dbpedia_1818","Forbes652","1.0"
"dbpedia_4727","Forbes683","1.0"
"dbpedia_1819","Forbes652","1.0"
"dbpedia_3579","Forbes1202","1.0"
"dbpedia_447","Forbes51","1.0"
"dbpedia_446","Forbes51","1.0"
"dbpedia_855","Forbes651","0.55"
"dbpedia_1056","Forbes750","0.513986013986014"
"dbpedia_445","Forbes51","0.5"
"dbpedia_854","Forbes651","0.55"
"dbpedia_542","Forbes1004","1.0"
"dbpedia_444","Forbes51","0.5"
"dbpedia_443","Forbes51","0.5"
"dbpedia_442","Forbes51","0.5"
"dbpedia_1573","Forbes1081","0.5277777777777778"
"dbpedia_470","Forbes1152","1.0"
"dbpedia_757","Forbes577","0.5"
"dbpedia_1748","Forbes1260","1.0"
"dbpedia_1155","Forbes839","1.0"
"dbpedia_3738","Forbes882","1.0"
"dbpedia_1156","Forbes839","1.0"
"dbpedia_226","Forbes97","1.0"
"dbpedia_72","Forbes1682","1.0"
"dbpedia_1735","Forbes231","1.0"
"dbpedia_4724","Forbes1583","1.0"
"dbpedia_227","Forbes97","0.5166666666666666"
"dbpedia_4366","Forbes935","1.0"
"dbpedia_232","Forbes97","0.5"
"dbpedia_3182","Forbes1058","1.0"
"dbpedia_4363","Forbes935","1.0"
"dbpedia_224","Forbes247","0.5659722222222222"
"dbpedia_4349","Forbes1903","0.6333333333333333"
"dbpedia_3183","Forbes1058","0.5"
"dbpedia_4362","Forbes935","1.0"
"dbpedia_4365","Forbes935","1.0"
"dbpedia_3892","Forbes992","0.5140056022408963"
"dbpedia_4364","Forbes935","1.0"
"dbpedia_4346","Forbes1903","1.0"
"dbpedia_1575","Forbes1081","0.5277777777777778"
"dbpedia_460","Forbes390","1.0"
"dbpedia_2611","Forbes298","1.0"
"dbpedia_765","Forbes317","0.5"
"dbpedia_4370","Forbes1928","0.5"
"dbpedia_4371","Forbes1928","0.5"
"dbpedia_736","Forbes459","1.0"
"dbpedia_4372","Forbes1928","0.5"
"dbpedia_4608","Forbes1302","1.0"
"dbpedia_735","Forbes459","1.0"
"dbpedia_4373","Forbes1928","0.5"
"dbpedia_4609","Forbes1302","1.0"
"dbpedia_734","Forbes459","1.0"
"dbpedia_733","Forbes459","1.0"
"dbpedia_3586","Forbes1429","1.0"
"dbpedia_4520","Forbes1038","0.5358695652173913"
"dbpedia_2444","Forbes509","1.0"
"dbpedia_1169","Forbes1656","1.0"
"dbpedia_4378","Forbes1928","0.5"
"dbpedia_2173","Forbes1578","0.5982142857142857"
"dbpedia_4379","Forbes1928","0.5"
"dbpedia_4159","Forbes880","1.0"
"dbpedia_1250","Forbes196","1.0"
"dbpedia_2811","Forbes482","0.6804511278195489"
"dbpedia_4374","Forbes1928","0.5"
"dbpedia_876","Forbes1416","1.0"
"dbpedia_4375","Forbes1928","0.5"
"dbpedia_877","Forbes1416","1.0"
"dbpedia_4376","Forbes1928","0.5"
"dbpedia_160","Forbes1927","1.0"
"dbpedia_4377","Forbes1928","0.5"
"dbpedia_4163","Forbes880","0.5476190476190477"
"dbpedia_974","Forbes1321","1.0"
"dbpedia_3061","Forbes1831","1.0"
"dbpedia_432","Forbes1035","1.0"
"dbpedia_1248","Forbes196","0.5649038461538461"
"dbpedia_4161","Forbes880","0.5446428571428572"
"dbpedia_721","Forbes1227","1.0"
"dbpedia_4168","Forbes1528","1.0"
"dbpedia_720","Forbes1227","1.0"
"dbpedia_4162","Forbes880","0.5476190476190477"
"dbpedia_971","Forbes1321","1.0"
"dbpedia_276","Forbes155","0.6428571428571428"
"dbpedia_3062","Forbes1831","1.0"
"dbpedia_2106","Forbes1465","0.5"
"dbpedia_973","Forbes1321","1.0"
"dbpedia_972","Forbes1321","1.0"
"dbpedia_1582","Forbes1976","0.5630952380952381"
"dbpedia_4396","Forbes605","1.0"
"dbpedia_759","Forbes529","0.55"
"dbpedia_4395","Forbes605","1.0"
"dbpedia_4606","Forbes1302","1.0"
"dbpedia_4607","Forbes1302","1.0"
"dbpedia_3272","Forbes222","1.0"
"dbpedia_4160","Forbes880","0.5446428571428572"
"dbpedia_324","Forbes1362","0.8856209150326797"
"dbpedia_3505","Forbes856","1.0"
"dbpedia_4315","Forbes1946","1.0"
"dbpedia_4382","Forbes1928","0.5"
"dbpedia_745","Forbes525","0.5"
"dbpedia_4381","Forbes1928","0.5"
"dbpedia_4383","Forbes1928","0.5"
"dbpedia_1550","Forbes224","1.0"
"dbpedia_743","Forbes525","0.5833333333333334"
"dbpedia_795","Forbes1146","1.0"
"dbpedia_747","Forbes525","1.0"
"dbpedia_2690","Forbes1650","0.5"
"dbpedia_794","Forbes1146","0.5264423076923077"
"dbpedia_4380","Forbes1928","0.5"
"dbpedia_3207","Forbes256","0.5"
"dbpedia_1836","Forbes511","0.5166666666666666"
"dbpedia_3061","Forbes1705","0.6328671328671329"
"dbpedia_4118","Forbes1077","0.5277777777777778"
"dbpedia_3062","Forbes1705","0.6328671328671329"
"dbpedia_3829","Forbes864","0.6515151515151516"
"dbpedia_1134","Forbes1765","1.0"
"dbpedia_3829","Forbes995","1.0"
"dbpedia_3524","Forbes1463","1.0"
"dbpedia_1251","Forbes77","1.0"
"dbpedia_2304","Forbes890","1.0"
"dbpedia_3211","Forbes256","1.0"
"dbpedia_2195","Forbes121","1.0"
"dbpedia_906","Forbes1518","1.0"
"dbpedia_2196","Forbes121","1.0"
"dbpedia_1837","Forbes511","0.5166666666666666"
"dbpedia_3212","Forbes256","1.0"
"dbpedia_4090","Forbes1585","0.6428571428571428"
"dbpedia_3643","Forbes1581","0.5833333333333334"
"dbpedia_2531","Forbes1893","1.0"
"dbpedia_687","Forbes279","1.0"
"dbpedia_2689","Forbes1650","0.5"
"dbpedia_4046","Forbes621","0.5873015873015873"
"dbpedia_47","Forbes850","1.0"
"dbpedia_4788","Forbes1239","1.0"
"dbpedia_4045","Forbes621","0.5873015873015873"
"dbpedia_2255","Forbes1347","1.0"
"dbpedia_49","Forbes850","0.5"
"dbpedia_48","Forbes850","0.5"
"dbpedia_1506","Forbes13","1.0"
"dbpedia_3366","Forbes16","1.0"
"dbpedia_3570","Forbes512","1.0"
"dbpedia_937","Forbes1874","0.7416666666666667"
"dbpedia_602","Forbes569","1.0"
"dbpedia_1738","Forbes139","0.5833333333333334"
"dbpedia_1739","Forbes139","0.8660714285714286"
"dbpedia_4819","Forbes1201","1.0"
"dbpedia_3028","Forbes1368","0.5357142857142857"
"dbpedia_3332","Forbes399","1.0"
"dbpedia_1942","Forbes1587","1.0"
"dbpedia_4818","Forbes1201","0.617948717948718"
"dbpedia_3671","Forbes437","1.0"
"dbpedia_87","Forbes1464","0.5967261904761905"
"dbpedia_2488","Forbes833","1.0"
"dbpedia_1498","Forbes1063","1.0"
"dbpedia_981","Forbes551","1.0"
"dbpedia_4693","Forbes481","0.6742424242424243"
"dbpedia_3338","Forbes399","0.5151515151515151"
"dbpedia_799","Forbes266","0.5982142857142857"
"dbpedia_4709","Forbes796","1.0"
"dbpedia_919","Forbes872","0.5742753623188406"
"dbpedia_3025","Forbes1368","0.5"
"dbpedia_1740","Forbes41","1.0"
"dbpedia_223","Forbes343","0.5227272727272727"
"dbpedia_3637","Forbes830","1.0"
"dbpedia_3544","Forbes695","1.0"
"dbpedia_395","Forbes1809","1.0"
"dbpedia_394","Forbes1809","1.0"
"dbpedia_110","Forbes1955","1.0"
"dbpedia_2197","Forbes1042","1.0"
"dbpedia_393","Forbes1809","1.0"
"dbpedia_939","Forbes852","1.0"
"dbpedia_4526","Forbes1267","1.0"
"dbpedia_450","Forbes359","0.5833333333333334"
"dbpedia_4800","Forbes1224","1.0"
"dbpedia_1740","Forbes139","0.8660714285714286"
"dbpedia_1576","Forbes1976","0.5894736842105264"
"dbpedia_221","Forbes1377","1.0"
"dbpedia_3900","Forbes909","1.0"
"dbpedia_3078","Forbes95","0.5227272727272727"
"dbpedia_2068","Forbes43","1.0"
"dbpedia_3077","Forbes95","0.5227272727272727"
"dbpedia_3076","Forbes95","0.5227272727272727"
"dbpedia_3843","Forbes1506","1.0"
"dbpedia_745","Forbes671","0.5"
"dbpedia_1404","Forbes1135","1.0"
"dbpedia_126","Forbes6","1.0"
"dbpedia_3844","Forbes1506","1.0"
"dbpedia_127","Forbes6","1.0"
"dbpedia_3841","Forbes1506","0.5347222222222222"
"dbpedia_4156","Forbes1537","1.0"
"dbpedia_4494","Forbes80","1.0"
"dbpedia_124","Forbes6","1.0"
"dbpedia_3842","Forbes1506","0.5347222222222222"
"dbpedia_4155","Forbes1537","1.0"
"dbpedia_4495","Forbes80","1.0"
"dbpedia_125","Forbes6","1.0"
"dbpedia_420","Forbes27","1.0"
"dbpedia_337","Forbes1498","0.5416666666666667"
"dbpedia_4122","Forbes57","0.5833333333333334"
"dbpedia_3028","Forbes204","0.7857142857142858"
"dbpedia_356","Forbes1963","1.0"
"dbpedia_3692","Forbes406","0.5"
"dbpedia_2806","Forbes361","1.0"
"dbpedia_2123","Forbes1327","0.7136363636363636"
"dbpedia_310","Forbes1127","0.5771929824561404"
"dbpedia_3726","Forbes1876","0.5583333333333333"
"dbpedia_4717","Forbes661","0.7049689440993789"
"dbpedia_494","Forbes804","0.6181818181818182"
"dbpedia_4152","Forbes754","0.5515873015873016"
"dbpedia_4718","Forbes661","0.7049689440993789"
"dbpedia_1738","Forbes41","0.5643939393939393"
"dbpedia_1739","Forbes41","1.0"
"dbpedia_3545","Forbes553","0.5"
"dbpedia_193","Forbes1404","1.0"
"dbpedia_929","Forbes1594","0.5303030303030303"
"dbpedia_927","Forbes1594","0.5303030303030303"
"dbpedia_952","Forbes450","1.0"
"dbpedia_928","Forbes1594","0.5303030303030303"
"dbpedia_4258","Forbes148","1.0"
"dbpedia_4506","Forbes80","0.5"
"dbpedia_2614","Forbes497","1.0"
"dbpedia_4507","Forbes80","0.5"
"dbpedia_4259","Forbes148","1.0"
"dbpedia_3988","Forbes421","0.554945054945055"
"dbpedia_3987","Forbes556","0.6515151515151516"
"dbpedia_4508","Forbes80","0.5"
"dbpedia_3987","Forbes421","1.0"
"dbpedia_3988","Forbes556","0.5273109243697478"
"dbpedia_3727","Forbes554","0.6469230769230769"
"dbpedia_4509","Forbes80","0.5"
"dbpedia_4257","Forbes148","1.0"
"dbpedia_3989","Forbes421","0.5166666666666666"
"dbpedia_303","Forbes1919","0.6233766233766234"
"dbpedia_926","Forbes1594","0.5303030303030303"
"dbpedia_919","Forbes1432","1.0"
"dbpedia_65","Forbes822","0.5"
"dbpedia_897","Forbes1531","0.5208333333333334"
"dbpedia_1275","Forbes782","0.5277777777777778"
"dbpedia_4250","Forbes282","1.0"
"dbpedia_1274","Forbes782","0.5277777777777778"
"dbpedia_4658","Forbes919","0.7140522875816994"
"dbpedia_4260","Forbes148","1.0"
"dbpedia_1276","Forbes782","0.8819444444444444"
"dbpedia_1032","Forbes1699","0.542483660130719"
"dbpedia_916","Forbes670","0.5222222222222221"
"dbpedia_4152","Forbes1407","0.6150793650793651"
"dbpedia_4267","Forbes1559","1.0"
"dbpedia_1030","Forbes1699","0.6547619047619049"
"dbpedia_1611","Forbes64","0.5479166666666666"
"dbpedia_4266","Forbes1559","1.0"
"dbpedia_1359","Forbes1278","0.5166666666666666"
"dbpedia_2851","Forbes479","0.5331807780320366"
"dbpedia_1358","Forbes1278","0.5166666666666666"
"dbpedia_238","Forbes1498","1.0"
"dbpedia_2852","Forbes479","0.6125"
"dbpedia_4049","Forbes413","0.5833333333333334"
"dbpedia_1838","Forbes1629","1.0"
"dbpedia_2852","Forbes478","1.0"
"dbpedia_2789","Forbes288","0.5"
"dbpedia_2851","Forbes478","0.5131578947368421"
"dbpedia_899","Forbes628","0.5367965367965368"
"dbpedia_2714","Forbes467","1.0"
"dbpedia_4122","Forbes1037","1.0"
"dbpedia_2850","Forbes478","0.5131578947368421"
"dbpedia_668","Forbes1064","1.0"
"dbpedia_4048","Forbes413","0.5833333333333334"
"dbpedia_2850","Forbes479","0.5331807780320366"
"dbpedia_4047","Forbes413","0.5833333333333334"
"dbpedia_3470","Forbes170","1.0"
"dbpedia_732","Forbes974","1.0"
"dbpedia_4359","Forbes1017","1.0"
"dbpedia_4358","Forbes1017","1.0"
"dbpedia_933","Forbes1594","0.5303030303030303"
"dbpedia_931","Forbes1594","0.5303030303030303"
"dbpedia_932","Forbes1594","0.5303030303030303"
"dbpedia_1022","Forbes1430","1.0"
"dbpedia_3438","Forbes731","1.0"
"dbpedia_3728","Forbes697","0.5224358974358974"
"dbpedia_1029","Forbes1699","0.6547619047619049"
"dbpedia_2180","Forbes1798","0.5919540229885059"
"dbpedia_3725","Forbes697","1.0"
"dbpedia_1761","Forbes195","1.0"
"dbpedia_3730","Forbes697","0.6227272727272727"
"dbpedia_509","Forbes1507","1.0"
"dbpedia_2847","Forbes479","0.6125"
"dbpedia_3854","Forbes1458","1.0"
"dbpedia_2849","Forbes478","0.6547619047619049"
"dbpedia_2848","Forbes479","0.56875"
"dbpedia_3550","Forbes1894","0.5553359683794467"
"dbpedia_2848","Forbes478","0.6547619047619049"
"dbpedia_2849","Forbes479","0.56875"
"dbpedia_2847","Forbes478","1.0"
"dbpedia_357","Forbes1104","1.0"
"dbpedia_4622","Forbes162","0.6904761904761905"
"dbpedia_2190","Forbes1055","0.5151515151515151"
"dbpedia_930","Forbes1594","0.5303030303030303"
"dbpedia_233","Forbes343","1.0"
"dbpedia_4576","Forbes211","1.0"
"dbpedia_2845","Forbes478","0.55"
"dbpedia_2844","Forbes478","0.55"
"dbpedia_2179","Forbes1798","0.7207792207792207"
"dbpedia_4265","Forbes1672","1.0"
"dbpedia_3412","Forbes1756","1.0"
"dbpedia_3413","Forbes1756","0.5"
"dbpedia_2487","Forbes574","1.0"
"dbpedia_2150","Forbes742","0.6035087719298246"
"dbpedia_2673","Forbes410","0.5"
"dbpedia_3343","Forbes181","1.0"
"dbpedia_2672","Forbes410","0.5833333333333334"
"dbpedia_3342","Forbes181","1.0"
"dbpedia_2671","Forbes410","1.0"
"dbpedia_3103","Forbes297","0.5684615384615385"
"dbpedia_2055","Forbes616","1.0"
"dbpedia_3102","Forbes297","1.0"
"dbpedia_2054","Forbes616","1.0"
"dbpedia_3626","Forbes1337","1.0"
"dbpedia_1941","Forbes835","1.0"
"dbpedia_4083","Forbes305","1.0"
"dbpedia_242","Forbes1127","0.6150793650793651"
"dbpedia_4357","Forbes1173","0.5416666666666666"
"dbpedia_761","Forbes1788","0.5"
"dbpedia_3092","Forbes284","1.0"
"dbpedia_4410","Forbes945","0.5643939393939393"
"dbpedia_1006","Forbes1443","0.5410256410256411"
"dbpedia_1906","Forbes1326","1.0"
"dbpedia_16","Forbes444","0.5"
"dbpedia_1875","Forbes1910","0.788888888888889"
"dbpedia_2647","Forbes1020","1.0"
"dbpedia_2646","Forbes1020","1.0"
"dbpedia_3837","Forbes1684","1.0"
"dbpedia_3834","Forbes1684","0.5"
"dbpedia_2353","Forbes567","0.5"
"dbpedia_2230","Forbes711","1.0"
"dbpedia_3835","Forbes1684","0.5"
"dbpedia_3398","Forbes1821","0.6833333333333333"
"dbpedia_937","Forbes329","1.0"
"dbpedia_3397","Forbes1821","0.6833333333333333"
"dbpedia_3760","Forbes432","0.6887351778656126"
"dbpedia_2199","Forbes1085","0.6375"
"dbpedia_2859","Forbes1382","1.0"
"dbpedia_2448","Forbes789","0.5"
"dbpedia_1143","Forbes1311","1.0"
"dbpedia_2737","Forbes482","0.6204481792717087"
"dbpedia_2041","Forbes749","1.0"
"dbpedia_2736","Forbes482","0.6204481792717087"
"dbpedia_4354","Forbes144","1.0"
"dbpedia_3575","Forbes1625","0.55"
"dbpedia_3918","Forbes39","1.0"
"dbpedia_3719","Forbes777","0.5277777777777778"
"dbpedia_4402","Forbes817","1.0"
"dbpedia_4539","Forbes1833","1.0"
"dbpedia_792","Forbes193","0.6594202898550725"
"dbpedia_2907","Forbes1184","1.0"
"dbpedia_2489","Forbes691","1.0"
"dbpedia_203","Forbes1093","0.5833333333333334"
"dbpedia_202","Forbes1093","1.0"
"dbpedia_3176","Forbes1395","1.0"
"dbpedia_3677","Forbes824","1.0"
"dbpedia_3243","Forbes299","1.0"
"dbpedia_1129","Forbes245","0.5833333333333334"
"dbpedia_1236","Forbes260","0.5625"
"dbpedia_4630","Forbes173","0.5357142857142857"
"dbpedia_952","Forbes1331","0.7431818181818182"
"dbpedia_1953","Forbes766","0.5777777777777777"
"dbpedia_1235","Forbes260","0.5625"
"dbpedia_3852","Forbes1219","1.0"
"dbpedia_1522","Forbes941","1.0"
"dbpedia_4006","Forbes1437","1.0"
"dbpedia_754","Forbes1531","0.6073529411764705"
"dbpedia_1523","Forbes941","0.5643939393939393"
"dbpedia_4053","Forbes324","0.6515151515151516"
"dbpedia_3853","Forbes1219","1.0"
"dbpedia_4054","Forbes324","0.6515151515151516"
"dbpedia_3791","Forbes832","1.0"
"dbpedia_4055","Forbes324","0.554945054945055"
"dbpedia_1464","Forbes1376","1.0"
"dbpedia_4632","Forbes173","0.5"
"dbpedia_4056","Forbes324","0.554945054945055"
"dbpedia_3555","Forbes1787","1.0"
"dbpedia_1528","Forbes941","0.5643939393939393"
"dbpedia_1144","Forbes662","0.6458333333333334"
"dbpedia_3348","Forbes181","0.5"
"dbpedia_1524","Forbes941","0.5643939393939393"
"dbpedia_388","Forbes1246","0.5038461538461538"
"dbpedia_4065","Forbes572","0.8452380952380953"
"dbpedia_1525","Forbes941","0.5643939393939393"
"dbpedia_178","Forbes242","0.5785024154589372"
"dbpedia_899","Forbes619","0.5630952380952381"
"dbpedia_1526","Forbes941","0.5643939393939393"
"dbpedia_599","Forbes3","1.0"
"dbpedia_1527","Forbes941","0.5643939393939393"
"dbpedia_1357","Forbes217","0.7049689440993789"
"dbpedia_2789","Forbes100","0.5"
"dbpedia_4159","Forbes1483","0.5446428571428572"
"dbpedia_3674","Forbes1658","1.0"
"dbpedia_652","Forbes1610","0.7638888888888888"
"dbpedia_3160","Forbes246","1.0"
"dbpedia_1978","Forbes1885","0.7453703703703703"
"dbpedia_1979","Forbes1885","0.7453703703703703"
"dbpedia_2541","Forbes690","1.0"
"dbpedia_2540","Forbes690","1.0"
"dbpedia_3728","Forbes1417","0.5059523809523809"
"dbpedia_1001","Forbes1598","0.55"
"dbpedia_1003","Forbes1598","0.55"
"dbpedia_3639","Forbes1436","0.5416666666666667"
"dbpedia_1004","Forbes1598","0.55"
"dbpedia_3725","Forbes1417","0.6227272727272727"
"dbpedia_4499","Forbes1364","1.0"
"dbpedia_1002","Forbes1598","0.55"
"dbpedia_1884","Forbes1836","0.6000000000000001"
"dbpedia_1049","Forbes519","1.0"
"dbpedia_3310","Forbes1620","1.0"
"dbpedia_1303","Forbes1289","1.0"
"dbpedia_3800","Forbes1256","1.0"
"dbpedia_3801","Forbes1256","0.5643939393939393"
"dbpedia_3311","Forbes1620","1.0"
"dbpedia_1467","Forbes1032","0.5833333333333334"
"dbpedia_3730","Forbes1417","0.8500000000000001"
"dbpedia_2464","Forbes526","1.0"
"dbpedia_224","Forbes97","0.5277777777777778"
"dbpedia_4719","Forbes964","1.0"
"dbpedia_3619","Forbes1579","0.5151515151515151"
"dbpedia_1057","Forbes1541","1.0"
"dbpedia_4160","Forbes1483","1.0"
"dbpedia_232","Forbes247","0.5479166666666666"
"dbpedia_4045","Forbes324","0.5993589743589745"
"dbpedia_4162","Forbes1483","0.6428571428571428"
"dbpedia_4046","Forbes324","0.5993589743589745"
"dbpedia_4161","Forbes1483","1.0"
"dbpedia_4163","Forbes1483","0.6428571428571428"
"dbpedia_3566","Forbes709","1.0"
"dbpedia_2465","Forbes526","1.0"
"dbpedia_3291","Forbes381","1.0"
"dbpedia_2539","Forbes690","1.0"
"dbpedia_3290","Forbes381","1.0"
"dbpedia_2538","Forbes690","1.0"
"dbpedia_534","Forbes8","1.0"
"dbpedia_190","Forbes557","0.5"
"dbpedia_1309","Forbes260","0.53125"
"dbpedia_2418","Forbes427","1.0"
"dbpedia_1493","Forbes237","0.5833333333333334"
"dbpedia_535","Forbes8","1.0"
"dbpedia_536","Forbes8","1.0"
"dbpedia_1988","Forbes1885","0.7453703703703703"
"dbpedia_1989","Forbes1885","0.7453703703703703"
"dbpedia_530","Forbes8","1.0"
"dbpedia_3142","Forbes1071","1.0"
"dbpedia_532","Forbes8","1.0"
"dbpedia_1313","Forbes113","0.7083333333333333"
"dbpedia_531","Forbes8","1.0"
"dbpedia_2646","Forbes497","0.5833333333333334"
"dbpedia_533","Forbes8","1.0"
"dbpedia_1314","Forbes113","0.7083333333333333"
"dbpedia_2647","Forbes497","0.5833333333333334"
"dbpedia_4389","Forbes227","0.5"
"dbpedia_3171","Forbes1153","1.0"
"dbpedia_1287","Forbes590","0.5083333333333333"
"dbpedia_2228","Forbes1442","0.55"
"dbpedia_4388","Forbes227","0.5"
"dbpedia_215","Forbes83","0.6794871794871795"
"dbpedia_1286","Forbes590","1.0"
"dbpedia_1768","Forbes1966","1.0"
"dbpedia_3043","Forbes249","0.5357142857142857"
"dbpedia_1894","Forbes1836","0.5595238095238095"
"dbpedia_4600","Forbes973","0.5416666666666667"
"dbpedia_1765","Forbes1966","1.0"
"dbpedia_2857","Forbes384","1.0"
"dbpedia_1238","Forbes233","1.0"
"dbpedia_192","Forbes557","1.0"
"dbpedia_1767","Forbes1966","1.0"
"dbpedia_1267","Forbes1329","0.7140522875816994"
"dbpedia_556","Forbes944","1.0"
"dbpedia_3886","Forbes530","1.0"
"dbpedia_1766","Forbes1966","1.0"
"dbpedia_3649","Forbes1633","0.5"
"dbpedia_4544","Forbes159","1.0"
"dbpedia_2754","Forbes215","1.0"
"dbpedia_1498","Forbes1122","0.525"
"dbpedia_1322","Forbes154","1.0"
"dbpedia_937","Forbes775","0.6638755980861244"
"dbpedia_227","Forbes395","0.5"
"dbpedia_3787","Forbes1638","0.5"
"dbpedia_3758","Forbes539","1.0"
"dbpedia_1984","Forbes1885","0.7453703703703703"
"dbpedia_2358","Forbes798","1.0"
"dbpedia_3612","Forbes778","1.0"
"dbpedia_1985","Forbes1885","0.7453703703703703"
"dbpedia_2723","Forbes379","0.5"
"dbpedia_396","Forbes1174","1.0"
"dbpedia_1986","Forbes1885","0.7453703703703703"
"dbpedia_1099","Forbes1779","1.0"
"dbpedia_1987","Forbes1885","0.7453703703703703"
"dbpedia_2359","Forbes798","1.0"
"dbpedia_2811","Forbes1904","1.0"
"dbpedia_1980","Forbes1885","0.7453703703703703"
"dbpedia_1981","Forbes1885","0.7453703703703703"
"dbpedia_1982","Forbes1885","0.7453703703703703"
"dbpedia_1983","Forbes1885","0.7453703703703703"
"dbpedia_1178","Forbes1311","0.5235294117647058"
"dbpedia_550","Forbes1815","1.0"
"dbpedia_1179","Forbes1311","0.5235294117647058"
"dbpedia_2659","Forbes344","1.0"
"dbpedia_3450","Forbes966","1.0"
"dbpedia_2406","Forbes1481","0.5069444444444444"
"dbpedia_4220","Forbes227","0.5"
"dbpedia_1098","Forbes761","1.0"
"dbpedia_1177","Forbes1311","0.5235294117647058"
"dbpedia_3943","Forbes449","1.0"
"dbpedia_2849","Forbes30","0.5980392156862746"
"dbpedia_2226","Forbes1673","1.0"
"dbpedia_3942","Forbes449","1.0"
"dbpedia_2848","Forbes30","0.5980392156862746"
"dbpedia_1037","Forbes1586","0.5342261904761905"
"dbpedia_3945","Forbes449","1.0"
"dbpedia_2847","Forbes30","0.7596153846153846"
"dbpedia_3548","Forbes1894","0.5520361990950227"
"dbpedia_3944","Forbes449","1.0"
"dbpedia_3549","Forbes1894","0.5520361990950227"
"dbpedia_2437","Forbes1338","1.0"
"dbpedia_3456","Forbes966","0.5336538461538461"
"dbpedia_3941","Forbes449","0.5"
"dbpedia_2436","Forbes1338","1.0"
"dbpedia_3793","Forbes1770","0.8090909090909091"
"dbpedia_3292","Forbes1178","1.0"
"dbpedia_2199","Forbes1834","1.0"
"dbpedia_2850","Forbes1165","1.0"
"dbpedia_2311","Forbes302","1.0"
"dbpedia_843","Forbes503","0.7774725274725275"
"dbpedia_2851","Forbes1165","1.0"
"dbpedia_2852","Forbes1165","0.5131578947368421"
"dbpedia_844","Forbes503","0.7774725274725275"
"dbpedia_4487","Forbes351","1.0"
"dbpedia_711","Forbes638","1.0"
"dbpedia_2906","Forbes1953","1.0"
"dbpedia_764","Forbes985","1.0"
"dbpedia_2369","Forbes881","1.0"
"dbpedia_1850","Forbes706","0.5659722222222222"
"dbpedia_4207","Forbes377","1.0"
"dbpedia_1996","Forbes1841","1.0"
"dbpedia_2852","Forbes278","0.542483660130719"
"dbpedia_2731","Forbes379","1.0"
"dbpedia_2732","Forbes379","1.0"
"dbpedia_921","Forbes1432","1.0"
"dbpedia_2059","Forbes825","1.0"
"dbpedia_922","Forbes1432","1.0"
"dbpedia_392","Forbes1288","1.0"
"dbpedia_3503","Forbes1556","1.0"
"dbpedia_915","Forbes1594","0.525062656641604"
"dbpedia_2852","Forbes30","0.7596153846153846"
"dbpedia_920","Forbes1432","1.0"
"dbpedia_298","Forbes1236","1.0"
"dbpedia_2920","Forbes1915","0.5606060606060607"
"dbpedia_3990","Forbes535","0.7673160173160173"
"dbpedia_2371","Forbes881","1.0"
"dbpedia_299","Forbes1236","1.0"
"dbpedia_2372","Forbes881","1.0"
"dbpedia_1907","Forbes1685","1.0"
"dbpedia_3992","Forbes535","0.7673160173160173"
"dbpedia_923","Forbes1432","0.7712418300653594"
"dbpedia_3919","Forbes1264","1.0"
"dbpedia_1908","Forbes1685","1.0"
"dbpedia_3730","Forbes1696","0.5059523809523809"
"dbpedia_3991","Forbes535","0.7673160173160173"
"dbpedia_2370","Forbes881","1.0"
"dbpedia_924","Forbes1432","0.6277056277056277"
"dbpedia_4538","Forbes87","0.6428571428571428"
"dbpedia_281","Forbes1133","0.5476190476190477"
"dbpedia_896","Forbes1978","0.7019927536231884"
"dbpedia_1100","Forbes491","1.0"
"dbpedia_4008","Forbes456","1.0"
"dbpedia_390","Forbes1288","1.0"
"dbpedia_391","Forbes1288","1.0"
"dbpedia_1624","Forbes1091","0.8452380952380953"
"dbpedia_1625","Forbes1091","0.5595238095238095"
"dbpedia_239","Forbes131","1.0"
"dbpedia_1737","Forbes946","0.55"
"dbpedia_4542","Forbes87","1.0"
"dbpedia_1736","Forbes946","0.55"
"dbpedia_3588","Forbes959","1.0"
"dbpedia_2614","Forbes1020","0.5833333333333334"
"dbpedia_61","Forbes635","0.5982142857142857"
"dbpedia_2514","Forbes483","1.0"
"dbpedia_1220","Forbes233","0.5"
"dbpedia_1157","Forbes434","1.0"
"dbpedia_208","Forbes177","1.0"
"dbpedia_4050","Forbes413","0.5782967032967032"
"dbpedia_240","Forbes131","1.0"
"dbpedia_2849","Forbes278","0.5101010101010102"
"dbpedia_4052","Forbes413","1.0"
"dbpedia_2203","Forbes402","1.0"
"dbpedia_2848","Forbes278","0.5101010101010102"
"dbpedia_4051","Forbes413","0.5782967032967032"
"dbpedia_1858","Forbes958","1.0"
"dbpedia_2847","Forbes278","0.542483660130719"
"dbpedia_3307","Forbes1620","1.0"
"dbpedia_3308","Forbes1620","1.0"
"dbpedia_3725","Forbes1696","0.5224358974358974"
"dbpedia_841","Forbes1663","1.0"
"dbpedia_2163","Forbes978","1.0"
"dbpedia_1158","Forbes434","1.0"
"dbpedia_3855","Forbes1561","1.0"
"dbpedia_389","Forbes1288","1.0"
"dbpedia_2162","Forbes978","1.0"
"dbpedia_2515","Forbes483","0.5894736842105264"
"dbpedia_4119","Forbes1105","0.5833333333333334"
"dbpedia_3728","Forbes1696","1.0"
"dbpedia_2849","Forbes1165","0.511441647597254"
"dbpedia_4153","Forbes1483","0.5238095238095238"
"dbpedia_1096","Forbes1663","0.5211111111111111"
"dbpedia_3309","Forbes1620","1.0"
"dbpedia_2847","Forbes1165","0.5131578947368421"
"dbpedia_1180","Forbes1311","0.5235294117647058"
"dbpedia_2848","Forbes1165","0.511441647597254"
"dbpedia_819","Forbes270","0.7136363636363636"
"dbpedia_3023","Forbes1514","1.0"
"dbpedia_3024","Forbes1514","1.0"
"dbpedia_2348","Forbes141","1.0"
"dbpedia_931","Forbes22","1.0"
"dbpedia_546","Forbes1984","1.0"
"dbpedia_932","Forbes22","1.0"
"dbpedia_933","Forbes22","1.0"
"dbpedia_2646","Forbes571","0.5"
"dbpedia_4214","Forbes673","1.0"
"dbpedia_2647","Forbes571","0.5"
"dbpedia_818","Forbes270","0.7136363636363636"
"dbpedia_802","Forbes128","0.5476190476190477"
"dbpedia_4570","Forbes646","1.0"
"dbpedia_2358","Forbes1292","0.5833333333333334"
"dbpedia_4346","Forbes1691","1.0"
"dbpedia_4349","Forbes1691","0.6333333333333333"
"dbpedia_4273","Forbes1107","0.5643939393939393"
"dbpedia_1033","Forbes1253","1.0"
"dbpedia_2359","Forbes1292","0.5833333333333334"
"dbpedia_3052","Forbes1310","1.0"
"dbpedia_3355","Forbes1849","1.0"
"dbpedia_804","Forbes128","1.0"
"dbpedia_1108","Forbes1359","1.0"
"dbpedia_768","Forbes806","1.0"
"dbpedia_769","Forbes806","0.5"
"dbpedia_806","Forbes128","0.5461538461538462"
"dbpedia_3406","Forbes1926","1.0"
"dbpedia_1329","Forbes1446","1.0"
"dbpedia_1050","Forbes391","0.6568627450980393"
"dbpedia_345","Forbes1783","1.0"
"dbpedia_930","Forbes22","1.0"
"dbpedia_1051","Forbes391","0.6746031746031746"
"dbpedia_4807","Forbes1053","1.0"
"dbpedia_2459","Forbes117","0.5753676470588236"
"dbpedia_4806","Forbes1053","1.0"
"dbpedia_303","Forbes970","1.0"
"dbpedia_360","Forbes528","1.0"
"dbpedia_4165","Forbes1252","1.0"
"dbpedia_2416","Forbes337","1.0"
"dbpedia_4166","Forbes1252","1.0"
"dbpedia_1016","Forbes472","1.0"
"dbpedia_926","Forbes22","1.0"
"dbpedia_3025","Forbes1529","0.55"
"dbpedia_937","Forbes1029","0.7712418300653594"
"dbpedia_3244","Forbes717","0.5"
"dbpedia_2277","Forbes1090","1.0"
"dbpedia_3416","Forbes1924","0.6833333333333333"
"dbpedia_2276","Forbes1090","1.0"
"dbpedia_158","Forbes1330","1.0"
"dbpedia_893","Forbes1822","1.0"
"dbpedia_159","Forbes1330","0.7"
"dbpedia_1346","Forbes431","0.5"
"dbpedia_927","Forbes22","1.0"
"dbpedia_3647","Forbes178","0.5"
"dbpedia_3727","Forbes253","0.5794871794871794"
"dbpedia_928","Forbes22","1.0"
"dbpedia_929","Forbes22","1.0"
"dbpedia_3645","Forbes178","1.0"
"dbpedia_3729","Forbes253","1.0"
"dbpedia_1505","Forbes1879","1.0"
"dbpedia_3646","Forbes178","0.5"
"dbpedia_1248","Forbes441","0.5993589743589745"
"dbpedia_329","Forbes602","1.0"
"dbpedia_1335","Forbes407","1.0"
"dbpedia_3679","Forbes1084","1.0"
"dbpedia_2860","Forbes545","0.5625"
"dbpedia_1169","Forbes229","0.5357142857142857"
"dbpedia_3676","Forbes1084","0.5833333333333334"
"dbpedia_4060","Forbes1023","1.0"
"dbpedia_1250","Forbes441","0.6515151515151516"
"dbpedia_3072","Forbes1324","1.0"
"dbpedia_1251","Forbes441","0.5166666666666666"
"dbpedia_812","Forbes281","1.0"
"dbpedia_4726","Forbes1959","0.5446428571428572"
"dbpedia_4424","Forbes764","1.0"
"dbpedia_4725","Forbes1959","0.5446428571428572"
"dbpedia_820","Forbes270","0.7136363636363636"
"dbpedia_3015","Forbes1648","0.5208333333333333"
"dbpedia_1455","Forbes1439","0.5238095238095238"
"dbpedia_1038","Forbes486","0.6833333333333333"
"dbpedia_3001","Forbes1648","0.5116666666666666"
"dbpedia_522","Forbes8","1.0"
"dbpedia_3846","Forbes474","1.0"
"dbpedia_523","Forbes8","1.0"
"dbpedia_227","Forbes403","1.0"
"dbpedia_524","Forbes8","1.0"
"dbpedia_226","Forbes403","0.5166666666666666"
"dbpedia_525","Forbes8","1.0"
"dbpedia_1615","Forbes851","1.0"
"dbpedia_521","Forbes8","1.0"
"dbpedia_723","Forbes1060","1.0"
"dbpedia_1946","Forbes171","1.0"
"dbpedia_3193","Forbes1405","1.0"
"dbpedia_4079","Forbes1154","0.53125"
"dbpedia_4078","Forbes1023","0.5252525252525253"
"dbpedia_526","Forbes8","1.0"
"dbpedia_527","Forbes8","1.0"
"dbpedia_528","Forbes8","1.0"
"dbpedia_280","Forbes1476","1.0"
"dbpedia_4269","Forbes485","1.0"
"dbpedia_529","Forbes8","1.0"
"dbpedia_3845","Forbes474","1.0"
"dbpedia_912","Forbes347","0.5333333333333334"
"dbpedia_1990","Forbes1885","0.7453703703703703"
"dbpedia_1991","Forbes1885","0.7453703703703703"
"dbpedia_3608","Forbes44","0.5303030303030303"
"dbpedia_2878","Forbes654","0.5996732026143792"
"dbpedia_4037","Forbes333","1.0"
"dbpedia_2852","Forbes545","0.5"
"dbpedia_2877","Forbes654","0.5996732026143792"
"dbpedia_2876","Forbes654","0.5996732026143792"
"dbpedia_3871","Forbes50","1.0"
"dbpedia_2978","Forbes660","0.5125"
"dbpedia_1945","Forbes1188","1.0"
"dbpedia_4496","Forbes1212","0.5"
"dbpedia_2450","Forbes138","1.0"
"dbpedia_231","Forbes403","0.6515151515151516"
"dbpedia_2451","Forbes138","1.0"
"dbpedia_1831","Forbes1960","1.0"
"dbpedia_1992","Forbes1885","0.7453703703703703"
"dbpedia_1832","Forbes1960","1.0"
"dbpedia_330","Forbes602","1.0"
"dbpedia_1993","Forbes1885","0.7453703703703703"
"dbpedia_1994","Forbes1885","0.7453703703703703"
"dbpedia_1455","Forbes1426","1.0"
"dbpedia_1995","Forbes1885","0.7453703703703703"
"dbpedia_232","Forbes403","0.8819444444444444"
"dbpedia_2874","Forbes1689","1.0"
"dbpedia_515","Forbes924","0.5028409090909091"
"dbpedia_920","Forbes42","1.0"
"dbpedia_2875","Forbes1689","1.0"
"dbpedia_921","Forbes42","1.0"
"dbpedia_982","Forbes72","0.6666666666666667"
"dbpedia_922","Forbes42","1.0"
"dbpedia_923","Forbes42","0.7712418300653594"
"dbpedia_924","Forbes42","0.6277056277056277"
"dbpedia_554","Forbes1988","1.0"
"dbpedia_2721","Forbes1577","0.5760869565217391"
"dbpedia_2476","Forbes1010","1.0"
"dbpedia_4404","Forbes1655","1.0"
"dbpedia_519","Forbes7","1.0"
"dbpedia_4403","Forbes1655","1.0"
"dbpedia_518","Forbes7","1.0"
"dbpedia_2720","Forbes1577","0.5760869565217391"
"dbpedia_510","Forbes924","1.0"
"dbpedia_665","Forbes1610","0.525"
"dbpedia_666","Forbes1610","0.525"
"dbpedia_517","Forbes7","1.0"
"dbpedia_4533","Forbes896","0.5555555555555556"
"dbpedia_174","Forbes1464","0.5666666666666667"
"dbpedia_4753","Forbes1883","0.6833333333333333"
"dbpedia_1878","Forbes716","1.0"
"dbpedia_2134","Forbes295","0.5058823529411764"
"dbpedia_757","Forbes937","1.0"
"dbpedia_3257","Forbes631","1.0"
"dbpedia_2844","Forbes545","0.6428571428571428"
"dbpedia_2845","Forbes545","0.6428571428571428"
"dbpedia_2742","Forbes1689","0.5542763157894737"
"dbpedia_216","Forbes1771","0.5833333333333334"
"dbpedia_2847","Forbes545","0.5"
"dbpedia_222","Forbes857","1.0"
"dbpedia_3037","Forbes688","1.0"
"dbpedia_4122","Forbes544","0.5833333333333334"
"dbpedia_1444","Forbes431","0.55"
"dbpedia_4568","Forbes728","1.0"
"dbpedia_3038","Forbes688","0.5982142857142857"
"dbpedia_18","Forbes1372","0.5"
"dbpedia_3036","Forbes688","1.0"
"dbpedia_17","Forbes1372","0.5"
"dbpedia_912","Forbes150","1.0"
"dbpedia_1466","Forbes320","1.0"
"dbpedia_199","Forbes24","0.7136363636363636"
"dbpedia_1025","Forbes31","1.0"
"dbpedia_898","Forbes1925","1.0"
"dbpedia_3313","Forbes84","1.0"
"dbpedia_919","Forbes42","1.0"
"dbpedia_1278","Forbes393","1.0"
"dbpedia_1279","Forbes393","1.0"
"dbpedia_499","Forbes564","1.0"
"dbpedia_907","Forbes135","1.0"
"dbpedia_3925","Forbes666","0.7321428571428572"
"dbpedia_2850","Forbes435","0.5131578947368421"
"dbpedia_2401","Forbes675","0.8660714285714286"
"dbpedia_909","Forbes135","1.0"
"dbpedia_3926","Forbes666","0.7321428571428572"
"dbpedia_2851","Forbes435","0.5131578947368421"
"dbpedia_2852","Forbes435","1.0"
"dbpedia_3927","Forbes666","0.7321428571428572"
"dbpedia_2936","Forbes1852","1.0"
"dbpedia_908","Forbes135","1.0"
"dbpedia_3928","Forbes666","0.7321428571428572"
"dbpedia_2150","Forbes63","0.6547619047619049"
"dbpedia_3096","Forbes1312","1.0"
"dbpedia_3929","Forbes666","0.7321428571428572"
"dbpedia_916","Forbes52","0.7141666666666666"
"dbpedia_786","Forbes1079","0.6213450292397661"
"dbpedia_1362","Forbes407","0.5"
"dbpedia_1363","Forbes407","0.5"
"dbpedia_589","Forbes1979","0.5"
"dbpedia_2981","Forbes560","0.5434173669467787"
"dbpedia_2047","Forbes1088","1.0"
"dbpedia_353","Forbes1464","0.5666666666666667"
"dbpedia_295","Forbes1307","1.0"
"dbpedia_2049","Forbes1088","1.0"
"dbpedia_1052","Forbes595","1.0"
"dbpedia_2048","Forbes1088","1.0"
"dbpedia_2152","Forbes1198","1.0"
"dbpedia_1053","Forbes595","0.6754385964912281"
"dbpedia_3849","Forbes265","1.0"
"dbpedia_3304","Forbes1197","0.6428571428571428"
"dbpedia_1553","Forbes1887","0.5"
"dbpedia_2614","Forbes571","0.5833333333333334"
"dbpedia_243","Forbes1464","0.6000000000000001"
"dbpedia_4660","Forbes969","1.0"
"dbpedia_4225","Forbes1407","0.5515873015873016"
"dbpedia_1054","Forbes595","0.5495238095238095"
"dbpedia_1688","Forbes1888","0.5"
"dbpedia_1057","Forbes206","0.5381578947368422"
"dbpedia_1056","Forbes206","0.5"
"dbpedia_1136","Forbes260","0.5892857142857143"
"dbpedia_3930","Forbes666","0.7321428571428572"
"dbpedia_2919","Forbes622","1.0"
"dbpedia_152","Forbes515","1.0"
"dbpedia_3931","Forbes666","0.7321428571428572"
"dbpedia_4692","Forbes1751","1.0"
"dbpedia_4239","Forbes643","0.5"
"dbpedia_3932","Forbes666","0.7321428571428572"
"dbpedia_1555","Forbes977","0.5029761904761905"
"dbpedia_3147","Forbes722","1.0"
"dbpedia_2978","Forbes560","0.5413533834586466"
"dbpedia_2977","Forbes560","0.5056390977443609"
"dbpedia_2976","Forbes560","0.5515873015873016"
"dbpedia_3824","Forbes1022","1.0"
"dbpedia_2975","Forbes560","1.0"
"dbpedia_3851","Forbes1232","1.0"
"dbpedia_2844","Forbes435","0.55"
"dbpedia_910","Forbes135","1.0"
"dbpedia_2845","Forbes435","0.55"
"dbpedia_3850","Forbes1232","0.6111111111111112"
"dbpedia_224","Forbes843","0.6515151515151516"
"dbpedia_2847","Forbes435","1.0"
"dbpedia_2239","Forbes1933","0.55"
"dbpedia_4224","Forbes1677","1.0"
"dbpedia_2577","Forbes1043","1.0"
"dbpedia_2576","Forbes1043","1.0"
"dbpedia_2848","Forbes435","0.6547619047619049"
"dbpedia_2849","Forbes435","0.6547619047619049"
"dbpedia_2238","Forbes1933","0.55"
"dbpedia_2178","Forbes1055","0.5151515151515151"
"dbpedia_2137","Forbes1934","1.0"
"dbpedia_2441","Forbes1019","1.0"
"dbpedia_3822","Forbes277","0.8166666666666667"
"dbpedia_3276","Forbes1860","0.6568627450980393"
"dbpedia_303","Forbes1626","0.5303030303030303"
"dbpedia_2002","Forbes1805","1.0"
"dbpedia_2003","Forbes1805","1.0"
"dbpedia_120","Forbes1468","1.0"
"dbpedia_4265","Forbes1172","0.5"
"dbpedia_3571","Forbes1066","1.0"
"dbpedia_4027","Forbes1036","0.578005115089514"
"dbpedia_3198","Forbes304","0.7321428571428572"
"dbpedia_3682","Forbes1084","0.5"
"dbpedia_3572","Forbes1066","1.0"
"dbpedia_2399","Forbes1806","0.6000000000000001"
"dbpedia_3199","Forbes304","0.7321428571428572"
"dbpedia_2078","Forbes1524","1.0"
"dbpedia_466","Forbes952","1.0"
"dbpedia_2173","Forbes54","1.0"
"dbpedia_3680","Forbes1084","1.0"
"dbpedia_367","Forbes587","0.5384615384615385"
"dbpedia_231","Forbes580","0.5649038461538461"
"dbpedia_3763","Forbes350","0.6393188854489165"
"dbpedia_232","Forbes580","0.5769230769230769"
"dbpedia_3911","Forbes1694","0.5357142857142857"
"dbpedia_368","Forbes587","0.5384615384615385"
"dbpedia_2153","Forbes906","0.6527777777777778"
"dbpedia_309","Forbes1892","0.5666666666666667"
"dbpedia_227","Forbes580","0.5993589743589745"
"dbpedia_370","Forbes587","0.5"
"dbpedia_3722","Forbes493","0.5277777777777778"
"dbpedia_3185","Forbes1595","1.0"
"dbpedia_1406","Forbes983","1.0"
"dbpedia_4358","Forbes536","0.5964912280701755"
"dbpedia_3184","Forbes1595","1.0"
"dbpedia_4359","Forbes536","0.5964912280701755"
"dbpedia_1175","Forbes229","0.525"
"dbpedia_3999","Forbes370","1.0"
"dbpedia_2311","Forbes259","0.5833333333333334"
"dbpedia_916","Forbes1270","0.6833333333333333"
"dbpedia_1164","Forbes389","0.542483660130719"
"dbpedia_704","Forbes1977","1.0"
"dbpedia_2246","Forbes819","1.0"
"dbpedia_236","Forbes315","1.0"
"dbpedia_2247","Forbes819","1.0"
"dbpedia_3620","Forbes596","0.6583333333333334"
"dbpedia_4253","Forbes643","1.0"
"dbpedia_4252","Forbes643","1.0"
"dbpedia_227","Forbes328","0.5384615384615385"
"dbpedia_4251","Forbes643","1.0"
"dbpedia_1884","Forbes743","0.5"
"dbpedia_1350","Forbes1693","1.0"
"dbpedia_400","Forbes893","1.0"
"dbpedia_1037","Forbes1029","0.5104166666666666"
"dbpedia_4254","Forbes643","1.0"
"dbpedia_4741","Forbes765","1.0"
"dbpedia_956","Forbes209","1.0"
"dbpedia_3126","Forbes726","1.0"
"dbpedia_955","Forbes209","1.0"
"dbpedia_590","Forbes1979","0.5"
"dbpedia_958","Forbes209","1.0"
"dbpedia_2815","Forbes1889","1.0"
"dbpedia_957","Forbes209","1.0"
"dbpedia_3125","Forbes726","1.0"
"dbpedia_3894","Forbes331","1.0"
"dbpedia_2741","Forbes1596","0.55"
"dbpedia_649","Forbes73","1.0"
"dbpedia_3649","Forbes1954","1.0"
"dbpedia_23","Forbes236","0.5"
"dbpedia_1045","Forbes1253","0.5015151515151515"
"dbpedia_2490","Forbes811","1.0"
"dbpedia_20","Forbes236","1.0"
"dbpedia_2021","Forbes1073","1.0"
"dbpedia_3445","Forbes69","1.0"
"dbpedia_4059","Forbes239","1.0"
"dbpedia_2451","Forbes368","0.6239035087719298"
"dbpedia_3677","Forbes1943","0.5555555555555556"
"dbpedia_2716","Forbes458","1.0"
"dbpedia_2450","Forbes368","0.6239035087719298"
"dbpedia_2174","Forbes1055","1.0"
"dbpedia_1863","Forbes506","0.5833333333333334"
"dbpedia_2254","Forbes4","1.0"
"dbpedia_1498","Forbes1410","0.55"
"dbpedia_4065","Forbes487","1.0"
"dbpedia_3445","Forbes68","1.0"
"dbpedia_2850","Forbes708","0.511441647597254"
"dbpedia_702","Forbes202","1.0"
"dbpedia_207","Forbes579","0.6458333333333334"
"dbpedia_3636","Forbes815","1.0"
"dbpedia_4650","Forbes419","0.5166666666666666"
"dbpedia_731","Forbes238","0.5"
"dbpedia_2852","Forbes708","0.6547619047619049"
"dbpedia_2851","Forbes708","0.511441647597254"
"dbpedia_902","Forbes78","1.0"
"dbpedia_3018","Forbes1221","1.0"
"dbpedia_903","Forbes78","0.5272727272727272"
"dbpedia_3407","Forbes1003","1.0"
"dbpedia_703","Forbes202","1.0"
"dbpedia_4419","Forbes442","0.5"
"dbpedia_1582","Forbes977","0.51875"
"dbpedia_3548","Forbes106","0.5993589743589745"
"dbpedia_4649","Forbes419","0.5166666666666666"
"dbpedia_1489","Forbes614","1.0"
"dbpedia_4648","Forbes419","0.5166666666666666"
"dbpedia_3546","Forbes106","0.5166666666666666"
"dbpedia_4647","Forbes419","0.5166666666666666"
"dbpedia_2032","Forbes255","1.0"
"dbpedia_1459","Forbes710","1.0"
"dbpedia_1348","Forbes607","0.5"
"dbpedia_3549","Forbes106","0.5993589743589745"
"dbpedia_1557","Forbes453","0.5753676470588236"
"dbpedia_4420","Forbes442","0.5476190476190477"
"dbpedia_3672","Forbes363","0.5833333333333334"
"dbpedia_427","Forbes1307","0.5"
"dbpedia_4421","Forbes442","0.5476190476190477"
"dbpedia_4422","Forbes442","1.0"
"dbpedia_3110","Forbes542","1.0"
"dbpedia_2177","Forbes1166","1.0"
"dbpedia_3408","Forbes358","1.0"
"dbpedia_853","Forbes1132","1.0"
"dbpedia_1725","Forbes40","0.6181818181818182"
"dbpedia_1231","Forbes608","0.5"
"dbpedia_4361","Forbes865","0.5151515151515151"
"dbpedia_4360","Forbes865","1.0"
"dbpedia_4040","Forbes184","0.5962732919254659"
"dbpedia_880","Forbes1149","1.0"
"dbpedia_747","Forbes1272","0.5"
"dbpedia_264","Forbes712","1.0"
"dbpedia_265","Forbes712","1.0"
"dbpedia_745","Forbes1272","0.5"
"dbpedia_1421","Forbes573","1.0"
"dbpedia_1230","Forbes608","0.5"
"dbpedia_743","Forbes1272","0.5833333333333334"
"dbpedia_760","Forbes1029","0.5987394957983193"
"dbpedia_505","Forbes386","0.5028409090909091"
"dbpedia_1100","Forbes1779","0.5625"
"dbpedia_3829","Forbes1905","0.5166666666666666"
"dbpedia_503","Forbes1028","1.0"
"dbpedia_2849","Forbes708","1.0"
"dbpedia_1724","Forbes40","0.55"
"dbpedia_2848","Forbes708","1.0"
"dbpedia_1723","Forbes40","0.6181818181818182"
"dbpedia_224","Forbes580","0.5649038461538461"
"dbpedia_1722","Forbes40","1.0"
"dbpedia_2847","Forbes708","0.6547619047619049"
"dbpedia_3369","Forbes1306","1.0"
"dbpedia_2201","Forbes912","1.0"
"dbpedia_677","Forbes1418","1.0"
"dbpedia_793","Forbes783","1.0"
"dbpedia_4048","Forbes85","0.6491228070175439"
"dbpedia_4047","Forbes85","0.6491228070175439"
"dbpedia_2931","Forbes1469","0.5"
"dbpedia_4049","Forbes85","0.6491228070175439"
"dbpedia_4779","Forbes1574","1.0"
"dbpedia_1585","Forbes1875","1.0"
"dbpedia_1253","Forbes888","1.0"
"dbpedia_2768","Forbes991","0.5151515151515151"
"dbpedia_2167","Forbes1169","1.0"
"dbpedia_763","Forbes1281","0.7048611111111112"
"dbpedia_1226","Forbes608","0.5"
"dbpedia_1369","Forbes505","1.0"
"dbpedia_2970","Forbes1715","1.0"
"dbpedia_2767","Forbes991","1.0"
"dbpedia_762","Forbes1281","1.0"
"dbpedia_227","Forbes843","1.0"
"dbpedia_3656","Forbes1126","0.5"
"dbpedia_226","Forbes843","0.5166666666666666"
"dbpedia_3949","Forbes184","1.0"
"dbpedia_2028","Forbes1160","1.0"
"dbpedia_2027","Forbes1160","1.0"
"dbpedia_1402","Forbes1348","0.7704301075268818"
"dbpedia_2052","Forbes1142","0.593103448275862"
"dbpedia_4734","Forbes388","1.0"
"dbpedia_4261","Forbes1761","1.0"
"dbpedia_1740","Forbes414","0.5643939393939393"
"dbpedia_3301","Forbes147","0.5381944444444444"
"dbpedia_2491","Forbes1392","1.0"
"dbpedia_4225","Forbes754","1.0"
"dbpedia_804","Forbes948","0.65"
"dbpedia_3599","Forbes668","1.0"
"dbpedia_2051","Forbes1142","0.593103448275862"
"dbpedia_520","Forbes1145","1.0"
"dbpedia_515","Forbes386","0.5028409090909091"
"dbpedia_3728","Forbes1969","0.5059523809523809"
"dbpedia_777","Forbes1029","0.5160183066361557"
"dbpedia_4055","Forbes800","0.554945054945055"
"dbpedia_4056","Forbes800","0.554945054945055"
"dbpedia_3725","Forbes1969","0.6227272727272727"
"dbpedia_4053","Forbes800","0.6515151515151516"
"dbpedia_3657","Forbes1126","0.5"
"dbpedia_3183","Forbes953","1.0"
"dbpedia_2013","Forbes136","1.0"
"dbpedia_4054","Forbes800","0.6515151515151516"
"dbpedia_3182","Forbes953","0.5"
"dbpedia_3730","Forbes1969","1.0"
"dbpedia_1042","Forbes938","1.0"
"dbpedia_2710","Forbes976","1.0"
"dbpedia_2065","Forbes797","0.5833333333333334"
"dbpedia_1958","Forbes1175","1.0"
"dbpedia_960","Forbes1001","1.0"
"dbpedia_3801","Forbes617","1.0"
"dbpedia_3800","Forbes617","0.5643939393939393"
"dbpedia_802","Forbes948","0.5892857142857143"
"dbpedia_231","Forbes843","0.6515151515151516"
"dbpedia_3886","Forbes922","0.5507518796992481"
"dbpedia_1006","Forbes86","0.5993589743589745"
"dbpedia_1586","Forbes829","1.0"
"dbpedia_910","Forbes167","0.6341666666666667"
"dbpedia_3119","Forbes657","1.0"
"dbpedia_3455","Forbes1148","1.0"
"dbpedia_232","Forbes843","0.8819444444444444"
"dbpedia_1639","Forbes776","1.0"
"dbpedia_1638","Forbes776","1.0"
"dbpedia_1648","Forbes323","0.6904761904761905"
"dbpedia_3067","Forbes1726","0.5996732026143792"
"dbpedia_1649","Forbes323","0.6904761904761905"
"dbpedia_1858","Forbes243","0.5"
"dbpedia_3453","Forbes1284","1.0"
"dbpedia_1617","Forbes664","1.0"
"dbpedia_1321","Forbes1712","1.0"
"dbpedia_1739","Forbes414","0.5643939393939393"
"dbpedia_1738","Forbes414","1.0"
"dbpedia_1654","Forbes460","0.6428571428571428"
"dbpedia_4108","Forbes1660","1.0"
"dbpedia_909","Forbes167","0.6341666666666667"
"dbpedia_908","Forbes167","0.6341666666666667"
"dbpedia_3830","Forbes65","1.0"
"dbpedia_2620","Forbes1650","0.55"
"dbpedia_4107","Forbes1660","1.0"
"dbpedia_4418","Forbes442","0.5"
"dbpedia_2971","Forbes1734","0.5606060606060607"
"dbpedia_907","Forbes167","0.6341666666666667"
"dbpedia_2976","Forbes1606","0.5158730158730158"
"dbpedia_2279","Forbes45","1.0"
"dbpedia_2606","Forbes1717","1.0"
"dbpedia_1099","Forbes491","0.5625"
"dbpedia_1576","Forbes1618","0.5987394957983193"
"dbpedia_1641","Forbes776","1.0"
"dbpedia_1640","Forbes776","1.0"
"dbpedia_2284","Forbes219","1.0"
"dbpedia_2065","Forbes1465","0.5833333333333334"
"dbpedia_2088","Forbes1488","1.0"
"dbpedia_83","Forbes272","1.0"
"dbpedia_2285","Forbes219","1.0"
"dbpedia_2286","Forbes219","1.0"
"dbpedia_4091","Forbes376","1.0"
"dbpedia_4185","Forbes290","0.5"
"dbpedia_1029","Forbes1843","0.6035087719298246"
"dbpedia_1628","Forbes448","1.0"
"dbpedia_65","Forbes11","0.5"
"dbpedia_656","Forbes1258","0.7596153846153846"
"dbpedia_1150","Forbes1973","1.0"
"dbpedia_141","Forbes1998","1.0"
"dbpedia_69","Forbes11","0.5"
"dbpedia_2684","Forbes1837","0.5476190476190477"
"dbpedia_66","Forbes11","1.0"
"dbpedia_2685","Forbes1837","0.5476190476190477"
"dbpedia_768","Forbes354","0.5"
"dbpedia_769","Forbes354","1.0"
"dbpedia_3774","Forbes250","1.0"
"dbpedia_894","Forbes360","1.0"
"dbpedia_3331","Forbes102","1.0"
"dbpedia_593","Forbes1570","1.0"
"dbpedia_1858","Forbes1125","0.5"
"dbpedia_2741","Forbes1650","0.5"
"dbpedia_1799","Forbes1444","1.0"
"dbpedia_635","Forbes1495","1.0"
"dbpedia_3101","Forbes576","1.0"
"dbpedia_753","Forbes469","0.5"
"dbpedia_4748","Forbes684","0.5131578947368421"
"dbpedia_1028","Forbes1967","1.0"
"dbpedia_3842","Forbes949","0.525"
"dbpedia_1571","Forbes1899","0.5364583333333334"
"dbpedia_4099","Forbes376","0.525"
"dbpedia_3841","Forbes949","0.525"
"dbpedia_636","Forbes1495","1.0"
"dbpedia_4496","Forbes1850","1.0"
"dbpedia_1884","Forbes1355","0.5"
"dbpedia_1647","Forbes323","0.5833333333333334"
"dbpedia_2058","Forbes104","0.6213450292397661"
"dbpedia_2057","Forbes104","0.6607142857142857"
"dbpedia_4240","Forbes715","0.6071428571428572"
"dbpedia_3656","Forbes385","1.0"
"dbpedia_4366","Forbes1725","0.5"
"dbpedia_4045","Forbes800","0.5993589743589745"
"dbpedia_4046","Forbes800","0.5993589743589745"
"dbpedia_4363","Forbes1725","0.5"
"dbpedia_4362","Forbes1725","0.5"
"dbpedia_978","Forbes12","1.0"
"dbpedia_4365","Forbes1725","0.5"
"dbpedia_4364","Forbes1725","0.5"
"dbpedia_3425","Forbes341","1.0"
"dbpedia_1287","Forbes1961","1.0"
"dbpedia_4821","Forbes1047","1.0"
"dbpedia_1286","Forbes1961","0.5083333333333333"
"dbpedia_4361","Forbes1725","0.5333333333333334"
"dbpedia_4360","Forbes1725","0.5347222222222222"
"dbpedia_4534","Forbes1544","0.5"
"dbpedia_1347","Forbes831","1.0"
"dbpedia_3256","Forbes1676","1.0"
"dbpedia_3657","Forbes385","1.0"
"dbpedia_1541","Forbes677","1.0"
"dbpedia_2012","Forbes136","1.0"
"dbpedia_3968","Forbes815","0.571969696969697"
"dbpedia_3047","Forbes1772","0.5423076923076923"
"dbpedia_2676","Forbes916","0.5145833333333334"
"dbpedia_2675","Forbes916","0.5980392156862746"
"dbpedia_464","Forbes1435","1.0"
"dbpedia_2674","Forbes916","1.0"
"dbpedia_463","Forbes1435","1.0"
"dbpedia_925","Forbes75","0.6407894736842106"
"dbpedia_153","Forbes1858","1.0"
"dbpedia_632","Forbes205","1.0"
"dbpedia_2425","Forbes1817","1.0"
"dbpedia_224","Forbes403","0.6515151515151516"
"dbpedia_1034","Forbes1967","0.5225155279503105"
"dbpedia_1032","Forbes1843","0.5656565656565656"
"dbpedia_4090","Forbes396","0.5227272727272727"
"dbpedia_1030","Forbes1843","1.0"
"dbpedia_883","Forbes107","1.0"
"dbpedia_910","Forbes2","1.0"
"dbpedia_884","Forbes107","1.0"
"dbpedia_1753","Forbes689","1.0"
"dbpedia_4597","Forbes1644","1.0"
"dbpedia_1248","Forbes965","0.5158730158730158"
"dbpedia_1250","Forbes704","0.5630252100840336"
"dbpedia_1842","Forbes1373","1.0"
"dbpedia_4598","Forbes1644","1.0"
"dbpedia_4599","Forbes1644","0.5476190476190477"
"dbpedia_1975","Forbes201","0.5643939393939393"
"dbpedia_1546","Forbes1550","1.0"
"dbpedia_4431","Forbes658","0.5147058823529411"
"dbpedia_3463","Forbes1229","1.0"
"dbpedia_3175","Forbes507","1.0"
"dbpedia_1226","Forbes1877","1.0"
"dbpedia_1227","Forbes1877","0.6904761904761905"
"dbpedia_1228","Forbes1877","0.6904761904761905"
"dbpedia_4430","Forbes658","1.0"
"dbpedia_2976","Forbes758","0.5567226890756303"
"dbpedia_4050","Forbes85","0.5192307692307692"
"dbpedia_4781","Forbes1574","1.0"
"dbpedia_2975","Forbes758","0.5056390977443609"
"dbpedia_4767","Forbes1203","1.0"
"dbpedia_2978","Forbes758","0.5056390977443609"
"dbpedia_269","Forbes741","1.0"
"dbpedia_4052","Forbes85","0.7213622291021673"
"dbpedia_2977","Forbes758","1.0"
"dbpedia_4780","Forbes1574","1.0"
"dbpedia_4051","Forbes85","0.5192307692307692"
"dbpedia_672","Forbes454","1.0"
"dbpedia_2673","Forbes814","0.8452380952380953"
"dbpedia_1250","Forbes965","0.5273109243697478"
"dbpedia_4054","Forbes85","0.5401785714285714"
"dbpedia_3342","Forbes314","0.5"
"dbpedia_1123","Forbes1719","0.5280748663101604"
"dbpedia_2672","Forbes814","1.0"
"dbpedia_3343","Forbes314","0.5"
"dbpedia_4053","Forbes85","0.5401785714285714"
"dbpedia_2671","Forbes814","0.5833333333333334"
"dbpedia_4752","Forbes593","1.0"
"dbpedia_1248","Forbes704","0.7098214285714286"
"dbpedia_4751","Forbes593","1.0"
"dbpedia_59","Forbes1046","0.5357142857142857"
"dbpedia_2853","Forbes1533","1.0"
"dbpedia_58","Forbes1046","0.5357142857142857"
"dbpedia_2854","Forbes1533","1.0"
"dbpedia_1318","Forbes883","0.525"
"dbpedia_70","Forbes11","0.5"
"dbpedia_4477","Forbes1641","1.0"
"dbpedia_57","Forbes1046","0.5357142857142857"
"dbpedia_3348","Forbes314","1.0"
"dbpedia_56","Forbes1046","0.5357142857142857"
"dbpedia_4436","Forbes1427","1.0"
"dbpedia_907","Forbes2","1.0"
"dbpedia_620","Forbes372","1.0"
"dbpedia_504","Forbes494","1.0"
"dbpedia_2595","Forbes185","1.0"
"dbpedia_4437","Forbes1427","0.8666666666666667"
"dbpedia_2201","Forbes1085","0.5347222222222222"
"dbpedia_908","Forbes2","1.0"
"dbpedia_909","Forbes2","1.0"
"dbpedia_4239","Forbes715","0.5357142857142857"
"dbpedia_738","Forbes1156","1.0"
"dbpedia_4110","Forbes1986","0.5351851851851852"
"dbpedia_4111","Forbes1986","0.5351851851851852"
"dbpedia_3672","Forbes1282","1.0"
"dbpedia_2544","Forbes809","0.7136363636363636"
"dbpedia_2203","Forbes1085","0.5272727272727272"
"dbpedia_2204","Forbes1085","0.5272727272727272"
"dbpedia_3221","Forbes578","1.0"
"dbpedia_3834","Forbes928","1.0"
"dbpedia_3835","Forbes928","1.0"
"dbpedia_1239","Forbes703","1.0"
"dbpedia_4429","Forbes658","0.5"
"dbpedia_3911","Forbes1616","0.5446428571428572"
"dbpedia_2074","Forbes310","1.0"
"dbpedia_3837","Forbes928","0.5"
"dbpedia_4651","Forbes419","0.6515151515151516"
"dbpedia_2409","Forbes943","1.0"
"dbpedia_4575","Forbes634","0.5"
"dbpedia_859","Forbes262","0.7403846153846154"
"dbpedia_881","Forbes107","1.0"
"dbpedia_4576","Forbes634","0.6666666666666667"
