"Forbes949","dbpedia_3842","0.75","Shimizu","Shimadzu"
"Forbes949","dbpedia_3841","0.75","Shimizu","Shimadzu"
"Forbes941","dbpedia_1522","1.0","Fairfax Financial","Fairfax Financial"
"Forbes121","dbpedia_2196","1.0","Intesa Sanpaolo","Intesa Sanpaolo"
"Forbes1673","dbpedia_2226","1.0","Israel Discount Bank","Israel Discount Bank"
"Forbes121","dbpedia_2195","1.0","Intesa Sanpaolo","Intesa Sanpaolo"
"Forbes1326","dbpedia_1906","1.0","Hasbro","Hasbro"
"Forbes12","dbpedia_845","0.7272727272727273","Citigroup","Catlin Group"
"Forbes1886","dbpedia_2580","0.8","Lonza Group","Lodha Group"
"Forbes12","dbpedia_978","1.0","Citigroup","Citigroup"
"Forbes1787","dbpedia_3555","1.0","Remgro","Remgro"
"Forbes574","dbpedia_2487","1.0","LG Chem","LG Chem"
"Forbes1595","dbpedia_3221","0.75","ONO Pharmaceutical","Otsuka Pharmaceutical"
"Forbes685","dbpedia_1253","0.7272727272727273","Dong Energy","Devon Energy"
"Forbes1037","dbpedia_4122","1.0","TDK","TDK"
"Forbes469","dbpedia_753","0.9090909090909091","CLP Holdings","CLS Holdings"
"Forbes1753","dbpedia_2448","0.7","KION Group","Konka Group"
"Forbes1712","dbpedia_1321","1.0","Dufry","Dufry"
"Forbes577","dbpedia_732","0.7777777777777778","CME Group","CBRE Group"
"Forbes1770","dbpedia_3793","0.8181818181818181","Securitas","Securitas AB"
"Forbes1940","dbpedia_280","0.7","Andhra Bank","Aozora Bank"
"Forbes219","dbpedia_2285","1.0","Japan Tobacco","Japan Tobacco"
"Forbes219","dbpedia_2286","1.0","Japan Tobacco","Japan Tobacco"
"Forbes73","dbpedia_649","1.0","Boeing","Boeing"
"Forbes1969","dbpedia_3730","1.0","Samsung SDI","Samsung SDI"
"Forbes219","dbpedia_2284","1.0","Japan Tobacco","Japan Tobacco"
"Forbes1658","dbpedia_3674","1.0","SL Green Realty","SL Green Realty"
"Forbes1275","dbpedia_581","1.0","Bed Bath & Beyond","Bed Bath & Beyond"
"Forbes1248","dbpedia_4598","0.7272727272727273","Valeant Pharmaceuticals","Vertex Pharmaceuticals"
"Forbes1638","dbpedia_3784","0.7058823529411764","Sears Holdings","SeAh Steel Holdings"
"Forbes443","dbpedia_3319","1.0","Pernod Ricard","Pernod Ricard"
"Forbes995","dbpedia_3747","0.7391304347826086","Shanghai Pharmaceuticals","Santen Pharmaceutical"
"Forbes177","dbpedia_203","0.7272727272727273","Altria Group","Alrov Group"
"Forbes1638","dbpedia_3787","0.8461538461538461","Sears Holdings","Seah Holdings"
"Forbes995","dbpedia_3748","0.7391304347826086","Shanghai Pharmaceuticals","Santen Pharmaceutical"
"Forbes1279","dbpedia_2941","0.7857142857142857","Nitori Holdings","NII Holdings"
"Forbes1633","dbpedia_3787","0.75","SBI Holdings","Seah Holdings"
"Forbes210","dbpedia_3348","0.7","Phillips 66","Philips"
"Forbes691","dbpedia_2489","1.0","LG Display","LG Display"
"Forbes31","dbpedia_1025","1.0","Comcast","Comcast"
"Forbes735","dbpedia_3611","1.0","Ross Stores","Ross Stores"
"Forbes890","dbpedia_2304","1.0","Julius Baer Group","Julius Baer Group"
"Forbes1551","dbpedia_2492","1.0","LG Uplus","LG Uplus"
"Forbes1586","dbpedia_760","0.7333333333333334","Concho Resources","CNX Resources"
"Forbes1017","dbpedia_4359","1.0","Tokyo Electron","Tokyo Electron"
"Forbes1948","dbpedia_295","0.7272727272727273","Arab Banking","Arab Bank"
"Forbes1663","dbpedia_841","1.0","Catcher Technology","Catcher Technology"
"Forbes1196","dbpedia_110","0.7","Advanced Info Service","Advanced Micro Devices"
"Forbes1183","dbpedia_230","1.0","American Water Works","American Water Works"
"Forbes469","dbpedia_747","0.8181818181818181","CLP Holdings","CIC Holdings"
"Forbes1193","dbpedia_2851","0.736842105263158","Mitsubishi Motors","Mitsubishi Materials"
"Forbes1193","dbpedia_2852","1.0","Mitsubishi Motors","Mitsubishi Motors"
"Forbes1017","dbpedia_4358","1.0","Tokyo Electron","Tokyo Electron"
"Forbes595","dbpedia_1052","1.0","Constellation Brands","Constellation Brands"
"Forbes805","dbpedia_2733","0.7","Metro Group","Match Group"
"Forbes4","dbpedia_2254","1.0","JPMorgan Chase","JPMorgan Chase"
"Forbes569","dbpedia_602","1.0","Best Buy","Best Buy"
"Forbes1193","dbpedia_2850","0.736842105263158","Mitsubishi Motors","Mitsubishi Materials"
"Forbes7","dbpedia_518","1.0","Bank of America","Bank of America"
"Forbes7","dbpedia_517","1.0","Bank of America","Bank of America"
"Forbes1209","dbpedia_745","0.7777777777777778","Chiba Bank","CIB Bank"
"Forbes1845","dbpedia_180","1.0","Allahabad Bank","Allahabad Bank"
"Forbes815","dbpedia_3968","0.7272727272727273","S&P Global","Spire Global"
"Forbes29","dbpedia_4653","1.0","Volkswagen Group","Volkswagen Group"
"Forbes805","dbpedia_2760","0.7","Metro Group","Mecom Group"
"Forbes1665","dbpedia_2108","0.7142857142857143","Iyo Bank","IWBank"
"Forbes63","dbpedia_2150","0.736842105263158","Industrial Bank","Industrial Bank (China)"
"Forbes771","dbpedia_3773","1.0","Scentre Group","Scentre Group"
"Forbes377","dbpedia_4207","1.0","Tata Consultancy Services","Tata Consultancy Services"
"Forbes771","dbpedia_3772","1.0","Scentre Group","Scentre Group"
"Forbes485","dbpedia_4401","0.7272727272727273","Teva Pharmaceutical","Torrent Pharmaceuticals"
"Forbes1035","dbpedia_432","1.0","BBMG","BBMG"
"Forbes255","dbpedia_2032","1.0","Huaxia Bank","Huaxia Bank"
"Forbes104","dbpedia_2057","0.75","Hyundai Motor","Hyundai Mobis"
"Forbes1609","dbpedia_2311","0.75","Kyushu Financial Group","KB Financial Group"
"Forbes229","dbpedia_1175","0.75","Danaher","Dantherm"
"Forbes505","dbpedia_1369","1.0","Ecolab","Ecolab"
"Forbes7","dbpedia_519","1.0","Bank of America","Bank of America"
"Forbes205","dbpedia_632","1.0","BlackRock","BlackRock"
"Forbes1809","dbpedia_395","1.0","Autodesk","Autodesk"
"Forbes980","dbpedia_905","0.8125","China Coal Energy","China Clean Energy"
"Forbes1809","dbpedia_393","1.0","Autodesk","Autodesk"
"Forbes1078","dbpedia_498","0.7","Bankinter","Bank Banten"
"Forbes1809","dbpedia_394","1.0","Autodesk","Autodesk"
"Forbes406","dbpedia_3699","0.75","SSE","SUSE"
"Forbes980","dbpedia_904","0.8125","China Coal Energy","China Clean Energy"
"Forbes765","dbpedia_4741","1.0","Wipro","Wipro"
"Forbes1117","dbpedia_3239","0.7","Pgnig Group","PIN Group"
"Forbes1117","dbpedia_3238","0.7","Pgnig Group","PIN Group"
"Forbes282","dbpedia_4250","1.0","Telstra","Telstra"
"Forbes710","dbpedia_1459","1.0","Ericsson","Ericsson"
"Forbes1927","dbpedia_160","1.0","Aldar Properties","Aldar Properties"
"Forbes1327","dbpedia_2123","0.7272727272727273","Illumina","Illumina, Inc."
"Forbes909","dbpedia_3900","1.0","Skanska","Skanska"
"Forbes348","dbpedia_4401","0.7272727272727273","Takeda Pharmaceutical","Torrent Pharmaceuticals"
"Forbes437","dbpedia_3671","1.0","SK Innovation","SK Innovation"
"Forbes1466","dbpedia_890","1.0","Cheniere Energy","Cheniere Energy"
"Forbes551","dbpedia_981","1.0","Citizens Financial Group","Citizens Financial Group"
"Forbes775","dbpedia_937","0.736842105263158","China Resources Power","China Resources Land"
"Forbes695","dbpedia_3544","1.0","Reinsurance Group of America","Reinsurance Group of America"
"Forbes1598","dbpedia_759","1.0","CNO Financial Group","CNO Financial Group"
"Forbes1395","dbpedia_3176","1.0","OMRON","Omron"
"Forbes234","dbpedia_692","1.0","Bristol-Myers Squibb","Bristol Myers Squibb"
"Forbes1685","dbpedia_1908","1.0","Haseko","Haseko"
"Forbes1498","dbpedia_337","0.8333333333333334","Ametek","Asetek"
"Forbes852","dbpedia_939","1.0","China Steel","China Steel"
"Forbes856","dbpedia_3505","1.0","Rakuten","Rakuten"
"Forbes1202","dbpedia_3579","1.0","Ricoh","Ricoh"
"Forbes883","dbpedia_1318","0.75","DP World","Dryworld"
"Forbes1541","dbpedia_1057","1.0","Continental Resources","Continental Resources"
"Forbes1091","dbpedia_1624","0.8571428571428572","Fortum","Fortumo"
"Forbes1343","dbpedia_319","0.736842105263158","Agilent Technologies","Arlo Technologies"
"Forbes668","dbpedia_3599","1.0","Rogers Communications","Rogers Communications"
"Forbes593","dbpedia_4751","1.0","Woori Bank","Woori Bank"
"Forbes314","dbpedia_3348","1.0","Philips","Philips"
"Forbes45","dbpedia_2279","1.0","Japan Post Holdings","Japan Post Holdings"
"Forbes882","dbpedia_3738","1.0","Sandvik","Sandvik"
"Forbes1655","dbpedia_4404","1.0","Tosoh","Tosoh"
"Forbes1598","dbpedia_981","0.7272727272727273","CNO Financial Group","Citizens Financial Group"
"Forbes1655","dbpedia_4403","1.0","Tosoh","Tosoh"
"Forbes551","dbpedia_759","0.7272727272727273","Citizens Financial Group","CNO Financial Group"
"Forbes1145","dbpedia_520","1.0","Bank of Baroda","Bank of Baroda"
"Forbes84","dbpedia_3313","1.0","PepsiCo","PepsiCo"
"Forbes236","dbpedia_20","1.0","ABB","ABB"
"Forbes708","dbpedia_2849","1.0","Mitsubishi Heavy Industries","Mitsubishi Heavy Industries"
"Forbes708","dbpedia_2848","1.0","Mitsubishi Heavy Industries","Mitsubishi Heavy Industries"
"Forbes1258","dbpedia_656","0.7692307692307692","Bombardier","Bombardier Inc."
"Forbes1954","dbpedia_3649","1.0","SBA Communications","SBA Communications"
"Forbes1362","dbpedia_324","0.8888888888888888","Arthur J. Gallagher","Arthur J. Gallagher & Co."
"Forbes1940","dbpedia_98","0.7","Andhra Bank","Adabank"
"Forbes804","dbpedia_494","0.8181818181818181","Bangkok Bank","Bangkok Land"
"Forbes1166","dbpedia_2177","0.782608695652174","Interactive Brokers Group","Interactive Brokers"
"Forbes1174","dbpedia_396","1.0","Autoliv","Autoliv"
"Forbes111","dbpedia_29","0.75","AIA Group","ACS Group"
"Forbes1483","dbpedia_4353","0.7407407407407407","Taishin Financial Holdings","Tokai Tokyo Financial Holdings"
"Forbes1221","dbpedia_3018","0.8","New York Community","New York Community Bank"
"Forbes202","dbpedia_702","1.0","Brookfield Asset Management","Brookfield Asset Management"
"Forbes778","dbpedia_3612","1.0","ROSSETI","Rosseti"
"Forbes202","dbpedia_703","1.0","Brookfield Asset Management","Brookfield Asset Management"
"Forbes171","dbpedia_1946","1.0","Hewlett Packard Enterprise","Hewlett Packard Enterprise"
"Forbes72","dbpedia_982","0.8333333333333334","Citic Pacific","City Pacific"
"Forbes1531","dbpedia_754","0.7647058823529411","Compal Electronics","CMC Electronics"
"Forbes1893","dbpedia_2531","1.0","Leidos","Leidos"
"Forbes1740","dbpedia_3858","0.7","Shiga Bank","Shonai Bank"
"Forbes390","dbpedia_460","1.0","Baidu","Baidu"
"Forbes1740","dbpedia_3859","0.7","Shiga Bank","Shonai Bank"
"Forbes472","dbpedia_1016","1.0","Colgate-Palmolive","Colgate-Palmolive"
"Forbes530","dbpedia_3886","1.0","Simon Property Group","Simon Property Group"
"Forbes1009","dbpedia_3111","1.0","Novolipetsk Steel","Novolipetsk Steel"
"Forbes1685","dbpedia_1907","1.0","Haseko","Haseko"
"Forbes1284","dbpedia_3264","0.7","PulteGroup","PageGroup"
"Forbes1146","dbpedia_795","1.0","Canadian Tire","Canadian Tire"
"Forbes496","dbpedia_4493","0.7142857142857143","UniCredit Group","UBC Media Group"
"Forbes69","dbpedia_3445","1.0","Prudential Financial","Prudential Financial"
"Forbes1169","dbpedia_2167","1.0","Intact Financial","Intact Financial"
"Forbes231","dbpedia_1735","1.0","General Dynamics","General Dynamics"
"Forbes290","dbpedia_4209","1.0","Tata Motors","Tata Motors"
"Forbes835","dbpedia_1874","0.7","Hermès International","Haitong International"
"Forbes1800","dbpedia_221","0.8","Accor","Amcor"
"Forbes1373","dbpedia_1842","1.0","Gudang Garam","Gudang Garam"
"Forbes1321","dbpedia_971","1.0","Cintas","Cintas"
"Forbes1321","dbpedia_974","1.0","Cintas","Cintas"
"Forbes1740","dbpedia_3888","0.7777777777777778","Shiga Bank","Sina Bank"
"Forbes1321","dbpedia_973","1.0","Cintas","Cintas"
"Forbes1321","dbpedia_972","1.0","Cintas","Cintas"
"Forbes1740","dbpedia_3889","0.7777777777777778","Shiga Bank","Sina Bank"
"Forbes299","dbpedia_3243","1.0","Posco","POSCO"
"Forbes341","dbpedia_3425","1.0","Principal Financial Group","Principal Financial Group"
"Forbes707","dbpedia_4272","1.0","Textron","Textron"
"Forbes1203","dbpedia_4767","1.0","Xerox","Xerox"
"Forbes822","dbpedia_65","0.75","ATOS","AT&S"
"Forbes77","dbpedia_1251","1.0","Deutsche Telekom","Deutsche Telekom"
"Forbes577","dbpedia_751","0.75","CME Group","CJ Group"
"Forbes1574","dbpedia_4781","1.0","Yamada Denki","Yamada Denki"
"Forbes1574","dbpedia_4780","1.0","Yamada Denki","Yamada Denki"
"Forbes381","dbpedia_3291","1.0","PayPal","PayPal"
"Forbes381","dbpedia_3290","1.0","PayPal","PayPal"
"Forbes590","dbpedia_1286","1.0","Dollar Tree","Dollar Tree"
"Forbes1343","dbpedia_320","0.736842105263158","Agilent Technologies","Arlo Technologies"
"Forbes874","dbpedia_1488","0.7142857142857143","Entergy","Evergy"
"Forbes297","dbpedia_3102","1.0","Northrop Grumman","Northrop Grumman"
"Forbes874","dbpedia_1487","0.7142857142857143","Entergy","Evergy"
"Forbes279","dbpedia_687","1.0","Bridgestone","Bridgestone"
"Forbes1235","dbpedia_309","0.7727272727272727","Alexion Pharmaceuticals","Arena Pharmaceuticals"
"Forbes1160","dbpedia_2025","0.75","Hoya","Howa"
"Forbes1160","dbpedia_2026","0.75","Hoya","Howa"
"Forbes1081","dbpedia_1648","0.7391304347826086","First Financial Holding","Fubon Financial Holding Co."
"Forbes1081","dbpedia_1649","0.7391304347826086","First Financial Holding","Fubon Financial Holding Co."
"Forbes1329","dbpedia_1267","0.7222222222222222","Digital Realty Trust","Digital Realty"
"Forbes1430","dbpedia_1022","1.0","Coloplast","Coloplast"
"Forbes1311","dbpedia_1143","1.0","Dxc Technology","DXC Technology"
"Forbes973","dbpedia_4600","0.8333333333333334","Ventas","Vestas"
"Forbes1416","dbpedia_876","1.0","Chang Hwa Bank","Chang Hwa Bank"
"Forbes1875","dbpedia_1585","1.0","First Quantum Minerals","First Quantum Minerals"
"Forbes1127","dbpedia_310","0.7333333333333334","AGNC Investment","Argo Investments"
"Forbes1429","dbpedia_3586","1.0","Rite Aid","Rite Aid"
"Forbes1416","dbpedia_877","1.0","Chang Hwa Bank","Chang Hwa Bank"
"Forbes1574","dbpedia_4779","1.0","Yamada Denki","Yamada Denki"
"Forbes1421","dbpedia_4532","0.7777777777777778","Union Bank of India","Union Bank of Nigeria"
"Forbes614","dbpedia_1489","1.0","Eversource Energy","Eversource Energy"
"Forbes1004","dbpedia_542","1.0","Bank of East Asia","Bank of East Asia"
"Forbes1436","dbpedia_3639","0.8333333333333334","Sabesp","SAAESP"
"Forbes1161","dbpedia_3849","0.7142857142857143","SVB Financial Group","Shinhan Financial Group"
"Forbes1077","dbpedia_4213","0.75","Tata Steel","Tata Steel BSL"
"Forbes331","dbpedia_3894","1.0","SingTel","Singtel"
"Forbes384","dbpedia_2857","1.0","Mitsui Fudosan","Mitsui Fudosan"
"Forbes1020","dbpedia_2620","0.7","MTN Group","MAPNA Group"
"Forbes535","dbpedia_3991","0.7727272727272727","Standard Chartered","Standard Chartered Ghana"
"Forbes1507","dbpedia_506","0.7","Bank Muscat","Bank Mellat"
"Forbes535","dbpedia_3992","0.7727272727272727","Standard Chartered","Standard Chartered Korea"
"Forbes131","dbpedia_239","1.0","Amgen","Amgen"
"Forbes97","dbpedia_226","1.0","American Express","American Express"
"Forbes1077","dbpedia_4212","1.0","Tata Steel","Tata Steel"
"Forbes1154","dbpedia_4079","0.8235294117647058","Sun Art Retail Group","Super Retail Group"
"Forbes1020","dbpedia_2882","0.7","MTN Group","Monex Group"
"Forbes1478","dbpedia_3904","0.7","Storebrand","Slime (brand)"
"Forbes1382","dbpedia_2859","1.0","Mitsui OSK Lines","Mitsui O.S.K. Lines"
"Forbes492","dbpedia_1884","1.0","Hana Financial Group","Hana Financial Group"
"Forbes1235","dbpedia_95","0.7272727272727273","Alexion Pharmaceuticals","Acura Pharmaceuticals"
"Forbes1507","dbpedia_509","1.0","Bank Muscat","Bank Muscat"
"Forbes1055","dbpedia_2174","1.0","Inter Rao","Inter RAO"
"Forbes131","dbpedia_240","1.0","Amgen","Amgen"
"Forbes421","dbpedia_3987","0.7058823529411764","Standard Bank Group","Standard Bank"
"Forbes1507","dbpedia_507","0.7","Bank Muscat","Bank Mellat"
"Forbes1751","dbpedia_4692","1.0","Waste Connections","Waste Connections"
"Forbes646","dbpedia_4570","1.0","VMware","VMware"
"Forbes1463","dbpedia_3524","1.0","Realty Income","Realty Income"
"Forbes658","dbpedia_4430","1.0","Transneft","Transneft"
"Forbes566","dbpedia_1322","0.8","DTE Energy","Duke Energy"
"Forbes1252","dbpedia_4166","0.7307692307692308","Taiwan Cooperative Financial","Taiwan Cooperative Bank"
"Forbes1426","dbpedia_1455","1.0","Equifax","Equifax"
"Forbes1252","dbpedia_4165","0.7307692307692308","Taiwan Cooperative Financial","Taiwan Cooperative Bank"
"Forbes1656","dbpedia_1313","0.75","Dana Holding","Dowa Holdings"
"Forbes358","dbpedia_3408","0.7083333333333333","Power Corp of Canada","Power Corporation of Canada"
"Forbes1331","dbpedia_952","0.85","Chugoku Electric Power","Chubu Electric Power"
"Forbes329","dbpedia_937","1.0","China Resources Land","China Resources Land"
"Forbes1656","dbpedia_1314","0.75","Dana Holding","Dowa Holdings"
"Forbes1693","dbpedia_1350","1.0","EQT","EQT"
"Forbes731","dbpedia_3438","1.0","Prologis","Prologis"
"Forbes1343","dbpedia_70","0.736842105263158","Agilent Technologies","ATI Technologies"
"Forbes624","dbpedia_2247","0.75","JXTG Holdings","JFE Holdings"
"Forbes1549","dbpedia_195","0.7","Alinma Bank","Aloqabank"
"Forbes1549","dbpedia_196","0.7","Alinma Bank","Aloqabank"
"Forbes952","dbpedia_466","1.0","Baker Hughes","Baker Hughes"
"Forbes1498","dbpedia_238","1.0","Ametek","Ametek"
"Forbes42","dbpedia_919","1.0","China Merchants Bank","China Merchants Bank"
"Forbes1078","dbpedia_554","0.7","Bankinter","BankUnited"
"Forbes958","dbpedia_1858","1.0","HCL Technologies","HCL Technologies"
"Forbes1343","dbpedia_69","0.736842105263158","Agilent Technologies","ATI Technologies"
"Forbes1246","dbpedia_388","0.7","Air Canada","AutoCanada"
"Forbes1843","dbpedia_1029","0.8095238095238095","Commercial Bank of Qatar","Commercial Bank of Dubai"
"Forbes624","dbpedia_2246","0.75","JXTG Holdings","JFE Holdings"
"Forbes1694","dbpedia_3645","0.75","Snap","SAP"
"Forbes24","dbpedia_199","0.7272727272727273","Alphabet","Alphabet Inc."
"Forbes184","dbpedia_3949","1.0","Southern Company","Southern Company"
"Forbes1967","dbpedia_1028","1.0","Commerce Bancshares","Commerce Bancshares"
"Forbes685","dbpedia_1322","0.7","Dong Energy","Duke Energy"
"Forbes1104","dbpedia_357","1.0","Assurant","Assurant"
"Forbes525","dbpedia_751","0.75","CIC Group","CJ Group"
"Forbes1961","dbpedia_1287","1.0","Dollarama","Dollarama"
"Forbes764","dbpedia_4424","1.0","Toyota Tsusho","Toyota Tsusho"
"Forbes1064","dbpedia_668","1.0","Boston Properties","Boston Properties"
"Forbes410","dbpedia_2671","1.0","Magna International","Magna International"
"Forbes796","dbpedia_4709","1.0","Welltower","Welltower"
"Forbes209","dbpedia_958","1.0","Cigna","Cigna"
"Forbes209","dbpedia_957","1.0","Cigna","Cigna"
"Forbes1302","dbpedia_4609","1.0","Vicinity Centres","Vicinity Centres"
"Forbes209","dbpedia_956","1.0","Cigna","Cigna"
"Forbes209","dbpedia_955","1.0","Cigna","Cigna"
"Forbes1184","dbpedia_2907","1.0","Motorola Solutions","Motorola Solutions"
"Forbes1338","dbpedia_2436","1.0","Kobe Steel","Kobe Steel"
"Forbes407","dbpedia_1335","1.0","eBay","EBay"
"Forbes539","dbpedia_3758","1.0","Sasol","Sasol"
"Forbes1500","dbpedia_1171","1.0","Dangote Cement","Dangote Cement"
"Forbes1020","dbpedia_2733","0.7","MTN Group","Match Group"
"Forbes1338","dbpedia_2437","1.0","Kobe Steel","Kobe Steel"
"Forbes1500","dbpedia_1170","1.0","Dangote Cement","Dangote Cement"
"Forbes1302","dbpedia_4606","1.0","Vicinity Centres","Vicinity Centres"
"Forbes675","dbpedia_2401","0.875","Kellogg","Kellogg's"
"Forbes519","dbpedia_1049","1.0","ConocoPhillips","ConocoPhillips"
"Forbes1500","dbpedia_1172","1.0","Dangote Cement","Dangote Cement"
"Forbes1302","dbpedia_4608","1.0","Vicinity Centres","Vicinity Centres"
"Forbes1302","dbpedia_4607","1.0","Vicinity Centres","Vicinity Centres"
"Forbes1404","dbpedia_193","1.0","Almarai","Almarai"
"Forbes697","dbpedia_3730","0.7","Samsung C&T","Samsung SDI"
"Forbes137","dbpedia_2704","1.0","Manulife","Manulife"
"Forbes1977","dbpedia_704","1.0","Brother Industries","Brother Industries"
"Forbes137","dbpedia_2703","1.0","Manulife","Manulife"
"Forbes1022","dbpedia_3824","1.0","Severstal","Severstal"
"Forbes562","dbpedia_4096","0.8","Shire","Swire"
"Forbes1020","dbpedia_2741","0.75","MTN Group","Max Group"
"Forbes1042","dbpedia_2197","1.0","Intuit","Intuit"
"Forbes1288","dbpedia_390","1.0","AutoNation","AutoNation"
"Forbes1930","dbpedia_570","0.7272727272727273","BioMarin Pharmaceutical","Beacon Pharmaceuticals"
"Forbes1508","dbpedia_759","0.7391304347826086","Concordia Financial Group","CNO Financial Group"
"Forbes608","dbpedia_1125","0.8125","Dell Technologies","D-Box Technologies"
"Forbes1789","dbpedia_2408","0.75","Kiyo Bank","KeyBank"
"Forbes562","dbpedia_4097","0.8","Shire","Swire"
"Forbes1288","dbpedia_392","1.0","AutoNation","AutoNation"
"Forbes1941","dbpedia_4492","1.0","US Steel","U.S. Steel"
"Forbes1288","dbpedia_391","1.0","AutoNation","AutoNation"
"Forbes997","dbpedia_978","0.7777777777777778","CGI Group","Citigroup"
"Forbes1417","dbpedia_3730","0.9","Samsung SDS","Samsung SDI"
"Forbes974","dbpedia_732","1.0","CBRE Group","CBRE Group"
"Forbes1073","dbpedia_2021","1.0","Host Hotels & Resorts","Host Hotels & Resorts"
"Forbes1518","dbpedia_906","1.0","China Communications Services","China Communications Services"
"Forbes1483","dbpedia_4160","1.0","Taishin Financial Holdings","Taishin Financial Holdings"
"Forbes1235","dbpedia_60","0.7727272727272727","Alexion Pharmaceuticals","ARIAD Pharmaceuticals"
"Forbes1522","dbpedia_196","0.7777777777777778","Alpha Bank","Aloqabank"
"Forbes1483","dbpedia_4161","1.0","Taishin Financial Holdings","Taishin Financial Holdings"
"Forbes450","dbpedia_952","1.0","Chubu Electric Power","Chubu Electric Power"
"Forbes1522","dbpedia_195","0.7777777777777778","Alpha Bank","Aloqabank"
"Forbes946","dbpedia_1736","0.7","Galaxy Entertainment","General Entertainment"
"Forbes946","dbpedia_1737","0.7","Galaxy Entertainment","General Entertainment"
"Forbes1093","dbpedia_202","1.0","Alrosa","Alrosa"
"Forbes1175","dbpedia_1958","1.0","Hindalco Industries","Hindalco Industries"
"Forbes1583","dbpedia_4724","1.0","Westlake Chemical","Westlake Chemical"
"Forbes1377","dbpedia_221","1.0","Amcor","Amcor"
"Forbes557","dbpedia_192","1.0","Ally Financial","Ally Financial"
"Forbes427","dbpedia_2418","1.0","Kimberly-Clark","Kimberly-Clark"
"Forbes75","dbpedia_925","0.85","China Minsheng Banking","China Minsheng Bank"
"Forbes239","dbpedia_4059","1.0","Sun Life Financial","Sun Life Financial"
"Forbes1165","dbpedia_2852","0.736842105263158","Mitsubishi Materials","Mitsubishi Motors"
"Forbes1165","dbpedia_2851","1.0","Mitsubishi Materials","Mitsubishi Materials"
"Forbes503","dbpedia_843","0.7857142857142857","Caterpillar","Caterpillar Inc."
"Forbes392","dbpedia_2628","0.7142857142857143","Maybank","MKB Bank"
"Forbes503","dbpedia_844","0.7857142857142857","Caterpillar","Caterpillar Inc."
"Forbes1236","dbpedia_299","1.0","Aramark","Aramark"
"Forbes1165","dbpedia_2850","1.0","Mitsubishi Materials","Mitsubishi Materials"
"Forbes1236","dbpedia_298","1.0","Aramark","Aramark"
"Forbes1288","dbpedia_389","1.0","AutoNation","AutoNation"
"Forbes1476","dbpedia_279","0.8","Aozora Bank","Aomori Bank"
"Forbes2000","dbpedia_4219","1.0","Tech Mahindra","Tech Mahindra"
"Forbes1696","dbpedia_3728","1.0","Samsung Heavy Industries","Samsung Heavy Industries"
"Forbes825","dbpedia_2059","1.0","Hyundai Steel","Hyundai Steel"
"Forbes512","dbpedia_3570","1.0","Resona Holdings","Resona Holdings"
"Forbes111","dbpedia_146","0.7777777777777778","AIA Group","Akij Group"
"Forbes1235","dbpedia_162","0.8181818181818181","Alexion Pharmaceuticals","Alembic Pharmaceuticals"
"Forbes1815","dbpedia_550","1.0","Bank of Queensland","Bank of Queensland"
"Forbes497","dbpedia_2614","1.0","M&T Bank","M&T Bank"
"Forbes379","dbpedia_2732","1.0","Mastercard","Mastercard"
"Forbes379","dbpedia_2731","1.0","Mastercard","Mastercard"
"Forbes1904","dbpedia_2811","1.0","Microchip Technology","Microchip Technology"
"Forbes686","dbpedia_2587","0.75","Level 3 Communications","Look Communications"
"Forbes56","dbpedia_4091","0.75","Sberbank","Swedbank"
"Forbes392","dbpedia_2621","0.7142857142857143","Maybank","MCB Bank"
"Forbes22","dbpedia_926","1.0","China Mobile","China Mobile"
"Forbes1337","dbpedia_3626","1.0","RusHydro","RusHydro"
"Forbes1561","dbpedia_3855","1.0","Shizuoka Bank","Shizuoka Bank"
"Forbes22","dbpedia_928","1.0","China Mobile","China Mobile"
"Forbes22","dbpedia_927","1.0","China Mobile","China Mobile"
"Forbes534","dbpedia_925","0.7647058823529411","China Zheshang Bank","China Minsheng Bank"
"Forbes22","dbpedia_929","1.0","China Mobile","China Mobile"
"Forbes888","dbpedia_1253","1.0","Devon Energy","Devon Energy"
"Forbes1264","dbpedia_3919","1.0","Sojitz","Sojitz"
"Forbes22","dbpedia_932","1.0","China Mobile","China Mobile"
"Forbes22","dbpedia_931","1.0","China Mobile","China Mobile"
"Forbes742","dbpedia_2150","0.7142857142857143","Industrial Bank of Korea","Industrial Bank (China)"
"Forbes683","dbpedia_4727","1.0","Weyerhaeuser","Weyerhaeuser"
"Forbes22","dbpedia_930","1.0","China Mobile","China Mobile"
"Forbes1348","dbpedia_1402","0.7741935483870968","Electric Power Development","Electric Power Development Company"
"Forbes22","dbpedia_933","1.0","China Mobile","China Mobile"
"Forbes1178","dbpedia_3292","1.0","Paychex","Paychex"
"Forbes906","dbpedia_2096","0.7","Infineon Technologies","IONA Technologies"
"Forbes302","dbpedia_2311","1.0","KB Financial Group","KB Financial Group"
"Forbes184","dbpedia_4040","0.7142857142857143","Southern Company","Sui Southern Gas Company"
"Forbes1279","dbpedia_3092","0.7142857142857143","Nitori Holdings","Nomura Holdings"
"Forbes1849","dbpedia_3355","1.0","Phosagro","PhosAgro"
"Forbes1978","dbpedia_896","0.7083333333333333","Chicago Bridge & Iron","Chicago Bridge & Iron Company"
"Forbes527","dbpedia_2108","0.8333333333333334","Isbank","IWBank"
"Forbes1020","dbpedia_2724","0.7","MTN Group","Masan Group"
"Forbes78","dbpedia_902","1.0","China Citic Bank","China CITIC Bank"
"Forbes1916","dbpedia_520","0.75","Bank of Nagoya","Bank of Baroda"
"Forbes265","dbpedia_3849","1.0","Shinhan Financial Group","Shinhan Financial Group"
"Forbes1594","dbpedia_915","0.7058823529411764","China International Marine","China International Marine Containers"
"Forbes1464","dbpedia_174","0.7333333333333334","AECOM Technology","Align Technology"
"Forbes1819","dbpedia_2032","0.7","Habib Bank","Huaxia Bank"
"Forbes42","dbpedia_922","1.0","China Merchants Bank","China Merchants Bank"
"Forbes42","dbpedia_921","1.0","China Merchants Bank","China Merchants Bank"
"Forbes1235","dbpedia_276","0.7272727272727273","Alexion Pharmaceuticals","Anthera Pharmaceuticals"
"Forbes42","dbpedia_920","1.0","China Merchants Bank","China Merchants Bank"
"Forbes402","dbpedia_2203","1.0","Investor AB","Investor AB"
"Forbes111","dbpedia_291","0.7","AIA Group","AptarGroup"
"Forbes899","dbpedia_2484","0.7","L3 Technologies","L3Harris Technologies"
"Forbes525","dbpedia_978","0.7777777777777778","CIC Group","Citigroup"
"Forbes1439","dbpedia_1455","0.7142857142857143","Equinix","Equifax"
"Forbes881","dbpedia_2370","1.0","Kajima","Kajima"
"Forbes1585","dbpedia_4090","0.7142857142857143","Suzuken","Suzuki"
"Forbes881","dbpedia_2371","1.0","Kajima","Kajima"
"Forbes881","dbpedia_2372","1.0","Kajima","Kajima"
"Forbes50","dbpedia_3871","1.0","Siemens","Siemens"
"Forbes1883","dbpedia_4753","0.7","Workday","Workday, Inc."
"Forbes483","dbpedia_2514","1.0","Larsen & Toubro","Larsen & Toubro"
"Forbes344","dbpedia_2659","1.0","Macquarie Group","Macquarie Group"
"Forbes1684","dbpedia_3649","0.8888888888888888","Shaw Communications","SBA Communications"
"Forbes1756","dbpedia_3412","1.0","Prada","Prada"
"Forbes1058","dbpedia_3182","1.0","Oneok","Oneok"
"Forbes1088","dbpedia_2048","1.0","Hydro One","Hydro One"
"Forbes1194","dbpedia_3146","0.7142857142857143","Origin Energy","Obsidian Energy"
"Forbes2","dbpedia_910","1.0","China Construction Bank","China Construction Bank"
"Forbes881","dbpedia_2369","1.0","Kajima","Kajima"
"Forbes526","dbpedia_2465","1.0","Kubota","Kubota"
"Forbes1088","dbpedia_2047","1.0","Hydro One","Hydro One"
"Forbes1620","dbpedia_3310","1.0","People's United Financial","People's United Financial"
"Forbes526","dbpedia_2464","1.0","Kubota","Kubota"
"Forbes1088","dbpedia_2049","1.0","Hydro One","Hydro One"
"Forbes1620","dbpedia_3311","1.0","People's United Financial","People's United Financial"
"Forbes1779","dbpedia_1100","0.75","Credit Saison","Credit Suisse"
"Forbes944","dbpedia_556","1.0","Banque Saudi Fransi","Banque Saudi Fransi"
"Forbes320","dbpedia_1466","1.0","Etisalat","Etisalat"
"Forbes1843","dbpedia_1030","1.0","Commercial Bank of Qatar","Commercial Bank of Qatar"
"Forbes1765","dbpedia_1134","1.0","DGB Financial Group","DGB Financial Group"
"Forbes52","dbpedia_916","0.72","China Life Insurance","China Life Insurance Company"
"Forbes1458","dbpedia_3854","1.0","Shiseido","Shiseido"
"Forbes42","dbpedia_923","0.7777777777777778","China Merchants Bank","China Merchants Port"
"Forbes719","dbpedia_501","0.7142857142857143","Bankia","Bank Day"
"Forbes272","dbpedia_83","1.0","Accenture","Accenture"
"Forbes467","dbpedia_2671","0.7142857142857143","Marriott International","Magna International"
"Forbes392","dbpedia_2614","0.7142857142857143","Maybank","M&T Bank"
"Forbes1476","dbpedia_280","1.0","Aozora Bank","Aozora Bank"
"Forbes1620","dbpedia_3308","1.0","People's United Financial","People's United Financial"
"Forbes1620","dbpedia_3309","1.0","People's United Financial","People's United Financial"
"Forbes1620","dbpedia_3307","1.0","People's United Financial","People's United Financial"
"Forbes1556","dbpedia_3503","1.0","Rajesh Exports","Rajesh Exports"
"Forbes1071","dbpedia_3142","1.0","OTP Bank","OTP Bank"
"Forbes497","dbpedia_2621","0.7142857142857143","M&T Bank","MCB Bank"
"Forbes1085","dbpedia_2199","0.875","Investec","Inventec"
"Forbes1256","dbpedia_3800","1.0","Sekisui Chemical","Sekisui Chemical"
"Forbes1946","dbpedia_4315","1.0","Thomas Cook Group","Thomas Cook Group"
"Forbes1822","dbpedia_893","1.0","Chesapeake Energy","Chesapeake Energy"
"Forbes1644","dbpedia_4624","0.7619047619047619","Vertex Pharmaceuticals","Vion Pharmaceuticals"
"Forbes497","dbpedia_2628","0.7142857142857143","M&T Bank","MKB Bank"
"Forbes596","dbpedia_3620","0.7142857142857143","Royal Caribbean Cruises","Royal Caribbean Group"
"Forbes2","dbpedia_907","1.0","China Construction Bank","China Construction Bank"
"Forbes1446","dbpedia_1329","1.0","E-mart","E-mart"
"Forbes2","dbpedia_908","1.0","China Construction Bank","China Construction Bank"
"Forbes2","dbpedia_909","1.0","China Construction Bank","China Construction Bank"
"Forbes997","dbpedia_751","0.75","CGI Group","CJ Group"
"Forbes985","dbpedia_764","1.0","CP All","CP All"
"Forbes616","dbpedia_2054","1.0","Hyundai Heavy Industries","Hyundai Heavy Industries"
"Forbes1444","dbpedia_1799","1.0","Goodman Group","Goodman Group"
"Forbes1885","dbpedia_1988","0.75","Hokkaido Electric Power","Hokkaido Electric Power Company"
"Forbes1330","dbpedia_158","1.0","Alcoa","Alcoa"
"Forbes1219","dbpedia_3853","1.0","Shionogi","Shionogi"
"Forbes1407","dbpedia_4152","0.7857142857142857","Targa Resources","Tahoe Resources"
"Forbes1885","dbpedia_1989","0.75","Hokkaido Electric Power","Hokkaido Electric Power Company"
"Forbes1219","dbpedia_3852","1.0","Shionogi","Shionogi"
"Forbes819","dbpedia_2247","1.0","JFE Holdings","JFE Holdings"
"Forbes435","dbpedia_2853","0.7222222222222222","Mitsubishi Chemical","Mitsui Chemicals"
"Forbes1805","dbpedia_2003","1.0","Hologic","Hologic"
"Forbes435","dbpedia_2854","0.7222222222222222","Mitsubishi Chemical","Mitsui Chemicals"
"Forbes937","dbpedia_757","1.0","CMS Energy","CMS Energy"
"Forbes1805","dbpedia_2002","1.0","Hologic","Hologic"
"Forbes1934","dbpedia_2137","1.0","Indiabulls Housing Finance","Indiabulls Housing Finance"
"Forbes819","dbpedia_2246","1.0","JFE Holdings","JFE Holdings"
"Forbes474","dbpedia_3845","1.0","Shin-Etsu Chemical","Shin-Etsu Chemical"
"Forbes1984","dbpedia_546","1.0","Bank of Iwate","Bank of Iwate"
"Forbes1278","dbpedia_1358","0.7333333333333334","East West Bancorp","EastWest Bank"
"Forbes1278","dbpedia_1359","0.7333333333333334","East West Bancorp","EastWest Bank"
"Forbes474","dbpedia_3846","1.0","Shin-Etsu Chemical","Shin-Etsu Chemical"
"Forbes460","dbpedia_1654","0.7142857142857143","Fujitsu","Fuji TV"
"Forbes376","dbpedia_4091","1.0","Swedbank","Swedbank"
"Forbes1999","dbpedia_3142","0.75","Oita Bank","OTP Bank"
"Forbes1885","dbpedia_1981","0.75","Hokkaido Electric Power","Hokkaido Electric Power Company"
"Forbes1998","dbpedia_319","0.7222222222222222","Akamai Technologies","Arlo Technologies"
"Forbes1885","dbpedia_1983","0.75","Hokkaido Electric Power","Hokkaido Electric Power Company"
"Forbes1197","dbpedia_3304","0.7142857142857143","Pentair","Pentax"
"Forbes1761","dbpedia_4261","1.0","Tenneco","Tenneco"
"Forbes1772","dbpedia_3047","0.7","Ningbo Port","Ningbo Bird"
"Forbes1282","dbpedia_3654","0.875","SKF Group","SDF Group"
"Forbes1885","dbpedia_1982","0.75","Hokkaido Electric Power","Hokkaido Electric Power Company"
"Forbes1376","dbpedia_1464","1.0","Essex Property Trust","Essex Property Trust"
"Forbes692","dbpedia_94","1.0","Activision Blizzard","Activision Blizzard"
"Forbes1885","dbpedia_1980","0.75","Hokkaido Electric Power","Hokkaido Electric Power Company"
"Forbes1885","dbpedia_1986","0.75","Hokkaido Electric Power","Hokkaido Electric Power Company"
"Forbes817","dbpedia_4402","1.0","Toshiba","Toshiba"
"Forbes1696","dbpedia_4046","0.7391304347826086","Samsung Heavy Industries","Sumitomo Heavy Industries"
"Forbes1885","dbpedia_1987","0.75","Hokkaido Electric Power","Hokkaido Electric Power Company"
"Forbes1696","dbpedia_4045","0.7391304347826086","Samsung Heavy Industries","Sumitomo Heavy Industries"
"Forbes376","dbpedia_4099","0.75","Swedbank","Sydbank"
"Forbes1885","dbpedia_1984","0.75","Hokkaido Electric Power","Hokkaido Electric Power Company"
"Forbes1282","dbpedia_3657","0.75","SKF Group","SEB Group"
"Forbes1885","dbpedia_1985","0.75","Hokkaido Electric Power","Hokkaido Electric Power Company"
"Forbes1282","dbpedia_3656","0.75","SKF Group","SEB Group"
"Forbes1060","dbpedia_723","1.0","C.H. Robinson","C. H. Robinson"
"Forbes370","dbpedia_3999","1.0","Starbucks","Starbucks"
"Forbes315","dbpedia_236","1.0","AmerisourceBergen","AmerisourceBergen"
"Forbes919","dbpedia_4658","0.7222222222222222","Vornado Realty","Vornado Realty Trust"
"Forbes664","dbpedia_1617","1.0","Fortescue Metals Group","Fortescue Metals Group"
"Forbes754","dbpedia_4225","1.0","Teck Resources","Teck Resources"
"Forbes1307","dbpedia_123","0.7","Arab Bank","Agrani Bank"
"Forbes1066","dbpedia_3572","1.0","Restaurant Brands International","Restaurant Brands International"
"Forbes622","dbpedia_2919","1.0","Murata Manufacturing","Murata Manufacturing"
"Forbes1405","dbpedia_3193","1.0","Open Text","OpenText"
"Forbes560","dbpedia_2975","1.0","National Bank of Canada","National Bank of Canada"
"Forbes560","dbpedia_2976","0.8","National Bank of Canada","National Bank of Kenya"
"Forbes196","dbpedia_1250","1.0","Deutsche Post","Deutsche Post"
"Forbes242","dbpedia_178","0.7222222222222222","Abbott Laboratories","Alkem Laboratories"
"Forbes1889","dbpedia_2815","1.0","Mid-america Apartment Communities","Mid-America Apartment Communities"
"Forbes6","dbpedia_126","1.0","Agricultural Bank of China","Agricultural Bank of China"
"Forbes1951","dbpedia_3378","0.7142857142857143","Pearson","Plasson"
"Forbes215","dbpedia_2754","1.0","McDonald's","McDonald's"
"Forbes6","dbpedia_125","1.0","Agricultural Bank of China","Agricultural Bank of China"
"Forbes938","dbpedia_1042","1.0","Conagra Brands","Conagra Brands"
"Forbes6","dbpedia_124","1.0","Agricultural Bank of China","Agricultural Bank of China"
"Forbes835","dbpedia_1912","0.7894736842105263","Hermès International","Haynes International"
"Forbes11","dbpedia_66","1.0","AT&T","AT&T"
"Forbes912","dbpedia_2234","0.7142857142857143","Invesco","Iveco"
"Forbes560","dbpedia_2977","0.75","National Bank of Canada","National Bank of Kuwait"
"Forbes978","dbpedia_2162","1.0","Inpex","Inpex"
"Forbes560","dbpedia_2978","0.8","National Bank of Canada","National Bank of Malawi"
"Forbes1885","dbpedia_1990","0.75","Hokkaido Electric Power","Hokkaido Electric Power Company"
"Forbes1988","dbpedia_554","1.0","Bankunited","BankUnited"
"Forbes978","dbpedia_2163","1.0","Inpex","Inpex"
"Forbes560","dbpedia_2979","0.7272727272727273","National Bank of Canada","National Bank of Pakistan"
"Forbes6","dbpedia_127","1.0","Agricultural Bank of China","Agricultural Bank of China"
"Forbes1885","dbpedia_1994","0.75","Hokkaido Electric Power","Hokkaido Electric Power Company"
"Forbes1783","dbpedia_345","1.0","Asian Paints","Asian Paints"
"Forbes1885","dbpedia_1995","0.75","Hokkaido Electric Power","Hokkaido Electric Power Company"
"Forbes1885","dbpedia_1991","0.75","Hokkaido Electric Power","Hokkaido Electric Power Company"
"Forbes1885","dbpedia_1993","0.75","Hokkaido Electric Power","Hokkaido Electric Power Company"
"Forbes673","dbpedia_4139","0.7142857142857143","Tatneft","TTNET"
"Forbes1885","dbpedia_1992","0.75","Hokkaido Electric Power","Hokkaido Electric Power Company"
"Forbes1330","dbpedia_159","0.8","Alcoa","Alcon"
"Forbes224","dbpedia_1550","1.0","Fiat Chrysler Automobiles","Fiat Chrysler Automobiles"
"Forbes616","dbpedia_2055","1.0","Hyundai Heavy Industries","Hyundai Heavy Industries"
"Forbes1020","dbpedia_2689","0.875","MTN Group","Man Group"
"Forbes688","dbpedia_2965","0.8","Nidec","Nadec"
"Forbes924","dbpedia_505","0.7","Bank Negara Indonesia","Bank Maybank Indonesia"
"Forbes705","dbpedia_1165","0.75","Daiwa Securities","Daiwa Securities Group"
"Forbes260","dbpedia_1309","0.75","Deere & Company","Doro (company)"
"Forbes335","dbpedia_2882","0.7","Midea Group","Monex Group"
"Forbes605","dbpedia_4454","0.7058823529411764","Toray Industries","Trinity Industries"
"Forbes482","dbpedia_2737","0.7647058823529411","Micron Technology","Mattson Technology"
"Forbes959","dbpedia_3588","1.0","Riyad Bank","Riyad Bank"
"Forbes453","dbpedia_1557","0.7647058823529411","Fifth Third Bancorp","Fifth Third Bank"
"Forbes1629","dbpedia_1838","1.0","Guangdong Investment","Guangdong Investment"
"Forbes1533","dbpedia_2853","1.0","Mitsui Chemicals","Mitsui Chemicals"
"Forbes335","dbpedia_2620","0.7","Midea Group","MAPNA Group"
"Forbes482","dbpedia_2736","0.7647058823529411","Micron Technology","Mattson Technology"
"Forbes13","dbpedia_1506","1.0","Exxon Mobil","ExxonMobil"
"Forbes1533","dbpedia_2854","1.0","Mitsui Chemicals","Mitsui Chemicals"
"Forbes1232","dbpedia_3851","1.0","Shinsei Bank","Shinsei Bank"
"Forbes969","dbpedia_4660","1.0","Voya Financial","Voya Financial"
"Forbes1834","dbpedia_2199","1.0","Inventec","Inventec"
"Forbes1821","dbpedia_3397","0.7","Popular","Popular, Inc."
"Forbes1020","dbpedia_2690","0.875","MTN Group","Man Group"
"Forbes966","dbpedia_3450","1.0","Public Storage","Public Storage"
"Forbes1232","dbpedia_3858","0.7272727272727273","Shinsei Bank","Shonai Bank"
"Forbes726","dbpedia_3126","1.0","NVIDIA","Nvidia"
"Forbes1232","dbpedia_3859","0.7272727272727273","Shinsei Bank","Shonai Bank"
"Forbes726","dbpedia_3125","1.0","NVIDIA","Nvidia"
"Forbes666","dbpedia_3930","0.75","Solvay","Solvay S.A."
"Forbes912","dbpedia_2201","1.0","Invesco","Invesco"
"Forbes507","dbpedia_3175","1.0","Omnicom Group","Omnicom Group"
"Forbes666","dbpedia_3931","0.75","Solvay","Solvay S.A."
"Forbes666","dbpedia_3932","0.75","Solvay","Solvay S.A."
"Forbes1925","dbpedia_898","0.7037037037037037","China Agri-Industries","China Agri-Industries Holdings"
"Forbes1672","dbpedia_4265","1.0","Ternium","Ternium"
"Forbes1090","dbpedia_2277","1.0","Japan Exchange Group","Japan Exchange Group"
"Forbes281","dbpedia_812","1.0","Cardinal Health","Cardinal Health"
"Forbes1090","dbpedia_2276","1.0","Japan Exchange Group","Japan Exchange Group"
"Forbes178","dbpedia_3645","1.0","SAP","SAP"
"Forbes1307","dbpedia_295","1.0","Arab Bank","Arab Bank"
"Forbes1885","dbpedia_1978","0.75","Hokkaido Electric Power","Hokkaido Electric Power Company"
"Forbes277","dbpedia_3787","0.7142857142857143","Seven & I Holdings","Seah Holdings"
"Forbes1682","dbpedia_72","1.0","AU Optronics","AU Optronics"
"Forbes1003","dbpedia_3407","1.0","Power Assets Holdings","Power Assets Holdings"
"Forbes924","dbpedia_515","0.75","Bank Negara Indonesia","Bank Syariah Indonesia"
"Forbes1885","dbpedia_1979","0.75","Hokkaido Electric Power","Hokkaido Electric Power Company"
"Forbes348","dbpedia_4189","0.7407407407407407","Takeda Pharmaceutical","Takeda Pharmaceutical Company"
"Forbes1608","dbpedia_1868","0.7","HRG Group","HRnetGroup"
"Forbes348","dbpedia_4188","0.7407407407407407","Takeda Pharmaceutical","Takeda Pharmaceutical Company"
"Forbes1476","dbpedia_195","0.7","Aozora Bank","Aloqabank"
"Forbes487","dbpedia_4065","1.0","Suncor Energy","Suncor Energy"
"Forbes348","dbpedia_4187","0.7407407407407407","Takeda Pharmaceutical","Takeda Pharmaceutical Company"
"Forbes1476","dbpedia_196","0.7","Aozora Bank","Aloqabank"
"Forbes65","dbpedia_3830","0.8620689655172413","Shanghai Pudong Development","Shanghai Pudong Development Bank"
"Forbes1930","dbpedia_619","0.7391304347826086","BioMarin Pharmaceutical","BioCryst Pharmaceuticals"
"Forbes511","dbpedia_1836","0.7","Grupo ACS","Grupo Famsa"
"Forbes511","dbpedia_1837","0.7","Grupo ACS","Grupo Famsa"
"Forbes304","dbpedia_3198","0.75","Orange","Orange S.A."
"Forbes1019","dbpedia_2441","1.0","Kohl's","Kohl's"
"Forbes130","dbpedia_4096","0.7142857142857143","Swiss Re","Swire"
"Forbes304","dbpedia_3199","0.75","Orange","Orange S.A."
"Forbes564","dbpedia_499","1.0","Bank Central Asia","Bank Central Asia"
"Forbes130","dbpedia_4097","0.7142857142857143","Swiss Re","Swire"
"Forbes1821","dbpedia_3398","0.7","Popular","Popular, Inc."
"Forbes924","dbpedia_510","1.0","Bank Negara Indonesia","Bank Negara Indonesia"
"Forbes605","dbpedia_4317","0.8","Toray Industries","Thor Industries"
"Forbes666","dbpedia_3926","0.75","Solvay","Solvay S.A."
"Forbes666","dbpedia_3927","0.75","Solvay","Solvay S.A."
"Forbes666","dbpedia_3928","0.75","Solvay","Solvay S.A."
"Forbes666","dbpedia_3929","0.75","Solvay","Solvay S.A."
"Forbes1953","dbpedia_2906","1.0","Motherson Sumi Systems","Motherson Sumi Systems"
"Forbes1998","dbpedia_320","0.7222222222222222","Akamai Technologies","Arlo Technologies"
"Forbes1537","dbpedia_4156","1.0","Taiheiyo Cement","Taiheiyo Cement"
"Forbes1537","dbpedia_4155","1.0","Taiheiyo Cement","Taiheiyo Cement"
"Forbes1528","dbpedia_4168","1.0","Taiwan Mobile","Taiwan Mobile"
"Forbes1282","dbpedia_3647","0.75","SKF Group","SAS Group"
"Forbes1559","dbpedia_4267","1.0","Terumo","Terumo"
"Forbes1608","dbpedia_1863","0.75","HRG Group","HMS Group"
"Forbes1282","dbpedia_3646","0.75","SKF Group","SAS Group"
"Forbes1486","dbpedia_2668","0.7272727272727273","Meritz Financial Group","Magellan Financial Group"
"Forbes1559","dbpedia_4266","1.0","Terumo","Terumo"
"Forbes410","dbpedia_2714","0.7142857142857143","Magna International","Marriott International"
"Forbes41","dbpedia_1740","1.0","General Motors","General Motors"
"Forbes749","dbpedia_2041","1.0","Husky Energy","Husky Energy"
"Forbes448","dbpedia_1628","1.0","Fosun International","Fosun International"
"Forbes253","dbpedia_3729","1.0","Samsung Life Insurance","Samsung Life Insurance"
"Forbes666","dbpedia_3925","0.75","Solvay","Solvay S.A."
"Forbes485","dbpedia_4163","0.75","Teva Pharmaceutical","Taisho Pharmaceutical"
"Forbes893","dbpedia_400","1.0","Avalonbay Communities","AvalonBay Communities"
"Forbes722","dbpedia_3147","1.0","Occidental Petroleum","Occidental Petroleum"
"Forbes485","dbpedia_4162","0.75","Teva Pharmaceutical","Taisho Pharmaceutical"
"Forbes1610","dbpedia_652","0.7777777777777778","Boliden","Boliden AB"
"Forbes715","dbpedia_4240","0.7142857142857143","Telenor","TeleNav"
"Forbes1464","dbpedia_243","0.8","AECOM Technology","Amkor Technology"
"Forbes652","dbpedia_1819","1.0","Great Wall Motor","Great Wall Motor"
"Forbes652","dbpedia_1818","1.0","Great Wall Motor","Great Wall Motor"
"Forbes602","dbpedia_329","1.0","Asahi Kasei","Asahi Kasei"
"Forbes305","dbpedia_4083","1.0","Surgutneftegas","Surgutneftegas"
"Forbes650","dbpedia_16","0.75","Aeon","AAON"
"Forbes970","dbpedia_303","1.0","Arch Capital Group","Arch Capital Group"
"Forbes808","dbpedia_1127","1.0","DR Horton","D. R. Horton"
"Forbes1998","dbpedia_405","0.7777777777777778","Akamai Technologies","Avax Technologies"
"Forbes602","dbpedia_330","1.0","Asahi Kasei","Asahi Kasei"
"Forbes605","dbpedia_4393","0.8666666666666667","Toray Industries","Topy Industries"
"Forbes260","dbpedia_1236","0.75","Deere & Company","Denka (company)"
"Forbes1998","dbpedia_406","0.7777777777777778","Akamai Technologies","Avax Technologies"
"Forbes1437","dbpedia_4006","1.0","Steel Dynamics","Steel Dynamics"
"Forbes605","dbpedia_4394","0.8666666666666667","Toray Industries","Topy Industries"
"Forbes260","dbpedia_1235","0.75","Deere & Company","Denka (company)"
"Forbes1641","dbpedia_4477","1.0","Tsinghua Tongfang","Tsinghua Tongfang"
"Forbes343","dbpedia_233","1.0","Ameriprise Financial","Ameriprise Financial"
"Forbes709","dbpedia_3566","1.0","Republic Services","Republic Services"
"Forbes484","dbpedia_113","0.8","Aegon","Aecon"
"Forbes605","dbpedia_4395","1.0","Toray Industries","Toray Industries"
"Forbes605","dbpedia_4396","1.0","Toray Industries","Toray Industries"
"Forbes573","dbpedia_1421","1.0","Emirates NBD","Emirates NBD"
"Forbes1610","dbpedia_665","0.75","Boliden","Bosideng"
"Forbes1610","dbpedia_666","0.75","Boliden","Bosideng"
"Forbes348","dbpedia_4163","0.8","Takeda Pharmaceutical","Taisho Pharmaceutical"
"Forbes889","dbpedia_2023","0.7272727272727273","Hormel Foods","House Foods"
"Forbes348","dbpedia_4162","0.8","Takeda Pharmaceutical","Taisho Pharmaceutical"
"Forbes889","dbpedia_2024","0.7272727272727273","Hormel Foods","House Foods"
"Forbes1852","dbpedia_2936","1.0","NH Investment & Securities","NH Investment & Securities"
"Forbes1550","dbpedia_1546","1.0","Ferrari","Ferrari"
"Forbes1960","dbpedia_1831","1.0","Group 1 Automotive","Group 1 Automotive"
"Forbes1960","dbpedia_1832","1.0","Group 1 Automotive","Group 1 Automotive"
"Forbes520","dbpedia_691","0.8","Baxter International","Brinker International"
"Forbes761","dbpedia_1098","1.0","Credicorp","Credicorp"
"Forbes388","dbpedia_4734","1.0","Wilmar International","Wilmar International"
"Forbes1684","dbpedia_3837","1.0","Shaw Communications","Shaw Communications"
"Forbes839","dbpedia_1156","1.0","Daiichi Sankyo","Daiichi Sankyo"
"Forbes1684","dbpedia_4071","0.8","Shaw Communications","Sunday Communications"
"Forbes839","dbpedia_1155","1.0","Daiichi Sankyo","Daiichi Sankyo"
"Forbes413","dbpedia_4052","0.7037037037037037","Sumitomo Mitsui Trust","Sumitomo Mitsui Trust Holdings"
"Forbes1924","dbpedia_3416","0.7","Premier","Premier Oil"
"Forbes456","dbpedia_4008","1.0","Steinhoff International","Steinhoff International"
"Forbes1198","dbpedia_2152","1.0","Industries Qatar","Industries Qatar"
"Forbes1644","dbpedia_4598","1.0","Vertex Pharmaceuticals","Vertex Pharmaceuticals"
"Forbes1841","dbpedia_1996","1.0","Hokkoku Bank","Hokkoku Bank"
"Forbes1841","dbpedia_1999","0.75","Hokkoku Bank","Hokuriku Bank"
"Forbes969","dbpedia_4627","0.7142857142857143","Voya Financial","Virtu Financial"
"Forbes449","dbpedia_3945","1.0","Sony","Sony"
"Forbes1020","dbpedia_2646","1.0","MTN Group","MTN Group"
"Forbes250","dbpedia_3774","1.0","Schneider Electric","Schneider Electric"
"Forbes449","dbpedia_3944","1.0","Sony","Sony"
"Forbes704","dbpedia_1250","0.7142857142857143","Deutsche Boerse","Deutsche Post"
"Forbes449","dbpedia_3943","1.0","Sony","Sony"
"Forbes1307","dbpedia_98","0.75","Arab Bank","Adabank"
"Forbes449","dbpedia_3942","1.0","Sony","Sony"
"Forbes1689","dbpedia_2875","1.0","Molina Healthcare","Molina Healthcare"
"Forbes631","dbpedia_3257","1.0","Paccar","Paccar"
"Forbes1689","dbpedia_2874","1.0","Molina Healthcare","Molina Healthcare"
"Forbes1312","dbpedia_3096","1.0","Nordstrom","Nordstrom"
"Forbes811","dbpedia_2490","1.0","LG Electronics","LG Electronics"
"Forbes467","dbpedia_2714","1.0","Marriott International","Marriott International"
"Forbes57","dbpedia_4294","0.75","TD Bank Group","The Rank Group"
"Forbes1464","dbpedia_353","0.7333333333333334","AECOM Technology","Aspen Technology"
"Forbes485","dbpedia_4269","0.9473684210526316","Teva Pharmaceutical","Teva Pharmaceuticals"
"Forbes677","dbpedia_1541","1.0","Fast Retailing","Fast Retailing"
"Forbes1020","dbpedia_2647","1.0","MTN Group","MTN Group"
"Forbes49","dbpedia_1794","0.7058823529411764","Goldman Sachs Group","Goldman Sachs"
"Forbes49","dbpedia_1793","0.7058823529411764","Goldman Sachs Group","Goldman Sachs"
"Forbes1359","dbpedia_1108","1.0","Crown Holdings","Crown Holdings"
"Forbes865","dbpedia_4360","1.0","Tokyo Gas","Tokyo Gas"
"Forbes165","dbpedia_900","0.7058823529411764","China Railway Group","China Aoyuan Group"
"Forbes585","dbpedia_98","0.7142857142857143","Akbank","Adabank"
"Forbes1270","dbpedia_916","0.8","China Life Insurance (Taiwan)","China Life Insurance Company"
"Forbes657","dbpedia_3119","1.0","Nucor","Nucor"
"Forbes154","dbpedia_1322","1.0","Duke Energy","Duke Energy"
"Forbes900","dbpedia_751","0.75","CEZ Group","CJ Group"
"Forbes27","dbpedia_291","0.7","AXA Group","AptarGroup"
"Forbes363","dbpedia_3787","0.75","SK Holdings","Seah Holdings"
"Forbes1324","dbpedia_3072","1.0","Nippon Yusen","Nippon Yusen"
"Forbes491","dbpedia_1100","0.7058823529411764","Credit Suisse Group","Credit Suisse"
"Forbes1850","dbpedia_4496","1.0","UCO Bank","UCO Bank"
"Forbes56","dbpedia_3938","0.7","Sberbank","Soneri Bank"
"Forbes233","dbpedia_1238","1.0","Denso","Denso"
"Forbes783","dbpedia_793","1.0","Canadian Natural Resources","Canadian Natural Resources"
"Forbes348","dbpedia_4269","0.8","Takeda Pharmaceutical","Teva Pharmaceuticals"
"Forbes824","dbpedia_3677","1.0","SM Investments","SM Investments"
"Forbes458","dbpedia_2716","1.0","Marsh & McLennan","Marsh McLennan"
"Forbes343","dbpedia_223","0.736842105263158","Ameriprise Financial","AmeriServ Financial"
"Forbes203","dbpedia_442","0.75","BT Group","BMV Group"
"Forbes203","dbpedia_444","0.75","BT Group","BMV Group"
"Forbes203","dbpedia_443","0.75","BT Group","BMV Group"
"Forbes857","dbpedia_222","1.0","Ameren","Ameren"
"Forbes203","dbpedia_445","0.75","BT Group","BMV Group"
"Forbes445","dbpedia_2179","0.75","IntercontinentalExchange","Intercontinental Bank"
"Forbes815","dbpedia_3636","1.0","S&P Global","S&P Global"
"Forbes16","dbpedia_3366","0.75","Ping An Insurance Group","Ping An Insurance"
"Forbes703","dbpedia_1239","1.0","Dentsu","Dentsu"
"Forbes51","dbpedia_445","0.875","BMW Group","BMV Group"
"Forbes1506","dbpedia_3843","1.0","Shimano","Shimano"
"Forbes53","dbpedia_2077","0.75","ING Group","ICT Group"
"Forbes51","dbpedia_444","0.875","BMW Group","BMV Group"
"Forbes51","dbpedia_443","0.875","BMW Group","BMV Group"
"Forbes515","dbpedia_152","1.0","Al Rajhi Bank","Al-Rajhi Bank"
"Forbes51","dbpedia_442","0.875","BMW Group","BMV Group"
"Forbes515","dbpedia_151","0.7272727272727273","Al Rajhi Bank","Al Rayan Bank"
"Forbes1290","dbpedia_4432","1.0","Transocean","Transocean"
"Forbes1595","dbpedia_3184","1.0","ONO Pharmaceutical","Ono Pharmaceutical"
"Forbes1998","dbpedia_141","1.0","Akamai Technologies","Akamai Technologies"
"Forbes1595","dbpedia_3185","1.0","ONO Pharmaceutical","Ono Pharmaceutical"
"Forbes393","dbpedia_1278","1.0","DISH Network","Dish Network"
"Forbes777","dbpedia_3849","0.7619047619047619","Samba Financial Group","Shinhan Financial Group"
"Forbes1635","dbpedia_1688","0.75","GPT Group","GEO Group"
"Forbes51","dbpedia_450","0.75","BMW Group","BPL Group"
"Forbes445","dbpedia_2180","1.0","IntercontinentalExchange","Intercontinental Exchange"
"Forbes393","dbpedia_1279","1.0","DISH Network","Dish Network"
"Forbes542","dbpedia_3110","1.0","Novatek","Novatek"
"Forbes1506","dbpedia_3844","1.0","Shimano","Shimano"
"Forbes851","dbpedia_1615","0.7894736842105263","Formosa Plastics","Formosa Plastics Corp"
"Forbes553","dbpedia_3497","0.7777777777777778","RELX Group","RTL Group"
"Forbes899","dbpedia_2604","0.7647058823529411","L3 Technologies","Lumen Technologies"
"Forbes616","dbpedia_1891","0.7727272727272727","Hyundai Heavy Industries","Hanjin Heavy Industries"
"Forbes444","dbpedia_16","0.75","Aon","AAON"
"Forbes1663","dbpedia_1096","0.7222222222222222","Catcher Technology","Creative Technology"
"Forbes1798","dbpedia_2179","0.7272727272727273","InterContinental Hotels","Intercontinental Bank"
"Forbes1290","dbpedia_4436","0.7","Transocean","Transurban"
"Forbes203","dbpedia_450","0.75","BT Group","BPL Group"
"Forbes181","dbpedia_3343","1.0","Philip Morris International","Philip Morris International"
"Forbes1715","dbpedia_2970","1.0","Nanto Bank","Nanto Bank"
"Forbes1676","dbpedia_3256","1.0","PacWest Bancorp","PacWest Bancorp"
"Forbes181","dbpedia_3342","1.0","Philip Morris International","Philip Morris International"
"Forbes1290","dbpedia_4433","1.0","Transocean","Transocean"
"Forbes312","dbpedia_2053","0.7692307692307692","Hyundai Mobis","Hyundai Glovis"
"Forbes262","dbpedia_859","0.7307692307692308","Central Japan Railway","Central Japan Railway Company"
"Forbes1779","dbpedia_1099","1.0","Credit Saison","Credit Saison"
"Forbes843","dbpedia_227","1.0","American Financial Group","American Financial Group"
"Forbes1268","dbpedia_750","0.72","Ctrip.com International","CITIC Telecom International"
"Forbes312","dbpedia_2057","1.0","Hyundai Mobis","Hyundai Mobis"
"Forbes159","dbpedia_4544","1.0","United Parcel Service","United Parcel Service"
"Forbes34","dbpedia_540","1.0","Bank of Communications","Bank of Communications"
"Forbes1239","dbpedia_4788","1.0","Yes Bank","Yes Bank"
"Forbes482","dbpedia_2811","0.7894736842105263","Micron Technology","Microchip Technology"
"Forbes53","dbpedia_2084","0.875","ING Group","IG Group"
"Forbes1575","dbpedia_450","0.75","BCV Group","BPL Group"
"Forbes704","dbpedia_1248","0.8571428571428572","Deutsche Boerse","Deutsche Börse"
"Forbes1053","dbpedia_4807","1.0","ZTE","ZTE"
"Forbes916","dbpedia_2674","1.0","Mahindra & Mahindra","Mahindra & Mahindra"
"Forbes1028","dbpedia_503","1.0","Bank Leumi","Bank Leumi"
"Forbes1831","dbpedia_3061","1.0","Nippon Paper Industries","Nippon Paper Industries"
"Forbes1831","dbpedia_3062","1.0","Nippon Paper Industries","Nippon Paper Industries"
"Forbes1575","dbpedia_445","0.875","BCV Group","BMV Group"
"Forbes1053","dbpedia_4806","1.0","ZTE","ZTE"
"Forbes1575","dbpedia_443","0.875","BCV Group","BMV Group"
"Forbes1963","dbpedia_356","1.0","Associated Banc-Corp","Associated Banc-Corp"
"Forbes1575","dbpedia_444","0.875","BCV Group","BMV Group"
"Forbes716","dbpedia_1878","1.0","Halliburton","Halliburton"
"Forbes1281","dbpedia_763","0.7222222222222222","Cosco Shipping","COSCO Shipping Ports"
"Forbes1575","dbpedia_442","0.875","BCV Group","BMV Group"
"Forbes617","dbpedia_3801","1.0","Sekisui House","Sekisui House"
"Forbes832","dbpedia_3791","1.0","Secom","Secom"
"Forbes1272","dbpedia_751","0.75","CIT Group","CJ Group"
"Forbes1149","dbpedia_880","1.0","Charoen Pokphand Foods","Charoen Pokphand Foods"
"Forbes1888","dbpedia_1688","0.875","GEA Group","GEO Group"
"Forbes1148","dbpedia_3455","1.0","Punjab National Bank","Punjab National Bank"
"Forbes1469","dbpedia_2933","0.75","NCC Group","NFI Group"
"Forbes1047","dbpedia_4821","1.0","Zoetis","Zoetis"
"Forbes34","dbpedia_538","1.0","Bank of Communications","Bank of Communications"
"Forbes1268","dbpedia_765","0.7142857142857143","Ctrip.com International","CRA International"
"Forbes34","dbpedia_537","1.0","Bank of Communications","Bank of Communications"
"Forbes3","dbpedia_599","1.0","Berkshire Hathaway","Berkshire Hathaway"
"Forbes351","dbpedia_4487","1.0","Tyson Foods","Tyson Foods"
"Forbes170","dbpedia_3470","1.0","Qualcomm","Qualcomm"
"Forbes34","dbpedia_539","1.0","Bank of Communications","Bank of Communications"
"Forbes1227","dbpedia_720","1.0","CA","C&A"
"Forbes1227","dbpedia_721","1.0","CA","C&A"
"Forbes438","dbpedia_2035","1.0","Humana","Humana"
"Forbes698","dbpedia_3497","0.75","RWE Group","RTL Group"
"Forbes831","dbpedia_1347","1.0","EOG Resources","EOG Resources"
"Forbes964","dbpedia_4719","1.0","WestRock","WestRock"
"Forbes830","dbpedia_3637","1.0","S-Oil","S-Oil"
"Forbes576","dbpedia_3101","1.0","Northern Trust","Northern Trust"
"Forbes1570","dbpedia_593","0.8636363636363636","Bendigo & Adelaide Bank","Bendigo and Adelaide Bank"
"Forbes1310","dbpedia_3052","1.0","Nippon Express","Nippon Express"
"Forbes557","dbpedia_423","0.7692307692307692","Ally Financial","Axos Financial"
"Forbes442","dbpedia_4317","0.75","Toyota Industries","Thor Industries"
"Forbes515","dbpedia_123","0.7272727272727273","Al Rajhi Bank","Agrani Bank"
"Forbes467","dbpedia_2808","0.7272727272727273","Marriott International","Micro-Star International"
"Forbes1284","dbpedia_3453","1.0","PulteGroup","PulteGroup"
"Forbes937","dbpedia_1103","0.7","CMS Energy","Crew Energy"
"Forbes673","dbpedia_4214","1.0","Tatneft","Tatneft"
"Forbes1495","dbpedia_718","0.7","Blom Bank","Byblos Bank"
"Forbes1836","dbpedia_1894","0.8333333333333334","Hanwa","Hanowa"
"Forbes1966","dbpedia_1766","1.0","Global Payments","Global Payments"
"Forbes1966","dbpedia_1767","1.0","Global Payments","Global Payments"
"Forbes1966","dbpedia_1765","1.0","Global Payments","Global Payments"
"Forbes141","dbpedia_2348","1.0","KDDI","KDDI"
"Forbes1435","dbpedia_463","1.0","Bajaj Auto","Bajaj Auto"
"Forbes1435","dbpedia_464","1.0","Bajaj Auto","Bajaj Auto"
"Forbes80","dbpedia_4494","1.0","UBS","UBS"
"Forbes80","dbpedia_4495","1.0","UBS","UBS"
"Forbes1248","dbpedia_4624","0.7727272727272727","Valeant Pharmaceuticals","Vion Pharmaceuticals"
"Forbes1955","dbpedia_110","1.0","Advanced Micro Devices","Advanced Micro Devices"
"Forbes260","dbpedia_1136","0.75","Deere & Company","DLE (company)"
"Forbes442","dbpedia_4454","0.7058823529411764","Toyota Industries","Trinity Industries"
"Forbes107","dbpedia_1010","0.7142857142857143","Charter Communications","Cogent Communications"
"Forbes1866","dbpedia_1688","0.7","Guoco Group","GEO Group"
"Forbes948","dbpedia_804","0.8","CapitaLand","Capital One"
"Forbes1966","dbpedia_1768","1.0","Global Payments","Global Payments"
"Forbes1043","dbpedia_2554","0.7","Lixil Group","Lifan Group"
"Forbes27","dbpedia_29","0.75","AXA Group","ACS Group"
"Forbes967","dbpedia_2668","0.7272727272727273","Mebuki Financial Group","Magellan Financial Group"
"Forbes660","dbpedia_2975","0.7272727272727273","National Bank of Abu Dhabi","National Bank of Canada"
"Forbes41","dbpedia_1739","1.0","General Motors","General Motors"
"Forbes1710","dbpedia_295","0.7","Aareal Bank","Arab Bank"
"Forbes8","dbpedia_535","1.0","Bank of China","Bank of China"
"Forbes8","dbpedia_536","1.0","Bank of China","Bank of China"
"Forbes8","dbpedia_533","1.0","Bank of China","Bank of China"
"Forbes8","dbpedia_534","1.0","Bank of China","Bank of China"
"Forbes8","dbpedia_531","1.0","Bank of China","Bank of China"
"Forbes386","dbpedia_505","0.75","Bank Rakyat Indonesia","Bank Maybank Indonesia"
"Forbes8","dbpedia_532","1.0","Bank of China","Bank of China"
"Forbes102","dbpedia_3331","1.0","PetroChina","PetroChina"
"Forbes991","dbpedia_2767","1.0","Mediatek","MediaTek"
"Forbes1220","dbpedia_743","0.8333333333333334","Csc Financial","CI Financial"
"Forbes372","dbpedia_620","1.0","Biogen","Biogen"
"Forbes8","dbpedia_530","1.0","Bank of China","Bank of China"
"Forbes1010","dbpedia_2476","1.0","Kuwait Finance House","Kuwait Finance House"
"Forbes1229","dbpedia_3463","1.0","Qatar Islamic Bank","Qatar Islamic Bank"
"Forbes1451","dbpedia_2053","1.0","Hyundai Glovis","Hyundai Glovis"
"Forbes1858","dbpedia_153","1.0","Alawwal Bank","Alawwal Bank"
"Forbes650","dbpedia_113","0.8","Aeon","Aecon"
"Forbes1156","dbpedia_738","1.0","CDW","CDW"
"Forbes1306","dbpedia_3369","1.0","Pioneer Natural Resources","Pioneer Natural Resources"
"Forbes776","dbpedia_1641","1.0","Freeport-mcmoran","Freeport-McMoRan"
"Forbes776","dbpedia_1640","1.0","Freeport-mcmoran","Freeport-McMoRan"
"Forbes1282","dbpedia_3692","0.75","SKF Group","SSP Group"
"Forbes1616","dbpedia_3911","0.7142857142857143","Snap-on","Snap Inc."
"Forbes1806","dbpedia_2408","0.7777777777777778","Keiyo Bank","KeyBank"
"Forbes485","dbpedia_4338","0.8","Teva Pharmaceutical","Titan Pharmaceuticals"
"Forbes712","dbpedia_264","1.0","Anhui Conch Cement","Anhui Conch Cement"
"Forbes1587","dbpedia_1942","1.0","Hero Motocorp","Hero MotoCorp"
"Forbes1771","dbpedia_244","0.8181818181818181","AmBank Group","Ammann Group"
"Forbes162","dbpedia_4622","0.7142857142857143","VINCI","Vinci SA"
"Forbes660","dbpedia_2978","0.7272727272727273","National Bank of Abu Dhabi","National Bank of Malawi"
"Forbes699","dbpedia_1850","1.0","Guosen Securities","Guosen Securities"
"Forbes660","dbpedia_2977","0.7272727272727273","National Bank of Abu Dhabi","National Bank of Kuwait"
"Forbes754","dbpedia_4152","0.7142857142857143","Teck Resources","Tahoe Resources"
"Forbes1524","dbpedia_2078","1.0","IDBI Bank","IDBI Bank"
"Forbes712","dbpedia_265","1.0","Anhui Conch Cement","Anhui Conch Cement"
"Forbes8","dbpedia_529","1.0","Bank of China","Bank of China"
"Forbes805","dbpedia_2646","0.7","Metro Group","MTN Group"
"Forbes40","dbpedia_1722","1.0","Gazprom","Gazprom"
"Forbes442","dbpedia_4393","0.75","Toyota Industries","Topy Industries"
"Forbes8","dbpedia_527","1.0","Bank of China","Bank of China"
"Forbes442","dbpedia_4394","0.75","Toyota Industries","Topy Industries"
"Forbes8","dbpedia_528","1.0","Bank of China","Bank of China"
"Forbes256","dbpedia_3212","1.0","Orix","Orix"
"Forbes442","dbpedia_4395","0.75","Toyota Industries","Toray Industries"
"Forbes8","dbpedia_525","1.0","Bank of China","Bank of China"
"Forbes442","dbpedia_4396","0.75","Toyota Industries","Toray Industries"
"Forbes8","dbpedia_526","1.0","Bank of China","Bank of China"
"Forbes454","dbpedia_672","1.0","Bouygues","Bouygues"
"Forbes8","dbpedia_523","1.0","Bank of China","Bank of China"
"Forbes107","dbpedia_881","1.0","Charter Communications","Charter Communications"
"Forbes8","dbpedia_524","1.0","Bank of China","Bank of China"
"Forbes1710","dbpedia_153","0.7272727272727273","Aareal Bank","Alawwal Bank"
"Forbes8","dbpedia_521","1.0","Bank of China","Bank of China"
"Forbes136","dbpedia_1912","0.7272727272727273","Honeywell International","Haynes International"
"Forbes386","dbpedia_515","0.75","Bank Rakyat Indonesia","Bank Syariah Indonesia"
"Forbes8","dbpedia_522","1.0","Bank of China","Bank of China"
"Forbes688","dbpedia_3036","1.0","Nidec","Nidec"
"Forbes688","dbpedia_3037","1.0","Nidec","Nidec"
"Forbes829","dbpedia_1586","1.0","First Republic Bank","First Republic Bank"
"Forbes776","dbpedia_1639","1.0","Freeport-mcmoran","Freeport-McMoRan"
"Forbes1998","dbpedia_69","0.7777777777777778","Akamai Technologies","ATI Technologies"
"Forbes256","dbpedia_3211","1.0","Orix","Orix"
"Forbes776","dbpedia_1638","1.0","Freeport-mcmoran","Freeport-McMoRan"
"Forbes54","dbpedia_2173","1.0","Intel","Intel"
"Forbes1451","dbpedia_2057","0.7692307692307692","Hyundai Glovis","Hyundai Mobis"
"Forbes983","dbpedia_1406","1.0","Electronic Arts","Electronic Arts"
"Forbes348","dbpedia_4338","0.7","Takeda Pharmaceutical","Titan Pharmaceuticals"
"Forbes1347","dbpedia_2255","0.7272727272727273","JSW Steel","JSW Steel Ltd"
"Forbes1272","dbpedia_978","0.8888888888888888","CIT Group","Citigroup"
"Forbes1001","dbpedia_960","1.0","Cincinnati Financial","Cincinnati Financial"
"Forbes1407","dbpedia_4225","0.7142857142857143","Targa Resources","Teck Resources"
"Forbes1402","dbpedia_1837","0.7","Grupo Carso","Grupo Famsa"
"Forbes1402","dbpedia_1836","0.7","Grupo Carso","Grupo Famsa"
"Forbes1998","dbpedia_70","0.7777777777777778","Akamai Technologies","ATI Technologies"
"Forbes222","dbpedia_3272","1.0","Panasonic","Panasonic"
"Forbes805","dbpedia_2647","0.7","Metro Group","MTN Group"
"Forbes995","dbpedia_3829","1.0","Shanghai Pharmaceuticals","Shanghai Pharmaceuticals"
"Forbes1606","dbpedia_2977","0.7","National Bank of Greece","National Bank of Kuwait"
"Forbes1043","dbpedia_2577","1.0","Lixil Group","Lixil Group"
"Forbes1606","dbpedia_2978","0.7","National Bank of Greece","National Bank of Malawi"
"Forbes1954","dbpedia_3837","0.8888888888888888","SBA Communications","Shaw Communications"
"Forbes1954","dbpedia_4071","0.8","SBA Communications","Sunday Communications"
"Forbes185","dbpedia_2595","1.0","Lowe's","Lowe's"
"Forbes725","dbpedia_3839","1.0","Sherwin-Williams","Sherwin-Williams"
"Forbes34","dbpedia_577","0.7","Bank of Communications","Beat Communication"
"Forbes1267","dbpedia_4526","1.0","Unicharm","Unicharm"
"Forbes1043","dbpedia_2576","1.0","Lixil Group","Lixil Group"
"Forbes494","dbpedia_504","1.0","Bank Mandiri","Bank Mandiri"
"Forbes1259","dbpedia_731","0.75","Coty","CATY"
"Forbes51","dbpedia_562","0.7","BMW Group","Barwa Group"
"Forbes528","dbpedia_360","1.0","Astellas Pharma","Astellas Pharma"
"Forbes310","dbpedia_2074","1.0","ICICI Bank","ICICI Bank"
"Forbes741","dbpedia_269","1.0","Annaly Capital Management","Annaly Capital Management"
"Forbes414","dbpedia_1738","1.0","General Mills","General Mills"
"Forbes943","dbpedia_2409","1.0","Keyence","Keyence"
"Forbes1392","dbpedia_2491","1.0","LG Household & Health Care","LG Household & Health Care"
"Forbes1606","dbpedia_2975","0.7","National Bank of Greece","National Bank of Canada"
"Forbes1606","dbpedia_2976","0.75","National Bank of Greece","National Bank of Kenya"
"Forbes1677","dbpedia_4224","1.0","Techtronic Industries","Techtronic Industries"
"Forbes399","dbpedia_3332","1.0","Petrobras","Petrobras"
"Forbes1879","dbpedia_1505","1.0","Extra Space Storage","Extra Space Storage"
"Forbes211","dbpedia_4576","1.0","Valero Energy","Valero Energy"
"Forbes275","dbpedia_4645","0.7","Volvo Group","Vocus Group"
"Forbes147","dbpedia_3301","0.8","PNC Financial Services","PennyMac Financial Services"
"Forbes1253","dbpedia_1033","1.0","Community Health Systems","Community Health Systems"
"Forbes211","dbpedia_4572","0.75","Valero Energy","Vaalco Energy"
"Forbes758","dbpedia_2977","1.0","National Bank of Kuwait","National Bank of Kuwait"
"Forbes758","dbpedia_2978","0.75","National Bank of Kuwait","National Bank of Malawi"
"Forbes814","dbpedia_2672","1.0","Magnit","Magnit"
"Forbes1529","dbpedia_2933","0.75","NEX Group","NFI Group"
"Forbes1691","dbpedia_4346","1.0","Toho Bank","Toho Bank"
"Forbes758","dbpedia_2975","0.75","National Bank of Kuwait","National Bank of Canada"
"Forbes758","dbpedia_2976","0.75","National Bank of Kuwait","National Bank of Kenya"
"Forbes43","dbpedia_2068","1.0","IBM","IBM"
"Forbes1282","dbpedia_3687","0.75","SKF Group","SPC Group"
"Forbes1132","dbpedia_853","1.0","Cenovus Energy","Cenovus Energy"
"Forbes198","dbpedia_2580","0.7272727272727273","L'Oréal Group","Lodha Group"
"Forbes809","dbpedia_2544","0.7272727272727273","Leonardo","Leonardo S.p.A."
"Forbes1691","dbpedia_4349","0.8","Toho Bank","Tohoku Bank"
"Forbes412","dbpedia_2933","0.75","NN Group","NFI Group"
