"dbpedia_853","dataworld_411","1.0","Cenovus Energy","Cenovus Energy"
"dbpedia_3570","dataworld_323","1.0","Resona Holdings","Resona Holdings"
"dbpedia_2852","dataworld_293","0.501207729468599","Mitsubishi Motors","Mitsubishi Electric"
"dbpedia_3839","dataworld_859","1.0","Sherwin-Williams","Sherwin-Williams"
"dbpedia_2150","dataworld_573","0.6171428571428572","Industrial Bank (China)","Industrial Bank of Korea"
"dbpedia_2654","dataworld_1627","1.0","Macerich","Macerich"
"dbpedia_2714","dataworld_174","0.5229885057471264","Marriott International","Mondelez International"
"dbpedia_3643","dataworld_1355","0.5","SAIPA","SAIC"
"dbpedia_4436","dataworld_1801","0.6547619047619049","Transurban","Transurban Group"
"dbpedia_2370","dataworld_1208","1.0","Kajima","Kajima"
"dbpedia_2371","dataworld_1208","1.0","Kajima","Kajima"
"dbpedia_2372","dataworld_1208","1.0","Kajima","Kajima"
"dbpedia_4437","dataworld_1801","0.6333333333333333","Transurban S.A.","Transurban Group"
"dbpedia_753","dataworld_1260","0.5336538461538461","CLS Holdings","Crown Holdings"
"dbpedia_691","dataworld_357","0.6954545454545455","Brinker International","Baxter International"
"dbpedia_2247","dataworld_645","1.0","JFE Holdings","JFE Holdings"
"dbpedia_2519","dataworld_1637","0.5227272727272727","Lawson (store)","Lawson"
"dbpedia_2246","dataworld_645","1.0","JFE Holdings","JFE Holdings"
"dbpedia_1322","dataworld_190","1.0","Duke Energy","Duke Energy"
"dbpedia_504","dataworld_429","1.0","Bank Mandiri","Bank Mandiri"
"dbpedia_1738","dataworld_352","1.0","General Mills","General Mills"
"dbpedia_1739","dataworld_352","0.5649038461538461","General Motors","General Mills"
"dbpedia_747","dataworld_1260","0.5336538461538461","CIC Holdings","Crown Holdings"
"dbpedia_687","dataworld_238","1.0","Bridgestone","Bridgestone"
"dbpedia_3438","dataworld_1124","1.0","Prologis","Prologis"
"dbpedia_1891","dataworld_365","0.6185064935064934","Hanjin Heavy Industries","Hyundai Heavy Industries"
"dbpedia_3824","dataworld_701","1.0","Severstal","Severstal"
"dbpedia_4265","dataworld_1780","1.0","Ternium","Ternium"
"dbpedia_3352","dataworld_1049","0.6055555555555556","Phoenix Group","Phoenix Group Holdings"
"dbpedia_1181","dataworld_614","0.6213450292397661","Daqin Railway (company)","Daqin Railway"
"dbpedia_765","dataworld_1268","0.5641025641025641","CRA International","Crown Castle International"
"dbpedia_3849","dataworld_721","0.6117216117216118","Shinhan Financial Group","Samba Financial Group"
"dbpedia_505","dataworld_442","0.575","Bank Maybank Indonesia","Bank Rakyat Indonesia"
"dbpedia_747","dataworld_420","0.6233766233766234","CIC Holdings","CLP Holdings"
"dbpedia_4402","dataworld_253","1.0","Toshiba","Toshiba"
"dbpedia_503","dataworld_1262","1.0","Bank Leumi","Bank Leumi"
"dbpedia_978","dataworld_1223","0.6944444444444444","Citigroup","CIT Group"
"dbpedia_967","dataworld_1344","0.5423280423280423","Cineplex Entertainment","Caesars Entertainment"
"dbpedia_162","dataworld_1621","0.6868686868686869","Alembic Pharmaceuticals","Alexion Pharmaceuticals"
"dbpedia_966","dataworld_1344","0.5423280423280423","Cineplex Entertainment","Caesars Entertainment"
"dbpedia_3147","dataworld_145","1.0","Occidental Petroleum","Occidental Petroleum"
"dbpedia_968","dataworld_1344","0.5423280423280423","Cineplex Entertainment","Caesars Entertainment"
"dbpedia_969","dataworld_1344","0.5423280423280423","Cineplex Entertainment","Caesars Entertainment"
"dbpedia_177","dataworld_1641","0.5032894736842105","Alizz Islamic Bank","Abu Dhabi Islamic Bank"
"dbpedia_3542","dataworld_548","0.5962962962962963","Regions Financial Corporation","Regions Financial"
"dbpedia_193","dataworld_1795","1.0","Almarai","Almarai"
"dbpedia_1628","dataworld_1052","0.5021551724137931","Fosun International","Flextronics International"
"dbpedia_965","dataworld_1344","0.5423280423280423","Cineplex Entertainment","Caesars Entertainment"
"dbpedia_3338","dataworld_1161","0.575","Petrol AD","Petrofac"
"dbpedia_964","dataworld_1344","0.5423280423280423","Cineplex Entertainment","Caesars Entertainment"
"dbpedia_3332","dataworld_1161","0.5151515151515151","Petrobras","Petrofac"
"dbpedia_2369","dataworld_1208","1.0","Kajima","Kajima"
"dbpedia_951","dataworld_1596","0.5772727272727273","Chrysalis Investments","CYS Investments"
"dbpedia_827","dataworld_767","0.625","Cash America International","Cameron International"
"dbpedia_3333","dataworld_1161","0.5151515151515151","Petrohawk","Petrofac"
"dbpedia_3334","dataworld_1161","0.5151515151515151","Petrohawk","Petrofac"
"dbpedia_2609","dataworld_1711","1.0","Luzhou Laojiao","Luzhou Laojiao"
"dbpedia_3335","dataworld_1161","0.5707070707070707","Petrojack","Petrofac"
"dbpedia_69","dataworld_778","0.5956937799043063","ATI Technologies","Agilent Technologies"
"dbpedia_937","dataworld_616","1.0","China Resources Land","China Resources Land"
"dbpedia_884","dataworld_1268","0.5166666666666667","Charter International","Crown Castle International"
"dbpedia_3611","dataworld_878","1.0","Ross Stores","Ross Stores"
"dbpedia_883","dataworld_1268","0.5166666666666667","Charter International","Crown Castle International"
"dbpedia_753","dataworld_420","0.7237762237762237","CLS Holdings","CLP Holdings"
"dbpedia_732","dataworld_684","0.5707070707070707","CBRE Group","CME Group"
"dbpedia_3445","dataworld_63","0.5278637770897834","Prudential Financial","Prudential"
"dbpedia_939","dataworld_876","1.0","China Steel","China Steel"
"dbpedia_1740","dataworld_352","0.5649038461538461","General Motors","General Mills"
"dbpedia_758","dataworld_1268","0.5162037037037037","CNK International","Crown Castle International"
"dbpedia_978","dataworld_1491","0.5707070707070707","Citigroup","CGI Group"
"dbpedia_3831","dataworld_1523","0.5961538461538461","Shangri-La Beer","Shangri-La Asia"
"dbpedia_743","dataworld_589","0.5392156862745099","CI Financial","Cathay Financial"
"dbpedia_3726","dataworld_1329","1.0","Samsung Engineering","Samsung Engineering"
"dbpedia_515","dataworld_442","0.5601851851851851","Bank Syariah Indonesia","Bank Rakyat Indonesia"
"dbpedia_3728","dataworld_769","1.0","Samsung Heavy Industries","Samsung Heavy Industries"
"dbpedia_2203","dataworld_892","0.5272727272727272","Investor AB","Investec"
"dbpedia_240","dataworld_184","1.0","Amgen","Amgen"
"dbpedia_510","dataworld_442","0.5344129554655871","Bank Negara Indonesia","Bank Rakyat Indonesia"
"dbpedia_4496","dataworld_1753","1.0","UCO Bank","UCO Bank"
"dbpedia_1912","dataworld_1245","0.5174193548387096","Haynes International","Huadian Power International"
"dbpedia_3829","dataworld_1404","1.0","Shanghai Pharmaceuticals","Shanghai Pharmaceuticals"
"dbpedia_180","dataworld_1415","1.0","Allahabad Bank","Allahabad Bank"
"dbpedia_978","dataworld_19","1.0","Citigroup","Citigroup"
"dbpedia_3613","dataworld_626","1.0","Rostelecom","Rostelecom"
"dbpedia_442","dataworld_155","0.525","BMV Group","BG Group"
"dbpedia_3637","dataworld_736","1.0","S-Oil","S-Oil"
"dbpedia_903","dataworld_832","1.0","China CNR","China CNR"
"dbpedia_443","dataworld_155","0.525","BMV Group","BG Group"
"dbpedia_70","dataworld_778","0.5956937799043063","ATI Technologies","Agilent Technologies"
"dbpedia_444","dataworld_155","0.525","BMV Group","BG Group"
"dbpedia_239","dataworld_184","1.0","Amgen","Amgen"
"dbpedia_3102","dataworld_349","1.0","Northrop Grumman","Northrop Grumman"
"dbpedia_445","dataworld_155","0.525","BMV Group","BG Group"
"dbpedia_793","dataworld_1906","0.5874999999999999","Canadian Natural Resources","Cliffs Natural Resources"
"dbpedia_1498","dataworld_1878","0.5643939393939393","Expedia Group","Expedia"
"dbpedia_3103","dataworld_349","0.5684615384615385","Northrop Grumman Ship Systems","Northrop Grumman"
"dbpedia_281","dataworld_1757","0.5","Apacer","Acer"
"dbpedia_2201","dataworld_892","0.5347222222222222","Invesco","Investec"
"dbpedia_1299","dataworld_1515","1.0","Dongfang Electric","Dongfang Electric"
"dbpedia_2423","dataworld_1669","0.5381944444444444","King Fook Holdings","Kiyo Holdings"
"dbpedia_2425","dataworld_1669","0.5077399380804953","Kingboard Holdings","Kiyo Holdings"
"dbpedia_519","dataworld_28","1.0","Bank of America","Bank of America"
"dbpedia_4121","dataworld_1885","0.6730769230769231","TCL Technology","TPV Technology"
"dbpedia_3455","dataworld_693","1.0","Punjab National Bank","Punjab National Bank"
"dbpedia_2759","dataworld_944","1.0","Mechel","Mechel"
"dbpedia_518","dataworld_28","1.0","Bank of America","Bank of America"
"dbpedia_4120","dataworld_1885","0.6730769230769231","TCL Technology","TPV Technology"
"dbpedia_4090","dataworld_1372","0.6428571428571428","Suzuki","Suzuken"
"dbpedia_517","dataworld_28","1.0","Bank of America","Bank of America"
"dbpedia_4359","dataworld_810","0.5964912280701755","Tokyo Electron","Tokyo Electric Power"
"dbpedia_4266","dataworld_1687","1.0","Terumo","Terumo"
"dbpedia_4358","dataworld_810","0.5964912280701755","Tokyo Electron","Tokyo Electric Power"
"dbpedia_4267","dataworld_1687","1.0","Terumo","Terumo"
"dbpedia_2035","dataworld_447","1.0","Humana","Humana"
"dbpedia_2036","dataworld_447","0.5833333333333334","Humax","Humana"
"dbpedia_2096","dataworld_1290","0.5583333333333333","IONA Technologies","Infineon Technologies"
"dbpedia_3025","dataworld_1080","0.5","Nexon","Next"
"dbpedia_2197","dataworld_1059","1.0","Intuit","Intuit"
"dbpedia_4576","dataworld_189","1.0","Valero Energy","Valero Energy"
"dbpedia_3900","dataworld_804","1.0","Skanska","Skanska"
"dbpedia_2162","dataworld_330","1.0","Inpex","Inpex"
"dbpedia_66","dataworld_24","1.0","AT&T","AT&T"
"dbpedia_2163","dataworld_330","1.0","Inpex","Inpex"
"dbpedia_3730","dataworld_1457","0.548951048951049","Samsung SDI","Samsung Card"
"dbpedia_4401","dataworld_271","0.577922077922078","Torrent Pharmaceuticals","Takeda Pharmaceutical"
"dbpedia_4572","dataworld_189","0.5625","Vaalco Energy","Valero Energy"
"dbpedia_223","dataworld_394","0.6638755980861244","AmeriServ Financial","Ameriprise Financial"
"dbpedia_65","dataworld_24","0.5","AT&S","AT&T"
"dbpedia_4732","dataworld_568","0.588235294117647","Williams Companies","Williams Cos"
"dbpedia_2072","dataworld_373","0.5396825396825398","ICF International","International Paper"
"dbpedia_4734","dataworld_301","1.0","Wilmar International","Wilmar International"
"dbpedia_978","dataworld_552","0.5707070707070707","Citigroup","CIC Group"
"dbpedia_3366","dataworld_80","0.743421052631579","Ping An Insurance","Ping An Insurance Group"
"dbpedia_3024","dataworld_132","0.5166666666666666","News Corporation","News Corp"
"dbpedia_3639","dataworld_879","0.5416666666666667","SAAESP","Sabesp"
"dbpedia_3023","dataworld_132","0.5166666666666666","News Corporation","News Corp"
"dbpedia_960","dataworld_1231","1.0","Cincinnati Financial","Cincinnati Financial"
"dbpedia_1360","dataworld_947","0.6742424242424243","Eastman Chemical Company","Eastman Chemical"
"dbpedia_1080","dataworld_1100","0.5166666666666666","Cosmo Oil Company","Cosmo Oil"
"dbpedia_3067","dataworld_1836","0.5996732026143792","Nippon Steel","Nippon Steel Trading"
"dbpedia_1053","dataworld_1595","0.5921052631578947","Constellation Energy","Constellation Brands"
"dbpedia_276","dataworld_1621","0.5877742946708464","Anthera Pharmaceuticals","Alexion Pharmaceuticals"
"dbpedia_1052","dataworld_1595","1.0","Constellation Brands","Constellation Brands"
"dbpedia_1350","dataworld_1895","1.0","EQT","EQT"
"dbpedia_2408","dataworld_1674","0.5252525252525253","KeyBank","Keiyo Bank"
"dbpedia_1054","dataworld_1595","0.5495238095238095","Constellation Software","Constellation Brands"
"dbpedia_450","dataworld_155","0.525","BPL Group","BG Group"
"dbpedia_937","dataworld_636","0.6638755980861244","China Resources Land","China Resources Power"
"dbpedia_1081","dataworld_1100","0.5166666666666666","Cosmo Oil Company","Cosmo Oil"
"dbpedia_3028","dataworld_1080","0.5357142857142857","Nexters","Next"
"dbpedia_1022","dataworld_1516","1.0","Coloplast","Coloplast"
"dbpedia_227","dataworld_1883","0.6363636363636364","American Financial Group","Ambac Financial Group"
"dbpedia_751","dataworld_1223","0.525","CJ Group","CIT Group"
"dbpedia_765","dataworld_1477","0.5432692307692308","CRA International","China International Marine"
"dbpedia_4806","dataworld_1125","1.0","ZTE","ZTE"
"dbpedia_2754","dataworld_172","1.0","McDonald's","McDonald's"
"dbpedia_1724","dataworld_17","0.55","Gazprom Promgaz","Gazprom"
"dbpedia_544","dataworld_1078","0.5423976608187134","Bank of Greene County","Bank of Greece"
"dbpedia_3704","dataworld_1329","0.5694444444444444","Sadbhav Engineering","Samsung Engineering"
"dbpedia_656","dataworld_673","0.7596153846153846","Bombardier Inc.","Bombardier"
"dbpedia_1723","dataworld_17","0.6181818181818182","Gazprom Neft","Gazprom"
"dbpedia_4807","dataworld_1125","1.0","ZTE","ZTE"
"dbpedia_543","dataworld_1078","0.5423976608187134","Bank of Greene County","Bank of Greece"
"dbpedia_1722","dataworld_17","1.0","Gazprom","Gazprom"
"dbpedia_444","dataworld_212","0.525","BMV Group","BT Group"
"dbpedia_443","dataworld_212","0.525","BMV Group","BT Group"
"dbpedia_1725","dataworld_17","0.6181818181818182","Gazprombank","Gazprom"
"dbpedia_442","dataworld_212","0.525","BMV Group","BT Group"
"dbpedia_677","dataworld_1076","0.5166666666666666","Brambles Limited","Brambles"
"dbpedia_1250","dataworld_182","1.0","Deutsche Post","Deutsche Post"
"dbpedia_2672","dataworld_734","1.0","Magnit","Magnit"
"dbpedia_445","dataworld_212","0.525","BMV Group","BT Group"
"dbpedia_2673","dataworld_734","0.5777777777777777","Magnite Inc","Magnit"
"dbpedia_2484","dataworld_1403","0.5522727272727272","L3Harris Technologies","Life Technologies"
"dbpedia_1248","dataworld_182","0.5649038461538461","Deutsche Börse","Deutsche Post"
"dbpedia_3792","dataworld_325","0.5175438596491229","Secure Trust Bank","SunTrust Banks"
"dbpedia_4538","dataworld_87","0.5340557275541795","Unitech Group","UnitedHealth Group"
"dbpedia_1878","dataworld_251","1.0","Halliburton","Halliburton"
"dbpedia_754","dataworld_1472","0.6073529411764705","CMC Electronics","Compal Electronics"
"dbpedia_2254","dataworld_3","1.0","JPMorgan Chase","JPMorgan Chase"
"dbpedia_884","dataworld_1477","0.5029761904761905","Charter International","China International Marine"
"dbpedia_2806","dataworld_343","0.5993589743589745","Michelin","Michelin Group"
"dbpedia_549","dataworld_1919","0.5","Bank of Kigali","Bank of Saga"
"dbpedia_883","dataworld_1477","0.5029761904761905","Charter International","China International Marine"
"dbpedia_2970","dataworld_1618","1.0","Nanto Bank","Nanto Bank"
"dbpedia_804","dataworld_826","0.65","Capital One","CapitaLand"
"dbpedia_758","dataworld_1477","0.5162037037037037","CNK International","China International Marine"
"dbpedia_3748","dataworld_1404","0.5764617691154422","Santen Pharmaceutical","Shanghai Pharmaceuticals"
"dbpedia_526","dataworld_11","1.0","Bank of China","Bank of China"
"dbpedia_527","dataworld_11","1.0","Bank of China","Bank of China"
"dbpedia_3747","dataworld_1404","0.5764617691154422","Santen Pharmaceutical","Shanghai Pharmaceuticals"
"dbpedia_3348","dataworld_125","0.6277777777777778","Philips","Phillips 66"
"dbpedia_528","dataworld_11","1.0","Bank of China","Bank of China"
"dbpedia_529","dataworld_11","1.0","Bank of China","Bank of China"
"dbpedia_2425","dataworld_1443","0.5279411764705881","Kingboard Holdings","Kingdom Holding"
"dbpedia_2423","dataworld_1443","0.5592105263157895","King Fook Holdings","Kingdom Holding"
"dbpedia_4166","dataworld_1456","0.6510989010989011","Taiwan Cooperative Bank","Taiwan Cooperative Financial"
"dbpedia_879","dataworld_518","0.5317028985507246","Charles Schwab Corporation","Charles Schwab"
"dbpedia_450","dataworld_212","0.525","BPL Group","BT Group"
"dbpedia_4165","dataworld_1456","0.6510989010989011","Taiwan Cooperative Bank","Taiwan Cooperative Financial"
"dbpedia_4250","dataworld_192","1.0","Telstra","Telstra"
"dbpedia_1857","dataworld_1105","0.5","HCA Healthcare","Health Care REIT"
"dbpedia_3728","dataworld_821","0.5524475524475525","Samsung Heavy Industries","Sany Heavy Industry"
"dbpedia_521","dataworld_11","1.0","Bank of China","Bank of China"
"dbpedia_522","dataworld_11","1.0","Bank of China","Bank of China"
"dbpedia_523","dataworld_11","1.0","Bank of China","Bank of China"
"dbpedia_524","dataworld_11","1.0","Bank of China","Bank of China"
"dbpedia_525","dataworld_11","1.0","Bank of China","Bank of China"
"dbpedia_3576","dataworld_1364","1.0","Rexam","Rexam"
"dbpedia_466","dataworld_361","1.0","Baker Hughes","Baker Hughes"
"dbpedia_4045","dataworld_769","0.586231884057971","Sumitomo Heavy Industries","Samsung Heavy Industries"
"dbpedia_4079","dataworld_976","0.649859943977591","Super Retail Group","Sun Art Retail Group"
"dbpedia_4046","dataworld_769","0.586231884057971","Sumitomo Heavy Industries","Samsung Heavy Industries"
"dbpedia_224","dataworld_105","0.5277777777777778","American Axle","American Express"
"dbpedia_3882","dataworld_1404","0.5260869565217392","Simcere Pharmaceutical","Shanghai Pharmaceuticals"
"dbpedia_764","dataworld_1215","1.0","CP All","CP All"
"dbpedia_936","dataworld_832","0.5347222222222222","China Re","China CNR"
"dbpedia_1651","dataworld_1902","1.0","Fuji Electric","Fuji Electric"
"dbpedia_751","dataworld_552","0.525","CJ Group","CIC Group"
"dbpedia_3018","dataworld_1045","0.7947368421052632","New York Community Bank","New York Community"
"dbpedia_3470","dataworld_156","1.0","Qualcomm","Qualcomm"
"dbpedia_751","dataworld_684","0.525","CJ Group","CME Group"
"dbpedia_4055","dataworld_1551","0.5742753623188406","Sumitomo Rubber Industries","Sumitomo Rubber"
"dbpedia_852","dataworld_1390","0.5333333333333334","Celestica","Celesio"
"dbpedia_3667","dataworld_1000","0.5350241545893719","SIFCO Industries","SembCorp Industries"
"dbpedia_4056","dataworld_1551","0.5742753623188406","Sumitomo Rubber Industries","Sumitomo Rubber"
"dbpedia_2108","dataworld_321","0.5416666666666667","IWBank","Isbank"
"dbpedia_3666","dataworld_1000","0.5350241545893719","SIFCO Industries","SembCorp Industries"
"dbpedia_4053","dataworld_1551","0.5714285714285714","Sumitomo Riko","Sumitomo Rubber"
"dbpedia_388","dataworld_1738","0.5038461538461538","AutoCanada","Air Canada"
"dbpedia_4821","dataworld_1257","1.0","Zoetis","Zoetis"
"dbpedia_1583","dataworld_1741","0.5625","First Niagara Bank","First Niagara Financial"
"dbpedia_4054","dataworld_1551","0.5714285714285714","Sumitomo Riko","Sumitomo Rubber"
"dbpedia_280","dataworld_1840","0.5","Aozora Bank","Aomori Bank"
"dbpedia_792","dataworld_153","0.6609195402298851","Canadian Imperial Bank of Commerce","Canadian Imperial Bank"
"dbpedia_199","dataworld_1454","0.5104895104895105","Alphabet Inc.","Alpha Bank"
"dbpedia_1250","dataworld_291","0.5666666666666667","Deutsche Post","Deutsche Bank"
"dbpedia_1652","dataworld_1902","1.0","Fuji Electric","Fuji Electric"
"dbpedia_1688","dataworld_1294","0.6375","GEO Group","GEA Group"
"dbpedia_196","dataworld_1454","0.5555555555555556","Aloqabank","Alpha Bank"
"dbpedia_195","dataworld_1454","0.5555555555555556","Aloqabank","Alpha Bank"
"dbpedia_1946","dataworld_421","0.5742753623188406","Hewlett Packard Enterprise","Hewlett-Packard"
"dbpedia_1248","dataworld_291","0.6128205128205129","Deutsche Börse","Deutsche Bank"
"dbpedia_1418","dataworld_218","0.55","Emcor","EMC"
"dbpedia_692","dataworld_252","1.0","Bristol Myers Squibb","Bristol-Myers Squibb"
"dbpedia_898","dataworld_795","0.6277139208173691","China Agri-Industries Holdings","CF Industries Holdings"
"dbpedia_751","dataworld_413","0.525","CJ Group","CEZ Group"
"dbpedia_208","dataworld_222","0.5227272727272727","Altria","Altria Group"
"dbpedia_110","dataworld_930","0.5107142857142857","Advanced Micro Devices","Advanced Info Service"
"dbpedia_83","dataworld_306","1.0","Accenture","Accenture"
"dbpedia_793","dataworld_278","1.0","Canadian Natural Resources","Canadian Natural Resources"
"dbpedia_1641","dataworld_263","0.7071428571428571","Freeport-McMoRan","Freeport-McMoRan Copper"
"dbpedia_3343","dataworld_146","1.0","Philip Morris International","Philip Morris International"
"dbpedia_2180","dataworld_1488","0.5919540229885059","Intercontinental Exchange","InterContinental Hotels"
"dbpedia_3342","dataworld_146","1.0","Philip Morris International","Philip Morris International"
"dbpedia_1640","dataworld_263","0.7071428571428571","Freeport-McMoRan","Freeport-McMoRan Copper"
"dbpedia_4544","dataworld_244","1.0","United Parcel Service","United Parcel Service"
"dbpedia_2671","dataworld_897","0.5971428571428572","Magna International","Marriott International"
"dbpedia_279","dataworld_1840","1.0","Aomori Bank","Aomori Bank"
"dbpedia_3588","dataworld_787","1.0","Riyad Bank","Riyad Bank"
"dbpedia_68","dataworld_61","0.5145888594164456","ATEN International","American International Group"
"dbpedia_2199","dataworld_1803","1.0","Inventec","Inventec"
"dbpedia_3143","dataworld_476","0.5132850241545894","OUTsurance Holdings","Otsuka Holdings"
"dbpedia_2603","dataworld_1866","0.9131944444444444","Lululemon Athletica","Lulemon Athletica"
"dbpedia_751","dataworld_1491","0.525","CJ Group","CGI Group"
"dbpedia_4551","dataworld_89","0.513888888888889","Unity Biotechnology","United Technologies"
"dbpedia_2811","dataworld_1190","0.6804511278195489","Microchip Technology","Micron Technology"
"dbpedia_1037","dataworld_1439","0.5342261904761905","Compass Resources","Concho Resources"
"dbpedia_3467","dataworld_1802","0.7071428571428571","Qinghai Salt Lake Potash","Qinghai Salt Lake"
"dbpedia_804","dataworld_1413","0.5777777777777777","Capital One","Capita"
"dbpedia_897","dataworld_1472","0.5208333333333334","Chicony Electronics","Compal Electronics"
"dbpedia_1226","dataworld_196","0.5","Delek","Dell"
"dbpedia_2851","dataworld_941","0.585812356979405","Mitsubishi Materials","Mitsubishi Motors"
"dbpedia_743","dataworld_1231","0.5541795665634675","CI Financial","Cincinnati Financial"
"dbpedia_3412","dataworld_1131","1.0","Prada","Prada"
"dbpedia_4622","dataworld_154","0.6904761904761905","Vinci SA","Vinci"
"dbpedia_2852","dataworld_941","1.0","Mitsubishi Motors","Mitsubishi Motors"
"dbpedia_4315","dataworld_1626","1.0","Thomas Cook Group","Thomas Cook Group"
"dbpedia_1100","dataworld_1721","0.5625","Credit Suisse","Credit Saison"
"dbpedia_4118","dataworld_1823","0.5336538461538461","TASTE Holdings","Toho Holdings"
"dbpedia_4401","dataworld_224","0.5181818181818182","Torrent Pharmaceuticals","Teva Pharmaceutical Inds"
"dbpedia_3182","dataworld_915","0.5","Oneok","Onex"
"dbpedia_3413","dataworld_1131","0.5","Praj","Prada"
"dbpedia_1858","dataworld_1484","1.0","HCL Technologies","HCL Technologies"
"dbpedia_3468","dataworld_1802","0.7071428571428571","Qinghai Salt Lake Potash","Qinghai Salt Lake"
"dbpedia_1639","dataworld_263","0.7071428571428571","Freeport-McMoRan","Freeport-McMoRan Copper"
"dbpedia_2179","dataworld_1488","0.6636363636363636","Intercontinental Bank","InterContinental Hotels"
"dbpedia_2850","dataworld_941","0.585812356979405","Mitsubishi Materials","Mitsubishi Motors"
"dbpedia_1638","dataworld_263","0.7071428571428571","Freeport-McMoRan","Freeport-McMoRan Copper"
"dbpedia_919","dataworld_1369","0.600909090909091","China Merchants Bank","China Merchants Holdings"
"dbpedia_2074","dataworld_298","1.0","ICICI Bank","ICICI Bank"
"dbpedia_2021","dataworld_1310","1.0","Host Hotels & Resorts","Host Hotels & Resorts"
"dbpedia_981","dataworld_1679","0.6036363636363636","Citizens Financial Group","CNO Financial Group"
"dbpedia_799","dataworld_173","0.5982142857142857","Canon Inc.","Canon"
"dbpedia_921","dataworld_1269","0.5781818181818181","China Merchants Bank","China Merchants Property"
"dbpedia_922","dataworld_1269","0.5781818181818181","China Merchants Bank","China Merchants Property"
"dbpedia_4093","dataworld_1797","1.0","Swedish Match","Swedish Match"
"dbpedia_920","dataworld_1269","0.5781818181818181","China Merchants Bank","China Merchants Property"
"dbpedia_1144","dataworld_784","0.6458333333333334","DaVita Inc.","DaVita"
"dbpedia_923","dataworld_1269","0.7007575757575757","China Merchants Port","China Merchants Property"
"dbpedia_924","dataworld_1269","1.0","China Merchants Property","China Merchants Property"
"dbpedia_3787","dataworld_829","0.575","Seah Holdings","SJM Holdings"
"dbpedia_2174","dataworld_637","1.0","Inter RAO","Inter Rao"
"dbpedia_926","dataworld_29","1.0","China Mobile","China Mobile"
"dbpedia_2724","dataworld_334","0.5166666666666666","Masan Group","MTN Group"
"dbpedia_1936","dataworld_1544","1.0","Helmerich & Payne","Helmerich & Payne"
"dbpedia_3550","dataworld_1442","0.5553359683794467","Reliance Steel & Aluminum Co.","Reliance Steel"
"dbpedia_4388","dataworld_141","0.5","TopoTarget","Target"
"dbpedia_1103","dataworld_1073","0.5038461538461538","Crew Energy","CMS Energy"
"dbpedia_4389","dataworld_141","0.5","TopoTarget","Target"
"dbpedia_2611","dataworld_234","0.5643939393939393","LyondellBasell","LyondellBasell Industries"
"dbpedia_1842","dataworld_1330","1.0","Gudang Garam","Gudang Garam"
"dbpedia_1874","dataworld_168","0.5078369905956113","Haitong International","Honeywell International"
"dbpedia_2490","dataworld_705","1.0","LG Electronics","LG Electronics"
"dbpedia_2736","dataworld_1190","0.6204481792717087","Mattson Technology","Micron Technology"
"dbpedia_3738","dataworld_1121","0.5238095238095238","Sandvik","SanDisk"
"dbpedia_769","dataworld_1599","0.5166666666666666","CSX Corporation","Corporation Bank"
"dbpedia_1999","dataworld_1708","0.625","Hokuriku Bank","Hokkoku Bank"
"dbpedia_1996","dataworld_1708","1.0","Hokkoku Bank","Hokkoku Bank"
"dbpedia_4643","dataworld_189","0.5","Vivo Energy","Valero Energy"
"dbpedia_2737","dataworld_1190","0.6204481792717087","Mattson Technology","Micron Technology"
"dbpedia_929","dataworld_29","1.0","China Mobile","China Mobile"
"dbpedia_1404","dataworld_910","0.6547619047619049","Electrolux","Electrolux Group"
"dbpedia_2876","dataworld_1182","0.5996732026143792","Molson Coors","Molson Coors Brewing"
"dbpedia_927","dataworld_29","1.0","China Mobile","China Mobile"
"dbpedia_2877","dataworld_1182","0.5996732026143792","Molson Coors","Molson Coors Brewing"
"dbpedia_928","dataworld_29","1.0","China Mobile","China Mobile"
"dbpedia_2878","dataworld_1182","0.5996732026143792","Molson Coors","Molson Coors Brewing"
"dbpedia_515","dataworld_890","0.5601851851851851","Bank Syariah Indonesia","Bank Negara Indonesia"
"dbpedia_1220","dataworld_254","0.5","DeNA","Denso"
"dbpedia_652","dataworld_1593","0.7638888888888888","Boliden AB","Boliden"
"dbpedia_893","dataworld_756","1.0","Chesapeake Energy","Chesapeake Energy"
"dbpedia_2674","dataworld_789","1.0","Mahindra & Mahindra","Mahindra & Mahindra"
"dbpedia_2293","dataworld_1446","0.7460526315789473","Jindal Steel and Power","Jindal Steel & Power"
"dbpedia_1421","dataworld_946","1.0","Emirates NBD","Emirates NBD"
"dbpedia_2676","dataworld_789","0.5145833333333334","Mahindra Satyam","Mahindra & Mahindra"
"dbpedia_3674","dataworld_1689","1.0","SL Green Realty","SL Green Realty"
"dbpedia_930","dataworld_29","1.0","China Mobile","China Mobile"
"dbpedia_510","dataworld_890","1.0","Bank Negara Indonesia","Bank Negara Indonesia"
"dbpedia_2178","dataworld_637","0.5151515151515151","Interbank","Inter Rao"
"dbpedia_2487","dataworld_463","1.0","LG Chem","LG Chem"
"dbpedia_3407","dataworld_840","1.0","Power Assets Holdings","Power Assets Holdings"
"dbpedia_3355","dataworld_1700","1.0","PhosAgro","PhosAgro"
"dbpedia_39","dataworld_1271","1.0","AGCO","AGCO"
"dbpedia_3511","dataworld_1645","0.6073529411764705","Range Resources","Randgold Resources"
"dbpedia_933","dataworld_29","1.0","China Mobile","China Mobile"
"dbpedia_4338","dataworld_224","0.577922077922078","Titan Pharmaceuticals","Teva Pharmaceutical Inds"
"dbpedia_1958","dataworld_864","1.0","Hindalco Industries","Hindalco Industries"
"dbpedia_2859","dataworld_1171","1.0","Mitsui O.S.K. Lines","Mitsui OSK Lines"
"dbpedia_931","dataworld_29","1.0","China Mobile","China Mobile"
"dbpedia_4819","dataworld_849","0.6770833333333333","Zijin Mining","Zijin Mining Group"
"dbpedia_3510","dataworld_1645","1.0","Randgold Resources","Randgold Resources"
"dbpedia_932","dataworld_29","1.0","China Mobile","China Mobile"
"dbpedia_2671","dataworld_1356","0.5448717948717949","Magna International","Millicom International"
"dbpedia_2428","dataworld_1499","1.0","Kinross Gold","Kinross Gold"
"dbpedia_3586","dataworld_1590","1.0","Rite Aid","Rite Aid"
"dbpedia_786","dataworld_895","0.6213450292397661","Campbell Soup Company","Campbell Soup"
"dbpedia_760","dataworld_1439","0.5611111111111111","CNX Resources","Concho Resources"
"dbpedia_723","dataworld_963","0.5131578947368421","C. H. Robinson","CH Robinson Worldwide"
"dbpedia_67","dataworld_1553","1.0","ATCO","Atco"
"dbpedia_514","dataworld_1573","0.5","Bank Stern","Bankinter"
"dbpedia_2465","dataworld_585","1.0","Kubota","Kubota"
"dbpedia_915","dataworld_1477","0.7239089184060721","China International Marine Containers","China International Marine"
"dbpedia_3730","dataworld_1158","1.0","Samsung SDI","Samsung SDI"
"dbpedia_505","dataworld_890","0.55","Bank Maybank Indonesia","Bank Negara Indonesia"
"dbpedia_29","dataworld_38","0.5113636363636364","ACS Group","AXA Group"
"dbpedia_4050","dataworld_51","0.5087412587412588","Sumitomo Mitsui Construction","Sumitomo Mitsui Financial"
"dbpedia_16","dataworld_455","0.5","AAON","Aon"
"dbpedia_147","dataworld_1814","0.5555555555555556","Aktia Bank","Akita Bank"
"dbpedia_2824","dataworld_1750","0.5255681818181819","Miller Industries","Mohawk Industries"
"dbpedia_4051","dataworld_51","0.5087412587412588","Sumitomo Mitsui Construction","Sumitomo Mitsui Financial"
"dbpedia_4168","dataworld_1357","1.0","Taiwan Mobile","Taiwan Mobile"
"dbpedia_3918","dataworld_142","0.5993589743589745","SoftBank Group","Softbank"
"dbpedia_4161","dataworld_1354","1.0","Taishin Financial Holdings","Taishin Financial Holdings"
"dbpedia_226","dataworld_105","1.0","American Express","American Express"
"dbpedia_4160","dataworld_1354","1.0","Taishin Financial Holdings","Taishin Financial Holdings"
"dbpedia_1999","dataworld_1860","0.5625","Hokuriku Bank","Hokuetsu Bank"
"dbpedia_1006","dataworld_1242","0.5410256410256411","Coca-Cola FEMSA","Coca-Cola HBC"
"dbpedia_1030","dataworld_1336","1.0","Commercial Bank of Qatar","Commercial Bank of Qatar"
"dbpedia_148","dataworld_1814","0.5555555555555556","Aktia Bank","Akita Bank"
"dbpedia_2741","dataworld_334","0.5113636363636364","Max Group","MTN Group"
"dbpedia_1996","dataworld_1860","0.5333333333333334","Hokkoku Bank","Hokuetsu Bank"
"dbpedia_4600","dataworld_996","0.5416666666666667","Vestas","Ventas"
"dbpedia_2203","dataworld_581","0.788888888888889","Investor AB","Investor"
"dbpedia_3566","dataworld_754","1.0","Republic Services","Republic Services"
"dbpedia_4182","dataworld_598","0.5089285714285714","Takara Holdings","T&D Holdings"
"dbpedia_2464","dataworld_585","1.0","Kubota","Kubota"
"dbpedia_4454","dataworld_499","0.53475935828877","Trinity Industries","Toyota Industries"
"dbpedia_2179","dataworld_868","0.6527777777777778","Intercontinental Bank","IntercontinentalExchange"
"dbpedia_4181","dataworld_598","0.5089285714285714","Takara Holdings","T&D Holdings"
"dbpedia_460","dataworld_926","1.0","Baidu","Baidu"
"dbpedia_2201","dataworld_581","0.5972222222222222","Invesco","Investor"
"dbpedia_3726","dataworld_1284","0.5583333333333333","Samsung Engineering","ST Engineering"
"dbpedia_952","dataworld_698","1.0","Chubu Electric Power","Chubu Electric Power"
"dbpedia_3684","dataworld_1325","1.0","SOHO China","Soho China"
"dbpedia_3727","dataworld_591","0.6469230769230769","Samsung Fire & Marine Insurance","Samsung Fire & Marine"
"dbpedia_938","dataworld_1009","0.5694444444444444","China Sandi Holdings","China Cosco Holdings"
"dbpedia_1164","dataworld_641","0.542483660130719","Daiwa House","Daiwa House Industry"
"dbpedia_2180","dataworld_868","1.0","Intercontinental Exchange","IntercontinentalExchange"
"dbpedia_2979","dataworld_1050","0.5589225589225589","National Bank of Pakistan","National Bank of Greece"
"dbpedia_178","dataworld_119","0.5785024154589372","Alkem Laboratories","Abbott Laboratories"
"dbpedia_3999","dataworld_584","1.0","Starbucks","Starbucks"
"dbpedia_890","dataworld_756","0.5104166666666666","Cheniere Energy","Chesapeake Energy"
"dbpedia_1673","dataworld_1748","1.0","Furukawa Electric","Furukawa Electric"
"dbpedia_4415","dataworld_1752","0.6125","Toyo Seikan","Toyo Seikan Kaisha"
"dbpedia_1674","dataworld_1748","1.0","Furukawa Electric","Furukawa Electric"
"dbpedia_3425","dataworld_509","1.0","Principal Financial Group","Principal Financial Group"
"dbpedia_1671","dataworld_1748","1.0","Furukawa Electric","Furukawa Electric"
"dbpedia_1672","dataworld_1748","1.0","Furukawa Electric","Furukawa Electric"
"dbpedia_3175","dataworld_493","1.0","Omnicom Group","Omnicom Group"
"dbpedia_3038","dataworld_1068","0.5982142857142857","Nidec ASI","Nidec"
"dbpedia_3646","dataworld_850","0.5113636363636364","SAS Group","SKF Group"
"dbpedia_3037","dataworld_1068","1.0","Nidec","Nidec"
"dbpedia_3647","dataworld_850","0.5113636363636364","SAS Group","SKF Group"
"dbpedia_4414","dataworld_1752","0.6125","Toyo Seikan","Toyo Seikan Kaisha"
"dbpedia_3036","dataworld_1068","1.0","Nidec","Nidec"
"dbpedia_1329","dataworld_1179","1.0","E-mart","E-mart"
"dbpedia_758","dataworld_767","0.5891304347826087","CNK International","Cameron International"
"dbpedia_164","dataworld_1915","1.0","Alexander's","Alexander's"
"dbpedia_2225","dataworld_1265","0.5753676470588236","Israel Corporation","Israel Corp"
"dbpedia_4782","dataworld_1890","1.0","Yamagata Bank","Yamagata Bank"
"dbpedia_3785","dataworld_992","0.503125","SeaChange International","Shanghai International Port"
"dbpedia_4004","dataworld_130","0.5333333333333333","State Bank of Hyderabad","State Bank of India"
"dbpedia_4003","dataworld_130","0.5333333333333333","State Bank of Hyderabad","State Bank of India"
"dbpedia_2186","dataworld_881","0.5268817204301075","International Ferro Metals","International Airlines"
"dbpedia_883","dataworld_767","0.5865384615384616","Charter International","Cameron International"
"dbpedia_884","dataworld_767","0.5865384615384616","Charter International","Cameron International"
"dbpedia_1586","dataworld_1292","1.0","First Republic Bank","First Republic Bank"
"dbpedia_2185","dataworld_881","0.5075000000000001","International Display Works","International Airlines"
"dbpedia_3729","dataworld_318","1.0","Samsung Life Insurance","Samsung Life Insurance"
"dbpedia_2538","dataworld_668","0.5227272727272727","Lenovo","Lenovo Group"
"dbpedia_2977","dataworld_1050","0.61","National Bank of Kuwait","National Bank of Greece"
"dbpedia_2539","dataworld_668","0.5227272727272727","Lenovo","Lenovo Group"
"dbpedia_919","dataworld_1482","0.5324074074074073","China Merchants Bank","China Merchants Securities"
"dbpedia_2978","dataworld_1050","0.61","National Bank of Malawi","National Bank of Greece"
"dbpedia_3243","dataworld_176","1.0","POSCO","Posco"
"dbpedia_3727","dataworld_318","0.5794871794871794","Samsung Fire & Marine Insurance","Samsung Life Insurance"
"dbpedia_2975","dataworld_1050","0.61","National Bank of Canada","National Bank of Greece"
"dbpedia_3871","dataworld_50","1.0","Siemens","Siemens"
"dbpedia_2976","dataworld_1050","0.6458333333333333","National Bank of Kenya","National Bank of Greece"
"dbpedia_3758","dataworld_308","1.0","Sasol","Sasol"
"dbpedia_720","dataworld_958","1.0","C&A","CA"
"dbpedia_4317","dataworld_499","0.575","Thor Industries","Toyota Industries"
"dbpedia_721","dataworld_958","1.0","C&A","CA"
"dbpedia_1466","dataworld_479","1.0","Etisalat","Etisalat"
"dbpedia_146","dataworld_144","0.5138888888888888","Akij Group","AIA Group"
"dbpedia_2059","dataworld_747","1.0","Hyundai Steel","Hyundai Steel"
"dbpedia_3544","dataworld_830","1.0","Reinsurance Group of America","Reinsurance Group of America"
"dbpedia_3654","dataworld_850","0.6375","SDF Group","SKF Group"
"dbpedia_1029","dataworld_1336","0.7047619047619047","Commercial Bank of Dubai","Commercial Bank of Qatar"
"dbpedia_3656","dataworld_850","0.5113636363636364","SEB Group","SKF Group"
"dbpedia_4233","dataworld_1811","1.0","Teijin","Teijin"
"dbpedia_1172","dataworld_1149","1.0","Dangote Cement","Dangote Cement"
"dbpedia_3497","dataworld_170","0.5113636363636364","RTL Group","RWE Group"
"dbpedia_4232","dataworld_1811","1.0","Teijin","Teijin"
"dbpedia_2852","dataworld_106","0.6118421052631579","Mitsubishi Motors","Mitsubishi Corp"
"dbpedia_1171","dataworld_1149","1.0","Dangote Cement","Dangote Cement"
"dbpedia_1170","dataworld_1149","1.0","Dangote Cement","Dangote Cement"
"dbpedia_546","dataworld_1728","1.0","Bank of Iwate","Bank of Iwate"
"dbpedia_4220","dataworld_141","0.5","TechTarget","Target"
"dbpedia_3176","dataworld_1901","1.0","Omron","Omron"
"dbpedia_765","dataworld_767","0.6141304347826086","CRA International","Cameron International"
"dbpedia_3657","dataworld_850","0.5113636363636364","SEB Group","SKF Group"
"dbpedia_3784","dataworld_984","0.5529411764705883","SeAh Steel Holdings","Sears Holdings"
"dbpedia_877","dataworld_1452","1.0","Chang Hwa Bank","Chang Hwa Bank"
"dbpedia_1238","dataworld_254","1.0","Denso","Denso"
"dbpedia_880","dataworld_883","1.0","Charoen Pokphand Foods","Charoen Pokphand Foods"
"dbpedia_876","dataworld_1452","1.0","Chang Hwa Bank","Chang Hwa Bank"
"dbpedia_163","dataworld_1915","0.53125","Alexander & Baldwin","Alexander's"
"dbpedia_3787","dataworld_984","0.6897435897435897","Seah Holdings","Sears Holdings"
"dbpedia_2540","dataworld_668","0.5227272727272727","Lenovo","Lenovo Group"
"dbpedia_3711","dataworld_1355","0.625","Saia","SAIC"
"dbpedia_2541","dataworld_668","0.5227272727272727","Lenovo","Lenovo Group"
"dbpedia_3579","dataworld_855","1.0","Ricoh","Ricoh"
"dbpedia_924","dataworld_1482","0.5221774193548387","China Merchants Property","China Merchants Securities"
"dbpedia_3886","dataworld_536","1.0","Simon Property Group","Simon Property Group"
"dbpedia_3450","dataworld_974","1.0","Public Storage","Public Storage"
"dbpedia_3626","dataworld_682","1.0","RusHydro","RusHydro"
"dbpedia_923","dataworld_1482","0.5740740740740741","China Merchants Port","China Merchants Securities"
"dbpedia_2851","dataworld_380","0.5331807780320366","Mitsubishi Materials","Mitsubishi Estate"
"dbpedia_2852","dataworld_380","0.5580357142857143","Mitsubishi Motors","Mitsubishi Estate"
"dbpedia_920","dataworld_1482","0.5324074074074073","China Merchants Bank","China Merchants Securities"
"dbpedia_2850","dataworld_380","0.5331807780320366","Mitsubishi Materials","Mitsubishi Estate"
"dbpedia_922","dataworld_1482","0.5324074074074073","China Merchants Bank","China Merchants Securities"
"dbpedia_1459","dataworld_282","1.0","Ericsson","Ericsson"
"dbpedia_921","dataworld_1482","0.5324074074074073","China Merchants Bank","China Merchants Securities"
"dbpedia_982","dataworld_763","0.6666666666666667","City Pacific","Citic Pacific"
"dbpedia_1025","dataworld_55","1.0","Comcast","Comcast"
"dbpedia_1893","dataworld_800","0.5032894736842105","Hanover Insurance","Hanwha Life Insurance"
"dbpedia_3456","dataworld_974","0.5336538461538461","Pure Storage","Public Storage"
"dbpedia_909","dataworld_2","1.0","China Construction Bank","China Construction Bank"
"dbpedia_1884","dataworld_1505","0.5909090909090909","Hana Financial Group","Hokuhoku Financial Group"
"dbpedia_908","dataworld_2","1.0","China Construction Bank","China Construction Bank"
"dbpedia_233","dataworld_394","1.0","Ameriprise Financial","Ameriprise Financial"
"dbpedia_907","dataworld_2","1.0","China Construction Bank","China Construction Bank"
"dbpedia_1038","dataworld_452","0.5059523809523809","Compass, Inc.","Compass Group"
"dbpedia_98","dataworld_1779","0.5952380952380952","Adabank","Awa Bank"
"dbpedia_309","dataworld_1621","0.627104377104377","Arena Pharmaceuticals","Alexion Pharmaceuticals"
"dbpedia_3791","dataworld_899","1.0","Secom","Secom"
"dbpedia_4354","dataworld_485","0.5672514619883041","Tokio Marine","Tokio Marine Holdings"
"dbpedia_65","dataworld_1303","0.5","AT&S","Atos"
"dbpedia_3704","dataworld_1284","0.5583333333333333","Sadbhav Engineering","ST Engineering"
"dbpedia_3677","dataworld_884","1.0","SM Investments","SM Investments"
"dbpedia_2590","dataworld_777","0.5625","Loral Space & Communications","L-3 Communications"
"dbpedia_1079","dataworld_1100","0.5166666666666666","Cosmo Films","Cosmo Oil"
"dbpedia_4239","dataworld_477","0.5","Tele2","Telus"
"dbpedia_937","dataworld_774","0.5324074074074073","China Resources Land","China Resources Enterprise"
"dbpedia_2311","dataworld_315","1.0","KB Financial Group","KB Financial Group"
"dbpedia_2451","dataworld_528","0.6139162561576355","Korea Electric Power Corporation","Korea Electric Power"
"dbpedia_2450","dataworld_528","0.6139162561576355","Korea Electric Power Corporation","Korea Electric Power"
"dbpedia_1357","dataworld_210","0.7049689440993789","East Japan Railway Company","East Japan Railway"
"dbpedia_2052","dataworld_990","0.593103448275862","Hyundai Engineering & Construction","Hyundai Engineering"
"dbpedia_69","dataworld_1432","0.6323529411764706","ATI Technologies","Avago Technologies"
"dbpedia_4338","dataworld_271","0.5807692307692307","Titan Pharmaceuticals","Takeda Pharmaceutical"
"dbpedia_904","dataworld_454","0.63125","China Clean Energy","China Coal Energy"
"dbpedia_910","dataworld_2","1.0","China Construction Bank","China Construction Bank"
"dbpedia_4294","dataworld_69","0.575","The Rank Group","TD Bank Group"
"dbpedia_905","dataworld_454","0.63125","China Clean Energy","China Coal Energy"
"dbpedia_1704","dataworld_1659","0.5542763157894737","GVK Industries","Grasim Industries"
"dbpedia_2441","dataworld_595","1.0","Kohl's","Kohl's"
"dbpedia_72","dataworld_1331","1.0","AU Optronics","AU Optronics"
"dbpedia_2051","dataworld_990","0.593103448275862","Hyundai Engineering & Construction","Hyundai Engineering"
"dbpedia_1874","dataworld_927","0.5615384615384615","Haitong International","Hermès International"
"dbpedia_510","dataworld_1402","0.5351851851851852","Bank Negara Indonesia","Bank Danamon Indonesia"
"dbpedia_244","dataworld_1085","0.5340909090909091","Ammann Group","AmBank Group"
"dbpedia_4791","dataworld_1834","0.6583333333333334","Yokohama Rubber Company","Yokohama Rubber"
"dbpedia_3397","dataworld_1705","0.6833333333333333","Popular, Inc.","Popular"
"dbpedia_4792","dataworld_1834","0.6583333333333334","Yokohama Rubber Company","Yokohama Rubber"
"dbpedia_3398","dataworld_1705","0.6833333333333333","Popular, Inc.","Popular"
"dbpedia_2808","dataworld_174","0.5015151515151515","Micro-Star International","Mondelez International"
"dbpedia_732","dataworld_1460","1.0","CBRE Group","CBRE Group"
"dbpedia_952","dataworld_1110","0.7431818181818182","Chubu Electric Power","Chugoku Electric Power"
"dbpedia_3076","dataworld_82","0.5227272727272727","Nissan","Nissan Motor"
"dbpedia_733","dataworld_1599","0.5166666666666666","CBS Corporation","Corporation Bank"
"dbpedia_736","dataworld_1599","0.5166666666666666","CBS Corporation","Corporation Bank"
"dbpedia_515","dataworld_1402","0.5035714285714286","Bank Syariah Indonesia","Bank Danamon Indonesia"
"dbpedia_734","dataworld_1599","0.5166666666666666","CBS Corporation","Corporation Bank"
"dbpedia_2587","dataworld_777","0.75","Look Communications","L-3 Communications"
"dbpedia_735","dataworld_1599","0.5166666666666666","CBS Corporation","Corporation Bank"
"dbpedia_3722","dataworld_414","0.5277777777777778","Sampoerna","Sampo"
"dbpedia_1993","dataworld_1507","0.7453703703703703","Hokkaido Electric Power Company","Hokkaido Electric Power"
"dbpedia_546","dataworld_939","0.5324675324675324","Bank of Iwate","Bank of India"
"dbpedia_1992","dataworld_1507","0.7453703703703703","Hokkaido Electric Power Company","Hokkaido Electric Power"
"dbpedia_280","dataworld_1054","1.0","Aozora Bank","Aozora Bank"
"dbpedia_1995","dataworld_1507","0.7453703703703703","Hokkaido Electric Power Company","Hokkaido Electric Power"
"dbpedia_1994","dataworld_1507","0.7453703703703703","Hokkaido Electric Power Company","Hokkaido Electric Power"
"dbpedia_2671","dataworld_446","1.0","Magna International","Magna International"
"dbpedia_963","dataworld_767","0.5094202898550725","Cinema City International","Cameron International"
"dbpedia_1991","dataworld_1507","0.7453703703703703","Hokkaido Electric Power Company","Hokkaido Electric Power"
"dbpedia_1990","dataworld_1507","0.7453703703703703","Hokkaido Electric Power Company","Hokkaido Electric Power"
"dbpedia_70","dataworld_1432","0.6323529411764706","ATI Technologies","Avago Technologies"
"dbpedia_938","dataworld_1369","0.5194805194805195","China Sandi Holdings","China Merchants Holdings"
"dbpedia_2167","dataworld_834","1.0","Intact Financial","Intact Financial"
"dbpedia_2152","dataworld_711","1.0","Industries Qatar","Industries Qatar"
"dbpedia_1033","dataworld_1255","0.8138528138528138","Community Health Systems","Community Health Sys"
"dbpedia_4053","dataworld_543","0.5714285714285714","Sumitomo Riko","Sumitomo Realty"
"dbpedia_1042","dataworld_680","0.5226244343891403","Conagra Brands","ConAgra Foods"
"dbpedia_4054","dataworld_543","0.5714285714285714","Sumitomo Riko","Sumitomo Realty"
"dbpedia_2065","dataworld_812","0.5833333333333334","I.T","ITC"
"dbpedia_1076","dataworld_1344","0.6141304347826086","Corus Entertainment","Caesars Entertainment"
"dbpedia_620","dataworld_722","0.5777777777777777","Biogen","Biogen Idec"
"dbpedia_500","dataworld_1402","0.5381578947368422","Bank Danamon","Bank Danamon Indonesia"
"dbpedia_1055","dataworld_1230","0.5226244343891403","Contact Energy","Consol Energy"
"dbpedia_3760","dataworld_510","0.6887351778656126","Saudi Electricity Company","Saudi Electricity"
"dbpedia_4738","dataworld_1642","0.542483660130719","Windstream Holdings","Windstream"
"dbpedia_3687","dataworld_850","0.5113636363636364","SPC Group","SKF Group"
"dbpedia_1628","dataworld_1879","0.625","Fosun International","Finning International"
"dbpedia_909","dataworld_304","0.512212643678161","China Construction Bank","China Railway Construction"
"dbpedia_908","dataworld_304","0.512212643678161","China Construction Bank","China Railway Construction"
"dbpedia_4717","dataworld_715","0.7049689440993789","West Japan Railway Company","West Japan Railway"
"dbpedia_4718","dataworld_715","0.7049689440993789","West Japan Railway Company","West Japan Railway"
"dbpedia_505","dataworld_1402","0.5423076923076923","Bank Maybank Indonesia","Bank Danamon Indonesia"
"dbpedia_907","dataworld_304","0.512212643678161","China Construction Bank","China Railway Construction"
"dbpedia_2933","dataworld_1843","0.5113636363636364","NFI Group","NCC Group"
"dbpedia_757","dataworld_1540","0.5555555555555556","CMS Energy","CVR Energy"
"dbpedia_501","dataworld_979","0.5446428571428572","Bank Day","Bankia"
"dbpedia_3845","dataworld_432","1.0","Shin-Etsu Chemical","Shin-Etsu Chemical"
"dbpedia_2177","dataworld_1792","0.7776679841897234","Interactive Brokers","Interactive Brokers Group"
"dbpedia_3683","dataworld_1408","0.6547619047619049","SNC-Lavalin","SNC-Lavalin Group"
"dbpedia_1836","dataworld_724","0.5166666666666666","Grupo Famsa","Grupo ACS"
"dbpedia_3656","dataworld_1591","0.5166666666666666","SEB Group","Serco Group"
"dbpedia_2489","dataworld_796","1.0","LG Display","LG Display"
"dbpedia_1278","dataworld_596","1.0","Dish Network","DISH Network"
"dbpedia_1279","dataworld_596","1.0","Dish Network","DISH Network"
"dbpedia_1051","dataworld_416","0.5468965517241379","Consolidated Media Holdings","Consolidated Edison"
"dbpedia_759","dataworld_1679","1.0","CNO Financial Group","CNO Financial Group"
"dbpedia_919","dataworld_1269","0.5781818181818181","China Merchants Bank","China Merchants Property"
"dbpedia_3730","dataworld_671","0.6227272727272727","Samsung SDI","Samsung C&T"
"dbpedia_3692","dataworld_850","0.5113636363636364","SSP Group","SKF Group"
"dbpedia_2646","dataworld_334","1.0","MTN Group","MTN Group"
"dbpedia_923","dataworld_1369","0.600909090909091","China Merchants Port","China Merchants Holdings"
"dbpedia_2647","dataworld_334","1.0","MTN Group","MTN Group"
"dbpedia_924","dataworld_1369","0.542319749216301","China Merchants Property","China Merchants Holdings"
"dbpedia_2860","dataworld_122","0.5125","Mitsuoka","Mitsui & Co"
"dbpedia_3548","dataworld_1442","0.5520361990950227","Reliance Power","Reliance Steel"
"dbpedia_3549","dataworld_1442","0.5520361990950227","Reliance Power","Reliance Steel"
"dbpedia_920","dataworld_1369","0.600909090909091","China Merchants Bank","China Merchants Holdings"
"dbpedia_281","dataworld_245","0.5476190476190477","Apacer","Apache"
"dbpedia_3657","dataworld_1591","0.5166666666666666","SEB Group","Serco Group"
"dbpedia_921","dataworld_1369","0.600909090909091","China Merchants Bank","China Merchants Holdings"
"dbpedia_279","dataworld_1054","0.5","Aomori Bank","Aozora Bank"
"dbpedia_3846","dataworld_432","1.0","Shin-Etsu Chemical","Shin-Etsu Chemical"
"dbpedia_922","dataworld_1369","0.600909090909091","China Merchants Bank","China Merchants Holdings"
"dbpedia_1098","dataworld_770","1.0","Credicorp","Credicorp"
"dbpedia_3072","dataworld_1055","1.0","Nippon Yusen","Nippon Yusen"
"dbpedia_3849","dataworld_1135","0.5018315018315018","Shinhan Financial Group","Shin Kong Financial"
"dbpedia_910","dataworld_304","0.512212643678161","China Construction Bank","China Railway Construction"
"dbpedia_1335","dataworld_265","1.0","EBay","Ebay"
"dbpedia_1347","dataworld_492","1.0","EOG Resources","EOG Resources"
"dbpedia_4393","dataworld_583","0.7274509803921569","Topy Industries","Toray Industries"
"dbpedia_4394","dataworld_583","0.7274509803921569","Topy Industries","Toray Industries"
"dbpedia_4395","dataworld_583","1.0","Toray Industries","Toray Industries"
"dbpedia_4225","dataworld_494","1.0","Teck Resources","Teck Resources"
"dbpedia_4396","dataworld_583","1.0","Toray Industries","Toray Industries"
"dbpedia_520","dataworld_702","1.0","Bank of Baroda","Bank of Baroda"
"dbpedia_1837","dataworld_724","0.5166666666666666","Grupo Famsa","Grupo ACS"
"dbpedia_896","dataworld_1767","0.7019927536231884","Chicago Bridge & Iron Company","Chicago Bridge & Iron"
"dbpedia_4059","dataworld_267","1.0","Sun Life Financial","Sun Life Financial"
"dbpedia_1322","dataworld_678","0.6083333333333334","Duke Energy","DTE Energy"
"dbpedia_1628","dataworld_983","1.0","Fosun International","Fosun International"
"dbpedia_1006","dataworld_76","0.5993589743589745","Coca-Cola FEMSA","Coca-Cola"
"dbpedia_3511","dataworld_1838","1.0","Range Resources","Range Resources"
"dbpedia_904","dataworld_111","0.5","China Clean Energy","China Shenhua Energy"
"dbpedia_905","dataworld_111","0.5","China Clean Energy","China Shenhua Energy"
"dbpedia_4658","dataworld_877","0.7140522875816994","Vornado Realty Trust","Vornado Realty"
"dbpedia_3510","dataworld_1838","0.6073529411764705","Randgold Resources","Range Resources"
"dbpedia_3159","dataworld_1582","1.0","Oil India","Oil India"
"dbpedia_337","dataworld_1459","0.5416666666666667","Asetek","Ametek"
"dbpedia_912","dataworld_231","0.620909090909091","China Everbright Limited","China Everbright Bank"
"dbpedia_2714","dataworld_1356","0.5467980295566502","Marriott International","Millicom International"
"dbpedia_1175","dataworld_266","0.525","Dantherm","Danaher"
"dbpedia_1234","dataworld_1386","1.0","Denbury Resources","Denbury Resources"
"dbpedia_2716","dataworld_529","1.0","Marsh McLennan","Marsh & McLennan"
"dbpedia_3941","dataworld_487","0.5","Sonos","Sony"
"dbpedia_2848","dataworld_526","1.0","Mitsubishi Heavy Industries","Mitsubishi Heavy Industries"
"dbpedia_2849","dataworld_526","1.0","Mitsubishi Heavy Industries","Mitsubishi Heavy Industries"
"dbpedia_4118","dataworld_598","0.5461538461538462","TASTE Holdings","T&D Holdings"
"dbpedia_3944","dataworld_487","1.0","Sony","Sony"
"dbpedia_2731","dataworld_542","1.0","Mastercard","MasterCard"
"dbpedia_4122","dataworld_1270","0.5","TDK","TDC"
"dbpedia_3945","dataworld_487","1.0","Sony","Sony"
"dbpedia_2732","dataworld_542","1.0","Mastercard","MasterCard"
"dbpedia_1402","dataworld_1424","0.7704301075268818","Electric Power Development Company","Electric Power Development"
"dbpedia_3942","dataworld_487","1.0","Sony","Sony"
"dbpedia_3943","dataworld_487","1.0","Sony","Sony"
"dbpedia_224","dataworld_888","0.5649038461538461","American Axle","American Tower"
"dbpedia_3948","dataworld_219","0.6000000000000001","Southern Bancorp","Southern Co"
"dbpedia_4360","dataworld_561","1.0","Tokyo Gas","Tokyo Gas"
"dbpedia_320","dataworld_1432","0.6867647058823529","Arlo Technologies","Avago Technologies"
"dbpedia_2418","dataworld_341","1.0","Kimberly-Clark","Kimberly-Clark"
"dbpedia_3949","dataworld_219","0.6547619047619049","Southern Company","Southern Co"
"dbpedia_3800","dataworld_1272","1.0","Sekisui Chemical","Sekisui Chemical"
"dbpedia_1979","dataworld_1507","0.7453703703703703","Hokkaido Electric Power Company","Hokkaido Electric Power"
"dbpedia_29","dataworld_144","0.5113636363636364","ACS Group","AIA Group"
"dbpedia_1522","dataworld_749","1.0","Fairfax Financial","Fairfax Financial"
"dbpedia_1978","dataworld_1507","0.7453703703703703","Hokkaido Electric Power Company","Hokkaido Electric Power"
"dbpedia_958","dataworld_280","1.0","Cigna","Cigna"
"dbpedia_1985","dataworld_1507","0.7453703703703703","Hokkaido Electric Power Company","Hokkaido Electric Power"
"dbpedia_2768","dataworld_1263","0.5151515151515151","Medialink","MediaTek"
"dbpedia_4240","dataworld_314","0.6071428571428572","TeleNav","Telenor"
"dbpedia_957","dataworld_280","1.0","Cigna","Cigna"
"dbpedia_1984","dataworld_1507","0.7453703703703703","Hokkaido Electric Power Company","Hokkaido Electric Power"
"dbpedia_2767","dataworld_1263","1.0","MediaTek","MediaTek"
"dbpedia_956","dataworld_280","1.0","Cigna","Cigna"
"dbpedia_1987","dataworld_1507","0.7453703703703703","Hokkaido Electric Power Company","Hokkaido Electric Power"
"dbpedia_955","dataworld_280","1.0","Cigna","Cigna"
"dbpedia_1986","dataworld_1507","0.7453703703703703","Hokkaido Electric Power Company","Hokkaido Electric Power"
"dbpedia_1981","dataworld_1507","0.7453703703703703","Hokkaido Electric Power Company","Hokkaido Electric Power"
"dbpedia_1980","dataworld_1507","0.7453703703703703","Hokkaido Electric Power Company","Hokkaido Electric Power"
"dbpedia_1748","dataworld_700","0.5643939393939393","Genting Group","Genting"
"dbpedia_1983","dataworld_1507","0.7453703703703703","Hokkaido Electric Power Company","Hokkaido Electric Power"
"dbpedia_1982","dataworld_1507","0.7453703703703703","Hokkaido Electric Power Company","Hokkaido Electric Power"
"dbpedia_1912","dataworld_168","0.560064935064935","Haynes International","Honeywell International"
"dbpedia_919","dataworld_97","1.0","China Merchants Bank","China Merchants Bank"
"dbpedia_4440","dataworld_1474","1.0","Travis Perkins","Travis Perkins"
"dbpedia_3894","dataworld_285","1.0","Singtel","Singtel"
"dbpedia_4065","dataworld_136","1.0","Suncor Energy","Suncor Energy"
"dbpedia_804","dataworld_134","0.5131578947368421","Capital One","Capital One Financial"
"dbpedia_215","dataworld_507","0.6794871794871795","Amazon (company)","Amazon.com"
"dbpedia_4441","dataworld_1474","1.0","Travis Perkins","Travis Perkins"
"dbpedia_4240","dataworld_1276","0.5357142857142857","TeleNav","Tele2"
"dbpedia_319","dataworld_1432","0.6867647058823529","Arlo Technologies","Avago Technologies"
"dbpedia_4273","dataworld_1041","0.5643939393939393","ThaiBev","Thai Beverage"
"dbpedia_3849","dataworld_241","1.0","Shinhan Financial Group","Shinhan Financial Group"
"dbpedia_916","dataworld_102","0.7141666666666666","China Life Insurance Company","China Life Insurance"
"dbpedia_1989","dataworld_1507","0.7453703703703703","Hokkaido Electric Power Company","Hokkaido Electric Power"
"dbpedia_4163","dataworld_224","0.5097402597402597","Taisho Pharmaceutical","Teva Pharmaceutical Inds"
"dbpedia_2065","dataworld_1644","0.5833333333333334","I.T","ITV"
"dbpedia_1988","dataworld_1507","0.7453703703703703","Hokkaido Electric Power Company","Hokkaido Electric Power"
"dbpedia_4162","dataworld_224","0.5097402597402597","Taisho Pharmaceutical","Teva Pharmaceutical Inds"
"dbpedia_593","dataworld_1583","0.8181818181818181","Bendigo and Adelaide Bank","Bendigo & Adelaide Bank"
"dbpedia_392","dataworld_1341","1.0","AutoNation","AutoNation"
"dbpedia_2659","dataworld_428","1.0","Macquarie Group","Macquarie Group"
"dbpedia_1369","dataworld_567","1.0","Ecolab","Ecolab"
"dbpedia_2979","dataworld_667","0.5650470219435737","National Bank of Pakistan","National Bank of Abu Dhabi"
"dbpedia_2476","dataworld_1089","1.0","Kuwait Finance House","Kuwait Finance House"
"dbpedia_1010","dataworld_1188","0.5793650793650793","Cogent Communications","Charter Communications"
"dbpedia_2979","dataworld_669","0.5816498316498316","National Bank of Pakistan","National Bank of Kuwait"
"dbpedia_794","dataworld_991","0.5264423076923077","Canadian Solar","Canadian Tire"
"dbpedia_1286","dataworld_1048","1.0","Dollar Tree","Dollar Tree"
"dbpedia_1287","dataworld_1048","0.5083333333333333","Dollarama","Dollar Tree"
"dbpedia_2919","dataworld_954","1.0","Murata Manufacturing","Murata Manufacturing"
"dbpedia_795","dataworld_991","1.0","Canadian Tire","Canadian Tire"
"dbpedia_4152","dataworld_494","0.5515873015873016","Tahoe Resources","Teck Resources"
"dbpedia_3142","dataworld_874","1.0","OTP Bank","OTP Bank"
"dbpedia_3774","dataworld_195","1.0","Schneider Electric","Schneider Electric"
"dbpedia_390","dataworld_1341","1.0","AutoNation","AutoNation"
"dbpedia_4239","dataworld_314","0.5357142857142857","Tele2","Telenor"
"dbpedia_391","dataworld_1341","1.0","AutoNation","AutoNation"
"dbpedia_2409","dataworld_1063","1.0","Keyence","Keyence"
"dbpedia_3841","dataworld_1295","0.525","Shimadzu","Shimizu"
"dbpedia_2234","dataworld_909","0.5595238095238095","Iveco","Inveco"
"dbpedia_3842","dataworld_1295","0.525","Shimadzu","Shimizu"
"dbpedia_1108","dataworld_1260","1.0","Crown Holdings","Crown Holdings"
"dbpedia_95","dataworld_1621","0.6043771043771043","Acura Pharmaceuticals","Alexion Pharmaceuticals"
"dbpedia_4265","dataworld_1065","0.5","Ternium","Terna"
"dbpedia_4706","dataworld_1500","1.0","Weir Group","Weir Group"
"dbpedia_2857","dataworld_403","1.0","Mitsui Fudosan","Mitsui Fudosan"
"dbpedia_2057","dataworld_1870","0.5476190476190477","Hyundai Mobis","Hyundai Wia"
"dbpedia_4727","dataworld_921","1.0","Weyerhaeuser","Weyerhaeuser"
"dbpedia_3491","dataworld_1655","1.0","RMB Holdings","RMB Holdings"
"dbpedia_389","dataworld_1341","1.0","AutoNation","AutoNation"
"dbpedia_2059","dataworld_1870","0.5059523809523809","Hyundai Steel","Hyundai Wia"
"dbpedia_509","dataworld_1620","1.0","Bank Muscat","Bank Muscat"
"dbpedia_2053","dataworld_1870","0.5076923076923077","Hyundai Glovis","Hyundai Wia"
"dbpedia_4239","dataworld_1276","1.0","Tele2","Tele2"
"dbpedia_4598","dataworld_1216","0.5957792207792207","Vertex Pharmaceuticals","Valeant Pharmaceuticals"
"dbpedia_4269","dataworld_224","0.8181818181818181","Teva Pharmaceuticals","Teva Pharmaceutical Inds"
"dbpedia_2808","dataworld_897","0.546969696969697","Micro-Star International","Marriott International"
"dbpedia_550","dataworld_957","0.51875","Bank of Queensland","Bank of Ireland"
"dbpedia_4779","dataworld_965","1.0","Yamada Denki","Yamada Denki"
"dbpedia_2689","dataworld_334","0.6375","Man Group","MTN Group"
"dbpedia_1108","dataworld_420","0.5336538461538461","Crown Holdings","CLP Holdings"
"dbpedia_4526","dataworld_1449","1.0","Unicharm","Unicharm"
"dbpedia_4187","dataworld_271","0.7357549857549857","Takeda Pharmaceutical Company","Takeda Pharmaceutical"
"dbpedia_3125","dataworld_1450","1.0","Nvidia","Nvidia"
"dbpedia_1099","dataworld_1721","1.0","Credit Saison","Credit Saison"
"dbpedia_4188","dataworld_271","0.7357549857549857","Takeda Pharmaceutical Company","Takeda Pharmaceutical"
"dbpedia_3126","dataworld_1450","1.0","Nvidia","Nvidia"
"dbpedia_4601","dataworld_1747","0.7136363636363636","Vesuvius plc","Vesuvius"
"dbpedia_4724","dataworld_1868","1.0","Westlake Chemical","Westlake Chemical"
"dbpedia_4189","dataworld_271","0.7357549857549857","Takeda Pharmaceutical Company","Takeda Pharmaceutical"
"dbpedia_2723","dataworld_542","0.5","MasTec","MasterCard"
"dbpedia_236","dataworld_538","1.0","AmerisourceBergen","AmerisourceBergen"
"dbpedia_3987","dataworld_277","0.5666666666666667","Standard Bank","Standard Life"
"dbpedia_2690","dataworld_334","0.6375","Man Group","MTN Group"
"dbpedia_360","dataworld_533","1.0","Astellas Pharma","Astellas Pharma"
"dbpedia_1894","dataworld_1665","0.5595238095238095","Hanowa","Hanwa"
"dbpedia_4395","dataworld_499","0.6","Toray Industries","Toyota Industries"
"dbpedia_2976","dataworld_667","0.5909090909090909","National Bank of Kenya","National Bank of Abu Dhabi"
"dbpedia_2978","dataworld_669","0.635","National Bank of Malawi","National Bank of Kuwait"
"dbpedia_4396","dataworld_499","0.6","Toray Industries","Toyota Industries"
"dbpedia_2975","dataworld_667","0.6043771043771043","National Bank of Canada","National Bank of Abu Dhabi"
"dbpedia_2977","dataworld_669","1.0","National Bank of Kuwait","National Bank of Kuwait"
"dbpedia_859","dataworld_292","0.7403846153846154","Central Japan Railway Company","Central Japan Railway"
"dbpedia_4393","dataworld_499","0.6118421052631579","Topy Industries","Toyota Industries"
"dbpedia_2978","dataworld_667","0.6043771043771043","National Bank of Malawi","National Bank of Abu Dhabi"
"dbpedia_2976","dataworld_669","0.6793478260869565","National Bank of Kenya","National Bank of Kuwait"
"dbpedia_4394","dataworld_499","0.6118421052631579","Topy Industries","Toyota Industries"
"dbpedia_2977","dataworld_667","0.6043771043771043","National Bank of Kuwait","National Bank of Abu Dhabi"
"dbpedia_2975","dataworld_669","0.635","National Bank of Canada","National Bank of Kuwait"
"dbpedia_1049","dataworld_71","1.0","ConocoPhillips","ConocoPhillips"
"dbpedia_1912","dataworld_927","0.6447368421052632","Haynes International","Hermès International"
"dbpedia_2135","dataworld_1754","1.0","Incitec Pivot","Incitec Pivot"
"dbpedia_151","dataworld_519","0.5303030303030303","Al Rayan Bank","Al Rajhi Bank"
"dbpedia_269","dataworld_582","1.0","Annaly Capital Management","Annaly Capital Management"
"dbpedia_126","dataworld_8","1.0","Agricultural Bank of China","Agricultural Bank of China"
"dbpedia_127","dataworld_8","1.0","Agricultural Bank of China","Agricultural Bank of China"
"dbpedia_1016","dataworld_387","1.0","Colgate-Palmolive","Colgate-Palmolive"
"dbpedia_124","dataworld_8","1.0","Agricultural Bank of China","Agricultural Bank of China"
"dbpedia_125","dataworld_8","1.0","Agricultural Bank of China","Agricultural Bank of China"
"dbpedia_232","dataworld_1130","0.5265151515151515","Americana Group","American Financial Group"
"dbpedia_2492","dataworld_1745","1.0","LG Uplus","LG Uplus"
"dbpedia_3801","dataworld_664","1.0","Sekisui House","Sekisui House"
"dbpedia_4781","dataworld_965","1.0","Yamada Denki","Yamada Denki"
"dbpedia_339","dataworld_1416","0.5192307692307692","Ashland Global","Ashland"
"dbpedia_4780","dataworld_965","1.0","Yamada Denki","Yamada Denki"
"dbpedia_4091","dataworld_1884","0.525","Swedbank","Sydbank"
"dbpedia_3927","dataworld_544","0.7321428571428572","Solvay S.A.","Solvay"
"dbpedia_3926","dataworld_544","0.7321428571428572","Solvay S.A.","Solvay"
"dbpedia_3092","dataworld_515","1.0","Nomura Holdings","Nomura Holdings"
"dbpedia_3929","dataworld_544","0.7321428571428572","Solvay S.A.","Solvay"
"dbpedia_3987","dataworld_221","0.6966911764705882","Standard Bank","Standard Bank Group"
"dbpedia_2267","dataworld_1886","1.0","James Hardie Industries","James Hardie Industries"
"dbpedia_3928","dataworld_544","0.7321428571428572","Solvay S.A.","Solvay"
"dbpedia_3988","dataworld_221","0.5833333333333334","Standard Bank Malawi","Standard Bank Group"
"dbpedia_4353","dataworld_1354","0.5976430976430976","Tokai Tokyo Financial Holdings","Taishin Financial Holdings"
"dbpedia_1688","dataworld_1409","0.5113636363636364","GEO Group","GPT Group"
"dbpedia_3989","dataworld_221","0.5549199084668193","Standard Bank Namibia","Standard Bank Group"
"dbpedia_2269","dataworld_1886","0.511904761904762","Jamna Auto Industries","James Hardie Industries"
"dbpedia_4209","dataworld_322","1.0","Tata Motors","Tata Motors"
"dbpedia_3646","dataworld_1749","0.5707070707070707","SAS Group","Sage Group"
"dbpedia_227","dataworld_1130","1.0","American Financial Group","American Financial Group"
"dbpedia_3647","dataworld_1749","0.5707070707070707","SAS Group","Sage Group"
"dbpedia_221","dataworld_844","1.0","Amcor","Amcor"
"dbpedia_3925","dataworld_544","0.7321428571428572","Solvay S.A.","Solvay"
"dbpedia_4099","dataworld_1884","1.0","Sydbank","Sydbank"
"dbpedia_3052","dataworld_1021","1.0","Nippon Express","Nippon Express"
"dbpedia_2786","dataworld_1101","0.6139162561576355","Mercantil Servicios Financieros","Mercantil Servicios"
"dbpedia_2401","dataworld_531","0.8660714285714286","Kellogg's","Kellogg"
"dbpedia_152","dataworld_519","1.0","Al-Rajhi Bank","Al Rajhi Bank"
"dbpedia_1573","dataworld_1387","0.542319749216301","First Financial Bank (Ohio)","First Financial Holdings"
"dbpedia_2236","dataworld_1736","1.0","J. Front Retailing","J Front Retailing"
"dbpedia_3308","dataworld_1704","1.0","People's United Financial","People's United Financial"
"dbpedia_3307","dataworld_1704","1.0","People's United Financial","People's United Financial"
"dbpedia_1799","dataworld_1537","1.0","Goodman Group","Goodman Group"
"dbpedia_3309","dataworld_1704","1.0","People's United Financial","People's United Financial"
"dbpedia_1615","dataworld_872","0.7836257309941521","Formosa Plastics Corp","Formosa Plastics"
"dbpedia_3931","dataworld_544","0.7321428571428572","Solvay S.A.","Solvay"
"dbpedia_4163","dataworld_271","0.66","Taisho Pharmaceutical","Takeda Pharmaceutical"
"dbpedia_3930","dataworld_544","0.7321428571428572","Solvay S.A.","Solvay"
"dbpedia_3932","dataworld_544","0.7321428571428572","Solvay S.A.","Solvay"
"dbpedia_4162","dataworld_271","0.66","Taisho Pharmaceutical","Takeda Pharmaceutical"
"dbpedia_906","dataworld_270","0.595852534562212","China Communications Services","China Communications Construction"
"dbpedia_406","dataworld_1432","0.7569659442724458","Avax Technologies","Avago Technologies"
"dbpedia_1735","dataworld_605","1.0","General Dynamics","General Dynamics"
"dbpedia_1737","dataworld_860","0.55","General Entertainment","Galaxy Entertainment"
"dbpedia_3807","dataworld_1376","0.7295321637426901","Semen Indonesia Group","Semen Indonesia"
"dbpedia_405","dataworld_1432","0.7569659442724458","Avax Technologies","Avago Technologies"
"dbpedia_1736","dataworld_860","0.55","General Entertainment","Galaxy Entertainment"
"dbpedia_1753","dataworld_625","0.6213450292397661","George Weston Limited","George Weston"
"dbpedia_1535","dataworld_1789","0.5753676470588236","Far EasTone","Far EasTone Telecom"
"dbpedia_556","dataworld_894","1.0","Banque Saudi Fransi","Banque Saudi Fransi"
"dbpedia_432","dataworld_1462","1.0","BBMG","BBMG"
"dbpedia_4214","dataworld_465","1.0","Tatneft","Tatneft"
"dbpedia_4053","dataworld_205","0.5666666666666667","Sumitomo Riko","Sumitomo Corp"
"dbpedia_845","dataworld_1874","1.0","Catlin Group","Catlin Group"
"dbpedia_4054","dataworld_205","0.5666666666666667","Sumitomo Riko","Sumitomo Corp"
"dbpedia_4489","dataworld_776","0.7237762237762237","Türk Telekom","Turk Telekom"
"dbpedia_141","dataworld_778","0.5421052631578948","Akamai Technologies","Agilent Technologies"
"dbpedia_1251","dataworld_417","1.0","Deutsche Telekom","Deutsche Telekom"
"dbpedia_2436","dataworld_1096","1.0","Kobe Steel","Kobe Steel"
"dbpedia_4488","dataworld_776","0.7237762237762237","Türk Telekom","Turk Telekom"
"dbpedia_1444","dataworld_30","0.55","Eniro","ENI"
"dbpedia_2437","dataworld_1096","1.0","Kobe Steel","Kobe Steel"
"dbpedia_3738","dataworld_486","1.0","Sandvik","Sandvik"
"dbpedia_2015","dataworld_168","0.5097402597402597","Honeywell Intelligrated","Honeywell International"
"dbpedia_2595","dataworld_213","0.5982142857142857","Lowe's","Lowe's Cos"
"dbpedia_520","dataworld_1729","0.5220588235294118","Bank of Baroda","Bank of Nagoya"
"dbpedia_1713","dataworld_1706","1.0","Gannett","Gannett"
"dbpedia_4707","dataworld_193","0.5479166666666666","WellPoint Systems","WellPoint"
"dbpedia_923","dataworld_97","0.6984126984126984","China Merchants Port","China Merchants Bank"
"dbpedia_924","dataworld_97","0.5781818181818181","China Merchants Property","China Merchants Bank"
"dbpedia_921","dataworld_97","1.0","China Merchants Bank","China Merchants Bank"
"dbpedia_2134","dataworld_1601","0.5069444444444444","Imperial Oil","Imperial Holdings"
"dbpedia_797","dataworld_1596","0.5203349282296651","Candover Investments","CYS Investments"
"dbpedia_922","dataworld_97","1.0","China Merchants Bank","China Merchants Bank"
"dbpedia_2979","dataworld_445","0.6043771043771043","National Bank of Pakistan","National Bank of Canada"
"dbpedia_920","dataworld_97","1.0","China Merchants Bank","China Merchants Bank"
"dbpedia_3497","dataworld_861","1.0","RTL Group","RTL Group"
"dbpedia_4454","dataworld_583","0.5779411764705882","Trinity Industries","Toray Industries"
"dbpedia_1057","dataworld_225","0.5381578947368422","Continental Resources","Continental"
"dbpedia_396","dataworld_1251","1.0","Autoliv","Autoliv"
"dbpedia_3311","dataworld_1704","1.0","People's United Financial","People's United Financial"
"dbpedia_3310","dataworld_1704","1.0","People's United Financial","People's United Financial"
"dbpedia_665","dataworld_1593","0.525","Bosideng","Boliden"
"dbpedia_666","dataworld_1593","0.525","Bosideng","Boliden"
"dbpedia_1712","dataworld_1706","1.0","Gannett","Gannett"
"dbpedia_898","dataworld_1702","0.698005698005698","China Agri-Industries Holdings","China Agri-Industries"
"dbpedia_4358","dataworld_1109","1.0","Tokyo Electron","Tokyo Electron"
"dbpedia_4051","dataworld_239","0.5782967032967032","Sumitomo Mitsui Construction","Sumitomo Mitsui Trust"
"dbpedia_2286","dataworld_183","1.0","Japan Tobacco","Japan Tobacco"
"dbpedia_4359","dataworld_1109","1.0","Tokyo Electron","Tokyo Electron"
"dbpedia_4052","dataworld_239","0.6918518518518519","Sumitomo Mitsui Trust Holdings","Sumitomo Mitsui Trust"
"dbpedia_2285","dataworld_183","1.0","Japan Tobacco","Japan Tobacco"
"dbpedia_173","dataworld_1479","0.5175438596491229","Alight Solutions","Aker Solutions"
"dbpedia_4050","dataworld_239","0.5782967032967032","Sumitomo Mitsui Construction","Sumitomo Mitsui Trust"
"dbpedia_2284","dataworld_183","1.0","Japan Tobacco","Japan Tobacco"
"dbpedia_602","dataworld_913","1.0","Best Buy","Best Buy"
"dbpedia_1609","dataworld_1464","1.0","Flowserve","Flowserve"
"dbpedia_3649","dataworld_948","0.7301587301587301","SBA Communications","Shaw Communications"
"dbpedia_1347","dataworld_1379","0.5277777777777778","EOG Resources","Exxaro Resources"
"dbpedia_3785","dataworld_932","0.540909090909091","SeaChange International","Steinhoff International"
"dbpedia_925","dataworld_103","0.8460526315789474","China Minsheng Bank","China Minsheng Banking"
"dbpedia_2034","dataworld_1719","1.0","Hugo Boss","Hugo Boss"
"dbpedia_1606","dataworld_1464","1.0","Flowserve","Flowserve"
"dbpedia_2190","dataworld_637","0.5151515151515151","Interpark","Inter Rao"
"dbpedia_1607","dataworld_1464","1.0","Flowserve","Flowserve"
"dbpedia_1608","dataworld_1464","1.0","Flowserve","Flowserve"
"dbpedia_1050","dataworld_1188","0.5144230769230769","Consolidated Communications","Charter Communications"
"dbpedia_289","dataworld_16","0.5982142857142857","Apple Inc.","Apple"
"dbpedia_1250","dataworld_660","0.5630252100840336","Deutsche Post","Deutsche Boerse"
"dbpedia_747","dataworld_1710","0.5","CIC Holdings","CC Media Holdings"
"dbpedia_1112","dataworld_1344","0.567391304347826","Cube Entertainment","Caesars Entertainment"
"dbpedia_1077","dataworld_1170","0.5833333333333334","Cosalt","Cosan"
"dbpedia_1127","dataworld_1225","1.0","D. R. Horton","DR Horton"
"dbpedia_1078","dataworld_1170","0.5833333333333334","Cosalt","Cosan"
"dbpedia_357","dataworld_1006","1.0","Assurant","Assurant"
"dbpedia_2199","dataworld_892","0.6375","Inventec","Investec"
"dbpedia_2112","dataworld_1502","0.5","Icade","ICAP"
"dbpedia_3851","dataworld_1183","1.0","Shinsei Bank","Shinsei Bank"
"dbpedia_295","dataworld_1213","1.0","Arab Bank","Arab Bank"
"dbpedia_4317","dataworld_583","0.6105263157894737","Thor Industries","Toray Industries"
"dbpedia_1585","dataworld_1119","1.0","First Quantum Minerals","First Quantum Minerals"
"dbpedia_902","dataworld_123","1.0","China CITIC Bank","China Citic Bank"
"dbpedia_3850","dataworld_1183","0.5104895104895105","Shinsegae","Shinsei Bank"
"dbpedia_167","dataworld_1346","1.0","Alfa Laval","Alfa Laval"
"dbpedia_3990","dataworld_94","0.6469230769230769","Standard Chartered Bank Nepal","Standard Chartered"
"dbpedia_3043","dataworld_331","0.5357142857142857","Nike, Inc.","NIKE"
"dbpedia_812","dataworld_344","1.0","Cardinal Health","Cardinal Health"
"dbpedia_2714","dataworld_446","0.5971428571428572","Marriott International","Magna International"
"dbpedia_3992","dataworld_94","0.7673160173160173","Standard Chartered Korea","Standard Chartered"
"dbpedia_499","dataworld_592","1.0","Bank Central Asia","Bank Central Asia"
"dbpedia_3991","dataworld_94","0.7673160173160173","Standard Chartered Ghana","Standard Chartered"
"dbpedia_60","dataworld_1621","0.627104377104377","ARIAD Pharmaceuticals","Alexion Pharmaceuticals"
"dbpedia_2576","dataworld_1083","1.0","Lixil Group","Lixil Group"
"dbpedia_2577","dataworld_1083","1.0","Lixil Group","Lixil Group"
"dbpedia_1422","dataworld_1663","0.5858585858585859","Emmis Communications","Eutelsat Communications"
"dbpedia_227","dataworld_61","0.5226244343891403","American Financial Group","American International Group"
"dbpedia_4213","dataworld_570","0.7386363636363636","Tata Steel BSL","Tata Steel"
"dbpedia_4269","dataworld_271","0.6708333333333334","Teva Pharmaceuticals","Takeda Pharmaceutical"
"dbpedia_4212","dataworld_570","1.0","Tata Steel","Tata Steel"
"dbpedia_550","dataworld_1690","1.0","Bank of Queensland","Bank of Queensland"
"dbpedia_2978","dataworld_445","0.66","National Bank of Malawi","National Bank of Canada"
"dbpedia_1248","dataworld_660","0.7098214285714286","Deutsche Börse","Deutsche Boerse"
"dbpedia_2977","dataworld_445","0.635","National Bank of Kuwait","National Bank of Canada"
"dbpedia_2976","dataworld_445","0.6708333333333334","National Bank of Kenya","National Bank of Canada"
"dbpedia_3463","dataworld_1589","1.0","Qatar Islamic Bank","Qatar Islamic Bank"
"dbpedia_4189","dataworld_224","0.5059912854030502","Takeda Pharmaceutical Company","Teva Pharmaceutical Inds"
"dbpedia_2975","dataworld_445","1.0","National Bank of Canada","National Bank of Canada"
"dbpedia_1942","dataworld_1617","1.0","Hero MotoCorp","Hero MotoCorp"
"dbpedia_4188","dataworld_224","0.5059912854030502","Takeda Pharmaceutical Company","Teva Pharmaceutical Inds"
"dbpedia_3763","dataworld_346","0.6393188854489165","Saudi Telecom Company","Saudi Telecom"
"dbpedia_4187","dataworld_224","0.5059912854030502","Takeda Pharmaceutical Company","Teva Pharmaceutical Inds"
"dbpedia_1819","dataworld_924","1.0","Great Wall Motor","Great Wall Motor"
"dbpedia_1057","dataworld_1069","1.0","Continental Resources","Continental Resources"
"dbpedia_1818","dataworld_924","1.0","Great Wall Motor","Great Wall Motor"
"dbpedia_3830","dataworld_121","0.8596059113300492","Shanghai Pudong Development Bank","Shanghai Pudong Development"
"dbpedia_3371","dataworld_1237","0.8660714285714286","Pirelli","Pirelli & C"
"dbpedia_2515","dataworld_508","0.5894736842105264","Larsen & Toubro Infotech","Larsen & Toubro"
"dbpedia_1034","dataworld_1849","0.5225155279503105","Community West Bancshares","Commerce Bancshares"
"dbpedia_3372","dataworld_1237","0.8660714285714286","Pirelli","Pirelli & C"
"dbpedia_668","dataworld_1222","1.0","Boston Properties","Boston Properties"
"dbpedia_1793","dataworld_48","0.6966911764705882","Goldman Sachs","Goldman Sachs Group"
"dbpedia_3207","dataworld_1214","1.0","Orica","Orica"
"dbpedia_4071","dataworld_948","0.65","Sunday Communications","Shaw Communications"
"dbpedia_1794","dataworld_48","0.6966911764705882","Goldman Sachs","Goldman Sachs Group"
"dbpedia_1884","dataworld_415","1.0","Hana Financial Group","Hana Financial Group"
"dbpedia_2813","dataworld_40","0.5606060606060607","Microsemi","Microsoft"
"dbpedia_2814","dataworld_40","0.5","Microvast","Microsoft"
"dbpedia_908","dataworld_197","0.5547138047138047","China Construction Bank","China State Construction"
"dbpedia_909","dataworld_197","0.5547138047138047","China Construction Bank","China State Construction"
"dbpedia_2246","dataworld_204","0.6398601398601398","JFE Holdings","JX Holdings"
"dbpedia_757","dataworld_1073","1.0","CMS Energy","CMS Energy"
"dbpedia_2514","dataworld_508","1.0","Larsen & Toubro","Larsen & Toubro"
"dbpedia_1318","dataworld_951","0.525","Dryworld","DP World"
"dbpedia_907","dataworld_197","0.5547138047138047","China Construction Bank","China State Construction"
"dbpedia_2247","dataworld_204","0.6398601398601398","JFE Holdings","JX Holdings"
"dbpedia_4741","dataworld_786","1.0","Wipro","Wipro"
"dbpedia_2447","dataworld_1715","1.0","Konica Minolta","Konica Minolta"
"dbpedia_1439","dataworld_1796","0.5147058823529411","Energizer","Energizer Holdings"
"dbpedia_542","dataworld_775","1.0","Bank of East Asia","Bank of East Asia"
"dbpedia_1436","dataworld_1796","0.5147058823529411","Energizer","Energizer Holdings"
"dbpedia_2616","dataworld_1401","0.5112721417069244","MAIET Entertainment","Meico Crown Entertainment"
"dbpedia_3855","dataworld_929","1.0","Shizuoka Bank","Shizuoka Bank"
"dbpedia_1438","dataworld_1796","0.5147058823529411","Energizer","Energizer Holdings"
"dbpedia_1437","dataworld_1796","0.5147058823529411","Energizer","Energizer Holdings"
"dbpedia_3212","dataworld_1214","0.5","Orix","Orica"
"dbpedia_2587","dataworld_1743","0.6477272727272727","Look Communications","Level 3 Communications"
"dbpedia_4651","dataworld_32","0.5166666666666666","Vodafone Idea Ltd","Vodafone"
"dbpedia_2958","dataworld_1145","0.5","NWS Holdings","Nielsen Holdings"
"dbpedia_3211","dataworld_1214","0.5","Orix","Orica"
"dbpedia_2041","dataworld_279","1.0","Husky Energy","Husky Energy"
"dbpedia_3889","dataworld_1631","0.5138888888888888","Sina Bank","Shiga Bank"
"dbpedia_1028","dataworld_1849","1.0","Commerce Bancshares","Commerce Bancshares"
"dbpedia_3348","dataworld_524","1.0","Philips","Philips"
"dbpedia_910","dataworld_197","0.5547138047138047","China Construction Bank","China State Construction"
"dbpedia_3888","dataworld_1631","0.5138888888888888","Sina Bank","Shiga Bank"
"dbpedia_3854","dataworld_1735","1.0","Shiseido","Shiseido"
"dbpedia_1300","dataworld_1515","1.0","Dongfang Electric","Dongfang Electric"
"dbpedia_2032","dataworld_392","1.0","Huaxia Bank","Huaxia Bank"
"dbpedia_222","dataworld_1154","1.0","Ameren","Ameren"
"dbpedia_1649","dataworld_427","0.599802371541502","Fubon Financial Holding Co.","Fubon Financial"
"dbpedia_1648","dataworld_427","0.599802371541502","Fubon Financial Holding Co.","Fubon Financial"
"dbpedia_4090","dataworld_468","0.5227272727272727","Suzuki","Suzuki Motor"
"dbpedia_141","dataworld_1432","0.606280193236715","Akamai Technologies","Avago Technologies"
"dbpedia_4492","dataworld_1301","1.0","U.S. Steel","US Steel"
"dbpedia_4624","dataworld_1216","0.6363636363636364","Vion Pharmaceuticals","Valeant Pharmaceuticals"
"dbpedia_1649","dataworld_1387","0.610944527736132","Fubon Financial Holding Co.","First Financial Holdings"
"dbpedia_2590","dataworld_1743","0.5476190476190477","Loral Space & Communications","Level 3 Communications"
"dbpedia_1648","dataworld_1387","0.610944527736132","Fubon Financial Holding Co.","First Financial Holdings"
"dbpedia_2671","dataworld_174","0.5448717948717949","Magna International","Mondelez International"
"dbpedia_2604","dataworld_1403","0.649859943977591","Lumen Technologies","Life Technologies"
"dbpedia_2226","dataworld_1634","1.0","Israel Discount Bank","Israel Discount Bank"
"dbpedia_406","dataworld_778","0.5594965675057209","Avax Technologies","Agilent Technologies"
"dbpedia_405","dataworld_778","0.5594965675057209","Avax Technologies","Agilent Technologies"
"dbpedia_1165","dataworld_900","0.743421052631579","Daiwa Securities Group","Daiwa Securities"
"dbpedia_2852","dataworld_966","0.501207729468599","Mitsubishi Motors","Mitsubishi UFJ Lease"
"dbpedia_855","dataworld_1188","0.5268817204301075","Centennial Communications","Charter Communications"
"dbpedia_3787","dataworld_211","0.5630252100840336","Seah Holdings","Seven & I Holdings"
"dbpedia_3645","dataworld_202","1.0","SAP","SAP"
"dbpedia_854","dataworld_1188","0.5268817204301075","Centennial Communications","Charter Communications"
"dbpedia_3547","dataworld_1909","1.0","Reliance Infrastructure","Reliance Infrastructure"
"dbpedia_352","dataworld_1652","0.6442687747035574","Aspen Pharmacare","Aspen Pharmacare Holdings"
"dbpedia_202","dataworld_1128","1.0","Alrosa","Alrosa"
"dbpedia_2941","dataworld_1145","0.5392156862745099","NII Holdings","Nielsen Holdings"
"dbpedia_3096","dataworld_875","1.0","Nordstrom","Nordstrom"
"dbpedia_3855","dataworld_1631","0.511904761904762","Shizuoka Bank","Shiga Bank"
"dbpedia_4739","dataworld_1911","0.5220588235294118","Wingspan Bank","Wing Hang Bank"
"dbpedia_2808","dataworld_446","0.5446127946127947","Micro-Star International","Magna International"
"dbpedia_577","dataworld_53","0.5791666666666666","Beat Communication","Bank of Communications"
"dbpedia_2043","dataworld_131","0.8316993464052287","Hutchison Whampoa","Hutchinson Whampoa"
"dbpedia_530","dataworld_11","1.0","Bank of China","Bank of China"
"dbpedia_2418","dataworld_1712","0.6095238095238096","Kimberly-Clark","Kimberly-Clark de Mexico"
"dbpedia_531","dataworld_11","1.0","Bank of China","Bank of China"
"dbpedia_532","dataworld_11","1.0","Bank of China","Bank of China"
"dbpedia_1264","dataworld_1858","1.0","Dick's Sporting Goods","Dick's Sporting Goods"
"dbpedia_533","dataworld_11","1.0","Bank of China","Bank of China"
"dbpedia_534","dataworld_11","1.0","Bank of China","Bank of China"
"dbpedia_535","dataworld_11","1.0","Bank of China","Bank of China"
"dbpedia_536","dataworld_11","1.0","Bank of China","Bank of China"
"dbpedia_3444","dataworld_259","0.5504385964912281","Provident Financial","Prudential Financial"
"dbpedia_4422","dataworld_31","0.5227272727272727","Toyota","Toyota Motor"
"dbpedia_3445","dataworld_259","1.0","Prudential Financial","Prudential Financial"
"dbpedia_4346","dataworld_1646","1.0","Toho Bank","Toho Bank"
"dbpedia_445","dataworld_54","0.6375","BMV Group","BMW Group"
"dbpedia_4349","dataworld_1646","0.6272727272727273","Tohoku Bank","Toho Bank"
"dbpedia_230","dataworld_1419","1.0","American Water Works","American Water Works"
"dbpedia_4156","dataworld_1718","1.0","Taiheiyo Cement","Taiheiyo Cement"
"dbpedia_442","dataworld_54","0.6375","BMV Group","BMW Group"
"dbpedia_4155","dataworld_1718","1.0","Taiheiyo Cement","Taiheiyo Cement"
"dbpedia_444","dataworld_54","0.6375","BMV Group","BMW Group"
"dbpedia_443","dataworld_54","0.6375","BMV Group","BMW Group"
"dbpedia_4424","dataworld_435","1.0","Toyota Tsusho","Toyota Tsusho"
"dbpedia_3870","dataworld_1625","0.575","Siem Offshore","STX Offshore"
"dbpedia_520","dataworld_1919","0.5","Bank of Baroda","Bank of Saga"
"dbpedia_4532","dataworld_1278","0.6161616161616161","Union Bank of Nigeria","Union Bank of India"
"dbpedia_1541","dataworld_690","1.0","Fast Retailing","Fast Retailing"
"dbpedia_844","dataworld_93","0.7774725274725275","Caterpillar Inc.","Caterpillar"
"dbpedia_3207","dataworld_400","0.5","Orica","Orix"
"dbpedia_4531","dataworld_1278","0.5328282828282829","Union Bank of Colombo","Union Bank of India"
"dbpedia_2053","dataworld_269","0.5610859728506787","Hyundai Glovis","Hyundai Mobis"
"dbpedia_3257","dataworld_453","1.0","Paccar","Paccar"
"dbpedia_843","dataworld_93","0.7774725274725275","Caterpillar Inc.","Caterpillar"
"dbpedia_1617","dataworld_679","1.0","Fortescue Metals Group","Fortescue Metals Group"
"dbpedia_4459","dataworld_1683","1.0","Tronox","Tronox"
"dbpedia_2057","dataworld_269","1.0","Hyundai Mobis","Hyundai Mobis"
"dbpedia_1809","dataworld_1163","0.5089285714285714","Graham Holdings","GS Holdings"
"dbpedia_1557","dataworld_434","0.7352941176470589","Fifth Third Bank","Fifth Third Bancorp"
"dbpedia_672","dataworld_410","1.0","Bouygues","Bouygues"
"dbpedia_159","dataworld_768","0.7","Alcon","Alcoa"
"dbpedia_158","dataworld_768","1.0","Alcoa","Alcoa"
"dbpedia_264","dataworld_703","1.0","Anhui Conch Cement","Anhui Conch Cement"
"dbpedia_265","dataworld_703","1.0","Anhui Conch Cement","Anhui Conch Cement"
"dbpedia_3671","dataworld_353","1.0","SK Innovation","SK Innovation"
"dbpedia_3211","dataworld_400","1.0","Orix","Orix"
"dbpedia_450","dataworld_54","0.5113636363636364","BPL Group","BMW Group"
"dbpedia_1874","dataworld_1245","0.511875","Haitong International","Huadian Power International"
"dbpedia_3332","dataworld_20","1.0","Petrobras","Petrobras"
"dbpedia_2150","dataworld_137","0.7295321637426901","Industrial Bank (China)","Industrial Bank"
"dbpedia_1253","dataworld_742","1.0","Devon Energy","Devon Energy"
"dbpedia_3338","dataworld_20","0.5151515151515151","Petrol AD","Petrobras"
"dbpedia_4570","dataworld_848","1.0","VMware","VMware"
"dbpedia_3212","dataworld_400","1.0","Orix","Orix"
"dbpedia_3119","dataworld_653","1.0","Nucor","Nucor"
"dbpedia_3301","dataworld_157","0.6962962962962963","PennyMac Financial Services","PNC Financial Services"
"dbpedia_368","dataworld_731","0.5384615384615385","Atlantic Grupa","Atlantia"
"dbpedia_1358","dataworld_1787","0.7","EastWest Bank","East West Bancorp"
"dbpedia_2055","dataworld_365","1.0","Hyundai Heavy Industries","Hyundai Heavy Industries"
"dbpedia_2781","dataworld_1401","0.5266666666666666","Melco Resorts & Entertainment","Meico Crown Entertainment"
"dbpedia_2054","dataworld_365","1.0","Hyundai Heavy Industries","Hyundai Heavy Industries"
"dbpedia_3837","dataworld_948","1.0","Shaw Communications","Shaw Communications"
"dbpedia_2195","dataworld_440","1.0","Intesa Sanpaolo","Intesa Sanpaolo"
"dbpedia_1574","dataworld_739","0.5235294117647058","First Guaranty Bank","First Gulf Bank"
"dbpedia_2196","dataworld_440","1.0","Intesa Sanpaolo","Intesa Sanpaolo"
"dbpedia_320","dataworld_778","0.585812356979405","Arlo Technologies","Agilent Technologies"
"dbpedia_2068","dataworld_33","1.0","IBM","IBM"
"dbpedia_1506","dataworld_5","1.0","ExxonMobil","Exxon Mobil"
"dbpedia_2084","dataworld_58","0.6597222222222222","IG Group","ING Group"
"dbpedia_4367","dataworld_1785","1.0","Toll Brothers","Toll Brothers"
"dbpedia_4802","dataworld_1075","0.5214285714285714","Z Holdings","Zimmer Holdings"
"dbpedia_1359","dataworld_1787","0.7","EastWest Bank","East West Bancorp"
"dbpedia_3408","dataworld_289","0.6666666666666666","Power Corporation of Canada","Power Corp of Canada"
"dbpedia_329","dataworld_650","1.0","Asahi Kasei","Asahi Kasei"
"dbpedia_649","dataworld_92","1.0","Boeing","Boeing"
"dbpedia_3201","dataworld_1181","1.0","Orascom Construction","Orascom Construction"
"dbpedia_3319","dataworld_376","1.0","Pernod Ricard","Pernod Ricard"
"dbpedia_599","dataworld_10","1.0","Berkshire Hathaway","Berkshire Hathaway"
"dbpedia_2868","dataworld_766","1.0","Mobily","Mobily"
"dbpedia_4122","dataworld_1542","1.0","TDK","TDK"
"dbpedia_1575","dataworld_739","1.0","First Gulf Bank","First Gulf Bank"
"dbpedia_2348","dataworld_191","1.0","KDDI","KDDI"
"dbpedia_3862","dataworld_1820","1.0","Showa Denko","Showa Denko"
"dbpedia_2847","dataworld_610","0.6861538461538461","Mitsubishi Chemical Holdings","Mitsubishi Chemical"
"dbpedia_906","dataworld_1501","1.0","China Communications Services","China Communications Services"
"dbpedia_1624","dataworld_461","0.8452380952380953","Fortumo","Fortum"
"dbpedia_3838","dataworld_932","0.5242424242424243","Sherritt International","Steinhoff International"
"dbpedia_2185","dataworld_373","0.526896551724138","International Display Works","International Paper"
"dbpedia_2187","dataworld_373","0.5178571428571428","International Personal Finance","International Paper"
"dbpedia_2920","dataworld_512","1.0","Murphy Oil","Murphy Oil"
"dbpedia_2186","dataworld_373","0.5059523809523809","International Ferro Metals","International Paper"
"dbpedia_2084","dataworld_1274","0.525","IG Group","IOI Group"
"dbpedia_1239","dataworld_842","1.0","Dentsu","Dentsu"
"dbpedia_4099","dataworld_255","0.525","Sydbank","Swedbank"
"dbpedia_319","dataworld_778","0.585812356979405","Arlo Technologies","Agilent Technologies"
"dbpedia_3787","dataworld_390","0.5892857142857143","Seah Holdings","SK Holdings"
"dbpedia_1912","dataworld_389","0.5174193548387096","Haynes International","Huaneng Power International"
"dbpedia_303","dataworld_1159","1.0","Arch Capital Group","Arch Capital Group"
"dbpedia_494","dataworld_619","0.6398601398601398","Bangkok Land","Bangkok Bank"
"dbpedia_2850","dataworld_610","0.5151821862348178","Mitsubishi Materials","Mitsubishi Chemical"
"dbpedia_2053","dataworld_1194","1.0","Hyundai Glovis","Hyundai Glovis"
"dbpedia_4091","dataworld_255","1.0","Swedbank","Swedbank"
"dbpedia_3599","dataworld_430","1.0","Rogers Communications","Rogers Communications"
"dbpedia_489","dataworld_1562","1.0","Banco de Valencia","Banco de Valencia"
"dbpedia_1654","dataworld_517","0.6428571428571428","Fuji TV","Fujitsu"
"dbpedia_2853","dataworld_610","0.6361111111111111","Mitsui Chemicals","Mitsubishi Chemical"
"dbpedia_2057","dataworld_1194","0.5610859728506787","Hyundai Mobis","Hyundai Glovis"
"dbpedia_2854","dataworld_610","0.6361111111111111","Mitsui Chemicals","Mitsubishi Chemical"
"dbpedia_2851","dataworld_610","0.5151821862348178","Mitsubishi Materials","Mitsubishi Chemical"
"dbpedia_703","dataworld_256","1.0","Brookfield Asset Management","Brookfield Asset Management"
"dbpedia_702","dataworld_256","1.0","Brookfield Asset Management","Brookfield Asset Management"
"dbpedia_4681","dataworld_15","0.5192307692307692","Walmart","Wal-Mart Stores"
"dbpedia_3061","dataworld_1333","1.0","Nippon Paper Industries","Nippon Paper Industries"
"dbpedia_4682","dataworld_15","0.5192307692307692","Walmart","Wal-Mart Stores"
"dbpedia_2941","dataworld_658","0.575","NII Holdings","NKSJ Holdings"
"dbpedia_3062","dataworld_1333","1.0","Nippon Paper Industries","Nippon Paper Industries"
"dbpedia_464","dataworld_1366","1.0","Bajaj Auto","Bajaj Auto"
"dbpedia_463","dataworld_1366","1.0","Bajaj Auto","Bajaj Auto"
"dbpedia_498","dataworld_1573","0.5166666666666666","Bank Banten","Bankinter"
"dbpedia_2808","dataworld_1356","0.5478056426332288","Micro-Star International","Millicom International"
"dbpedia_3272","dataworld_537","1.0","Panasonic","Panasonic"
"dbpedia_4767","dataworld_439","1.0","Xerox","Xerox"
"dbpedia_4630","dataworld_303","0.5357142857142857","Visa Inc.","Visa"
"dbpedia_205","dataworld_1349","0.6428571428571428","Alteryx","Altera"
"dbpedia_206","dataworld_1349","0.6309523809523809","Alteva","Altera"
"dbpedia_537","dataworld_53","1.0","Bank of Communications","Bank of Communications"
"dbpedia_1103","dataworld_1540","0.5038461538461538","Crew Energy","CVR Energy"
"dbpedia_2058","dataworld_86","0.6213450292397661","Hyundai Motor Company","Hyundai Motor"
"dbpedia_1388","dataworld_947","0.5175438596491229","Eiken Chemical","Eastman Chemical"
"dbpedia_1389","dataworld_947","0.5175438596491229","Eiken Chemical","Eastman Chemical"
"dbpedia_538","dataworld_53","1.0","Bank of Communications","Bank of Communications"
"dbpedia_581","dataworld_797","1.0","Bed Bath & Beyond","Bed Bath & Beyond"
"dbpedia_2057","dataworld_86","0.6607142857142857","Hyundai Mobis","Hyundai Motor"
"dbpedia_2173","dataworld_74","1.0","Intel","Intel"
"dbpedia_539","dataworld_53","1.0","Bank of Communications","Bank of Communications"
"dbpedia_1611","dataworld_52","0.5479166666666666","Ford Motor Company","Ford Motor"
"dbpedia_2077","dataworld_1274","0.5113636363636364","ICT Group","IOI Group"
"dbpedia_3111","dataworld_691","1.0","Novolipetsk Steel","Novolipetsk Steel"
"dbpedia_1850","dataworld_1293","0.5659722222222222","Guosen Securities","GF Securities"
"dbpedia_4487","dataworld_720","1.0","Tyson Foods","Tyson Foods"
"dbpedia_3110","dataworld_558","1.0","Novatek","Novatek"
"dbpedia_120","dataworld_1304","0.6095238095238096","Agile Property","Agile Property Holdings"
"dbpedia_1870","dataworld_1141","1.0","HTC","HTC"
"dbpedia_3446","dataworld_488","0.54375","Pruksa Real Estate","Poly Real Estate"
"dbpedia_2714","dataworld_897","1.0","Marriott International","Marriott International"
"dbpedia_1272","dataworld_1896","1.0","Dillard's","Dillard's"
"dbpedia_4429","dataworld_527","0.5","Transat A.T.","Transneft"
"dbpedia_2853","dataworld_1316","1.0","Mitsui Chemicals","Mitsui Chemicals"
"dbpedia_2854","dataworld_1316","1.0","Mitsui Chemicals","Mitsui Chemicals"
"dbpedia_3331","dataworld_9","1.0","PetroChina","PetroChina"
"dbpedia_4272","dataworld_814","1.0","Textron","Textron"
"dbpedia_1740","dataworld_68","1.0","General Motors","General Motors"
"dbpedia_4207","dataworld_615","1.0","Tata Consultancy Services","Tata Consultancy Services"
"dbpedia_4693","dataworld_511","0.6742424242424243","Waste Management (company)","Waste Management"
"dbpedia_4503","dataworld_1137","1.0","US Airways Group","US Airways Group"
"dbpedia_400","dataworld_1152","1.0","AvalonBay Communities","Avalonbay Communities"
"dbpedia_3555","dataworld_1197","1.0","Remgro","Remgro"
"dbpedia_3369","dataworld_1388","1.0","Pioneer Natural Resources","Pioneer Natural Resources"
"dbpedia_1134","dataworld_1764","1.0","DGB Financial Group","DGB Financial Group"
"dbpedia_2614","dataworld_613","1.0","M&T Bank","M&T Bank"
"dbpedia_2958","dataworld_658","0.6166666666666667","NWS Holdings","NKSJ Holdings"
"dbpedia_2419","dataworld_1766","1.0","Kimco Realty","Kimco Realty"
"dbpedia_1156","dataworld_916","1.0","Daiichi Sankyo","Daiichi Sankyo"
"dbpedia_238","dataworld_1459","1.0","Ametek","Ametek"
"dbpedia_1155","dataworld_916","1.0","Daiichi Sankyo","Daiichi Sankyo"
"dbpedia_4653","dataworld_14","1.0","Volkswagen Group","Volkswagen Group"
"dbpedia_4650","dataworld_32","0.5166666666666666","Vodafone Iceland","Vodafone"
"dbpedia_2078","dataworld_1157","1.0","IDBI Bank","IDBI Bank"
"dbpedia_3182","dataworld_867","1.0","Oneok","Oneok"
"dbpedia_632","dataworld_246","1.0","BlackRock","BlackRock"
"dbpedia_2077","dataworld_58","0.5113636363636364","ICT Group","ING Group"
"dbpedia_2850","dataworld_1201","1.0","Mitsubishi Materials","Mitsubishi Materials"
"dbpedia_881","dataworld_1188","1.0","Charter Communications","Charter Communications"
"dbpedia_2852","dataworld_1201","0.585812356979405","Mitsubishi Motors","Mitsubishi Materials"
"dbpedia_2851","dataworld_1201","1.0","Mitsubishi Materials","Mitsubishi Materials"
"dbpedia_3101","dataworld_696","1.0","Northern Trust","Northern Trust"
"dbpedia_4008","dataworld_932","1.0","Steinhoff International","Steinhoff International"
"dbpedia_3292","dataworld_1317","1.0","Paychex","Paychex"
"dbpedia_4649","dataworld_32","0.5166666666666666","Vodafone Iceland","Vodafone"
"dbpedia_4648","dataworld_32","0.5166666666666666","Vodafone Iceland","Vodafone"
"dbpedia_2907","dataworld_695","1.0","Motorola Solutions","Motorola Solutions"
"dbpedia_4083","dataworld_179","1.0","Surgutneftegas","Surgutneftegas"
"dbpedia_1738","dataworld_68","0.5649038461538461","General Mills","General Motors"
"dbpedia_4647","dataworld_32","0.5166666666666666","Vodafone Iceland","Vodafone"
"dbpedia_2201","dataworld_909","0.6160714285714286","Invesco","Inveco"
"dbpedia_1739","dataworld_68","1.0","General Motors","General Motors"
"dbpedia_3313","dataworld_85","1.0","PepsiCo","PepsiCo"
"dbpedia_4431","dataworld_527","0.5147058823529411","Transnefteproduct","Transneft"
"dbpedia_330","dataworld_650","1.0","Asahi Kasei","Asahi Kasei"
"dbpedia_540","dataworld_53","1.0","Bank of Communications","Bank of Communications"
"dbpedia_231","dataworld_888","0.5649038461538461","American Well","American Tower"
"dbpedia_4430","dataworld_527","1.0","Transneft","Transneft"
