"Forbes378","Kaggle_393","1.0"
"Forbes1772","Kaggle_160960","1.0"
"Forbes56","Kaggle_73659","1.0"
"Forbes1835","Kaggle_4612","1.0"
"Forbes1801","Kaggle_24989","1.0"
"Forbes1753","Kaggle_407935","1.0"
"Forbes1642","Kaggle_7940","1.0"
"Forbes1297","Kaggle_49645","1.0"
"Forbes1023","Kaggle_1444","1.0"
"Forbes1693","Kaggle_4841066","1.0"
"Forbes438","Kaggle_65051","1.0"
"Forbes754","Kaggle_4303","1.0"
"Forbes1803","Kaggle_3501","1.0"
"Forbes1372","Kaggle_40757","1.0"
"Forbes832","Kaggle_368622","1.0"
"Forbes432","Kaggle_1576","1.0"
"Forbes531","Kaggle_728","1.0"
"Forbes585","Kaggle_1652","1.0"
"Forbes1718","Kaggle_4701","1.0"
"Forbes893","Kaggle_190222","1.0"
"Forbes1775","Kaggle_6330440","1.0"
"Forbes270","Kaggle_100487","1.0"
"Forbes213","Kaggle_143528","1.0"
"Forbes940","Kaggle_5072","1.0"
"Forbes690","Kaggle_3953709","1.0"
"Forbes1135","Kaggle_150199","1.0"
"Forbes957","Kaggle_3017","1.0"
"Forbes109","Kaggle_11100","1.0"
"Forbes1064","Kaggle_24537","1.0"
"Forbes782","Kaggle_5165052","1.0"
"Forbes543","Kaggle_138579","1.0"
"Forbes1041","Kaggle_248326","1.0"
"Forbes480","Kaggle_154835","1.0"
"Forbes434","Kaggle_147000","1.0"
"Forbes652","Kaggle_11069","1.0"
"Forbes272","Kaggle_26369","1.0"
"Forbes522","Kaggle_29592","1.0"
"Forbes27","Kaggle_17959","1.0"
"Forbes1744","Kaggle_346652","1.0"
"Forbes1368","Kaggle_166307","1.0"
"Forbes232","Kaggle_6065","1.0"
"Forbes1968","Kaggle_1916","1.0"
"Forbes739","Kaggle_648","1.0"
"Forbes67","Kaggle_238","1.0"
"Forbes320","Kaggle_632","1.0"
"Forbes13","Kaggle_6174283","1.0"
"Forbes1322","Kaggle_1047","1.0"
"Forbes326","Kaggle_468290","1.0"
"Forbes245","Kaggle_35923","1.0"
"Forbes1469","Kaggle_297755","1.0"
"Forbes1321","Kaggle_383229","1.0"
"Forbes1511","Kaggle_912","1.0"
"Forbes1182","Kaggle_3686","1.0"
"Forbes1907","Kaggle_3896","1.0"
"Forbes52","Kaggle_4854441","1.0"
"Forbes1722","Kaggle_2523","1.0"
"Forbes1433","Kaggle_5920","1.0"
"Forbes332","Kaggle_1579","0.90625"
"Forbes1424","Kaggle_12386","1.0"
"Forbes1141","Kaggle_253692","1.0"
"Forbes86","Kaggle_634581","1.0"
"Forbes742","Kaggle_55322","1.0"
"Forbes1964","Kaggle_363175","1.0"
"Forbes616","Kaggle_4263","1.0"
"Forbes930","Kaggle_127616","1.0"
"Forbes767","Kaggle_71018","1.0"
"Forbes1288","Kaggle_2019","1.0"
"Forbes1930","Kaggle_5665","1.0"
"Forbes1307","Kaggle_97310","1.0"
"Forbes606","Kaggle_15406","1.0"
"Forbes1905","Kaggle_398232","1.0"
"Forbes896","Kaggle_9849","1.0"
"Forbes1577","Kaggle_349983","1.0"
"Forbes958","Kaggle_34982","1.0"
"Forbes556","Kaggle_15834","1.0"
"Forbes1272","Kaggle_2154363","1.0"
"Forbes1667","Kaggle_44791","1.0"
"Forbes1491","Kaggle_5141803","1.0"
"Forbes1582","Kaggle_11527","1.0"
"Forbes1598","Kaggle_289508","1.0"
"Forbes1067","Kaggle_1243","1.0"
"Forbes530","Kaggle_4440","1.0"
"Forbes1276","Kaggle_4302600","1.0"
"Forbes1164","Kaggle_69222","1.0"
"Forbes1510","Kaggle_38443","1.0"
"Forbes883","Kaggle_3388","1.0"
"Forbes1557","Kaggle_2041622","1.0"
"Forbes154","Kaggle_451","1.0"
"Forbes1125","Kaggle_61103","1.0"
"Forbes988","Kaggle_17617","1.0"
"Forbes524","Kaggle_3826503","1.0"
"Forbes120","Kaggle_3752","1.0"
"Forbes40","Kaggle_14113","1.0"
"Forbes1818","Kaggle_88211","1.0"
"Forbes1482","Kaggle_49151","1.0"
"Forbes674","Kaggle_371596","1.0"
"Forbes1668","Kaggle_4339","1.0"
"Forbes1116","Kaggle_1634","1.0"
"Forbes1808","Kaggle_1909","1.0"
"Forbes1644","Kaggle_4775525","1.0"
"Forbes870","Kaggle_282283","1.0"
"Forbes237","Kaggle_339026","1.0"
"Forbes880","Kaggle_503595","1.0"
"Forbes1414","Kaggle_3213","1.0"
"Forbes1442","Kaggle_7169828","1.0"
"Forbes111","Kaggle_18196","1.0"
"Forbes1783","Kaggle_3072","1.0"
"Forbes799","Kaggle_2096","1.0"
"Forbes1669","Kaggle_50863","1.0"
"Forbes859","Kaggle_2323","1.0"
"Forbes921","Kaggle_6552","1.0"
"Forbes284","Kaggle_178479","1.0"
"Forbes1985","Kaggle_94801","1.0"
"Forbes1195","Kaggle_336895","1.0"
"Forbes247","Kaggle_150","1.0"
"Forbes474","Kaggle_48463","1.0"
"Forbes131","Kaggle_313","1.0"
"Forbes684","Kaggle_5186","1.0"
"Forbes1206","Kaggle_100552","1.0"
"Forbes251","Kaggle_198","1.0"
"Forbes112","Kaggle_268618","1.0"
"Forbes266","Kaggle_22102","1.0"
"Forbes1376","Kaggle_16668","1.0"
"Forbes1359","Kaggle_220135","1.0"
"Forbes273","Kaggle_6392","1.0"
"Forbes1325","Kaggle_477","1.0"
"Forbes1089","Kaggle_338","1.0"
"Forbes1312","Kaggle_228","1.0"
"Forbes35","Kaggle_49","1.0"
"Forbes1254","Kaggle_6303","1.0"
"Forbes92","Kaggle_170403","1.0"
"Forbes1453","Kaggle_7251","1.0"
"Forbes907","Kaggle_21010","1.0"
"Forbes696","Kaggle_5246","1.0"
"Forbes512","Kaggle_299238","1.0"
"Forbes962","Kaggle_16286","1.0"
"Forbes1836","Kaggle_266779","1.0"
"Forbes114","Kaggle_682","1.0"
"Forbes1070","Kaggle_75931","1.0"
"Forbes1897","Kaggle_1289","1.0"
"Forbes1268","Kaggle_31195","1.0"
"Forbes689","Kaggle_71154","1.0"
"Forbes342","Kaggle_1218","1.0"
"Forbes196","Kaggle_3710","1.0"
"Forbes1429","Kaggle_553","1.0"
"Forbes932","Kaggle_3725","1.0"
"Forbes525","Kaggle_1368934","1.0"
"Forbes1366","Kaggle_1785","1.0"
"Forbes1702","Kaggle_60323","1.0"
"Forbes903","Kaggle_38182","1.0"
"Forbes182","Kaggle_25461","1.0"
"Forbes609","Kaggle_4840847","1.0"
"Forbes50","Kaggle_63106","1.0"
"Forbes1231","Kaggle_5042701","1.0"
"Forbes157","Kaggle_346","1.0"
"Forbes520","Kaggle_378","1.0"
"Forbes1975","Kaggle_239053","0.9"
"Forbes1241","Kaggle_440777","1.0"
"Forbes1421","Kaggle_3080750","1.0"
"Forbes144","Kaggle_20386","1.0"
"Forbes1918","Kaggle_63039","1.0"
"Forbes508","Kaggle_330136","1.0"
"Forbes1098","Kaggle_481532","1.0"
"Forbes1911","Kaggle_4834319","1.0"
"Forbes1733","Kaggle_296592","1.0"
"Forbes64","Kaggle_37","1.0"
"Forbes1553","Kaggle_51254","1.0"
"Forbes576","Kaggle_603","1.0"
"Forbes1246","Kaggle_814","1.0"
"Forbes511","Kaggle_124592","1.0"
"Forbes595","Kaggle_4302","1.0"
"Forbes1861","Kaggle_73459","1.0"
"Forbes1408","Kaggle_2747958","1.0"
"Forbes686","Kaggle_443825","1.0"
"Forbes414","Kaggle_610","1.0"
"Forbes393","Kaggle_1291","1.0"
"Forbes479","Kaggle_154517","1.0"
"Forbes1533","Kaggle_65600","1.0"
"Forbes598","Kaggle_81382","1.0"
"Forbes615","Kaggle_82705","1.0"
"Forbes1559","Kaggle_257357","1.0"
"Forbes787","Kaggle_2367","1.0"
"Forbes1100","Kaggle_209139","1.0"
"Forbes1273","Kaggle_857","1.0"
"Forbes1826","Kaggle_1662360","1.0"
"Forbes630","Kaggle_546","1.0"
"Forbes952","Kaggle_10117","1.0"
"Forbes821","Kaggle_904","1.0"
"Forbes1043","Kaggle_533665","1.0"
"Forbes419","Kaggle_6459937","1.0"
"Forbes441","Kaggle_6724870","1.0"
"Forbes142","Kaggle_451225","1.0"
"Forbes1475","Kaggle_9709","1.0"
"Forbes215","Kaggle_6036859","1.0"
"Forbes1310","Kaggle_8947","1.0"
"Forbes15","Kaggle_108","1.0"
"Forbes122","Kaggle_430","1.0"
"Forbes375","Kaggle_89729","1.0"
"Forbes185","Kaggle_104932","1.0"
"Forbes1821","Kaggle_200168","1.0"
"Forbes989","Kaggle_69184","1.0"
"Forbes493","Kaggle_375595","1.0"
"Forbes463","Kaggle_10187","1.0"
"Forbes74","Kaggle_1697990","1.0"
"Forbes974","Kaggle_136","1.0"
"Forbes1295","Kaggle_14858","1.0"
"Forbes1770","Kaggle_655701","1.0"
"Forbes1086","Kaggle_45051","1.0"
"Forbes167","Kaggle_6160","1.0"
"Forbes14","Kaggle_46481","1.0"
"Forbes362","Kaggle_442923","1.0"
"Forbes683","Kaggle_2506","1.0"
"Forbes790","Kaggle_1488","1.0"
"Forbes1174","Kaggle_1158","1.0"
"Forbes366","Kaggle_134602","1.0"
"Forbes381","Kaggle_584","1.0"
"Forbes911","Kaggle_81719","1.0"
"Forbes898","Kaggle_433755","1.0"
"Forbes262","Kaggle_201234","1.0"
"Forbes1934","Kaggle_72286","1.0"
"Forbes392","Kaggle_1526","1.0"
"Forbes276","Kaggle_429","1.0"
"Forbes1607","Kaggle_2368","1.0"
"Forbes1497","Kaggle_41731","1.0"
"Forbes1663","Kaggle_1563812","1.0"
"Forbes335","Kaggle_3321","1.0"
"Forbes796","Kaggle_39787","1.0"
"Forbes1460","Kaggle_489470","0.9"
"Forbes59","Kaggle_300360","1.0"
"Forbes1829","Kaggle_329261","1.0"
"Forbes657","Kaggle_5699","1.0"
"Forbes871","Kaggle_1923","1.0"
"Forbes267","Kaggle_2107","1.0"
"Forbes11","Kaggle_325417","1.0"
"Forbes1898","Kaggle_123276","1.0"
"Forbes172","Kaggle_345","1.0"
"Forbes1883","Kaggle_1361","1.0"
"Forbes651","Kaggle_1381","1.0"
"Forbes1456","Kaggle_239454","1.0"
"Forbes1868","Kaggle_200975","1.0"
"Forbes1788","Kaggle_9704","1.0"
"Forbes1870","Kaggle_6691","1.0"
"Forbes202","Kaggle_467445","1.0"
"Forbes181","Kaggle_307","1.0"
"Forbes829","Kaggle_4369","1.0"
"Forbes1904","Kaggle_2551","1.0"
"Forbes977","Kaggle_334418","1.0"
"Forbes830","Kaggle_59583","1.0"
"Forbes1156","Kaggle_2421574","1.0"
"Forbes701","Kaggle_182248","1.0"
"Forbes466","Kaggle_425871","1.0"
"Forbes852","Kaggle_100881","1.0"
"Forbes956","Kaggle_2306","1.0"
"Forbes1820","Kaggle_4913","1.0"
"Forbes152","Kaggle_57","1.0"
"Forbes547","Kaggle_285726","1.0"
"Forbes1670","Kaggle_416013","1.0"
"Forbes1476","Kaggle_123375","1.0"
"Forbes688","Kaggle_9491","1.0"
"Forbes1122","Kaggle_920","1.0"
"Forbes808","Kaggle_3174","1.0"
"Forbes1638","Kaggle_205166","1.0"
"Forbes805","Kaggle_4392403","1.0"
"Forbes356","Kaggle_159294","1.0"
"Forbes640","Kaggle_1105","1.0"
"Forbes839","Kaggle_108415","1.0"
"Forbes44","Kaggle_90556","1.0"
"Forbes1393","Kaggle_2460","1.0"
"Forbes166","Kaggle_937273","1.0"
"Forbes306","Kaggle_16598","1.0"
"Forbes527","Kaggle_138518","1.0"
"Forbes633","Kaggle_138141","1.0"
"Forbes1589","Kaggle_4511016","1.0"
"Forbes857","Kaggle_3209","1.0"
"Forbes738","Kaggle_509765","1.0"
"Forbes426","Kaggle_46965","1.0"
"Forbes1988","Kaggle_9908","1.0"
"Forbes1606","Kaggle_1018274","1.0"
"Forbes789","Kaggle_752","1.0"
"Forbes509","Kaggle_3693447","1.0"
"Forbes1610","Kaggle_17165","1.0"
"Forbes1486","Kaggle_893632","0.9"
"Forbes605","Kaggle_34737","1.0"
"Forbes499","Kaggle_643","1.0"
"Forbes465","Kaggle_194309","0.9210526315789473"
"Forbes876","Kaggle_4646","1.0"
"Forbes256","Kaggle_34061","1.0"
"Forbes1232","Kaggle_55401","1.0"
"Forbes1435","Kaggle_4008","1.0"
"Forbes784","Kaggle_1999","1.0"
"Forbes1564","Kaggle_166926","0.9642857142857143"
"Forbes1163","Kaggle_331","1.0"
"Forbes451","Kaggle_24722","1.0"
"Forbes707","Kaggle_108163","1.0"
"Forbes1651","Kaggle_2111","1.0"
"Forbes228","Kaggle_80993","1.0"
"Forbes23","Kaggle_4911000","1.0"
"Forbes1251","Kaggle_3249","1.0"
"Forbes1646","Kaggle_13323","1.0"
"Forbes743","Kaggle_32721","1.0"
"Forbes351","Kaggle_777","1.0"
"Forbes1294","Kaggle_3639925","1.0"
"Forbes288","Kaggle_853","1.0"
"Forbes1791","Kaggle_272381","1.0"
"Forbes761","Kaggle_28241","1.0"
"Forbes133","Kaggle_4124474","1.0"
"Forbes1993","Kaggle_7637","1.0"
"Forbes1575","Kaggle_60646","1.0"
"Forbes1793","Kaggle_31440","1.0"
"Forbes1282","Kaggle_434963","1.0"
"Forbes1176","Kaggle_4933694","1.0"
"Forbes259","Kaggle_132163","1.0"
"Forbes495","Kaggle_2645444","1.0"
"Forbes486","Kaggle_350197","1.0"
"Forbes1664","Kaggle_219058","1.0"
"Forbes372","Kaggle_805939","1.0"
"Forbes54","Kaggle_38","1.0"
"Forbes1367","Kaggle_152092","1.0"
"Forbes986","Kaggle_181906","1.0"
"Forbes570","Kaggle_6424072","1.0"
"Forbes593","Kaggle_28843","1.0"
"Forbes1931","Kaggle_38963","1.0"
"Forbes212","Kaggle_3849","1.0"
"Forbes764","Kaggle_93210","1.0"
"Forbes231","Kaggle_1147","1.0"
"Forbes1617","Kaggle_531530","1.0"
"Forbes1352","Kaggle_122231","1.0"
"Forbes1375","Kaggle_197842","1.0"
"Forbes991","Kaggle_2276","1.0"
"Forbes1500","Kaggle_392806","1.0"
"Forbes1671","Kaggle_1705","1.0"
"Forbes1384","Kaggle_384419","1.0"
"Forbes1045","Kaggle_852","1.0"
"Forbes1426","Kaggle_1940","1.0"
"Forbes140","Kaggle_324441","1.0"
"Forbes698","Kaggle_184721","1.0"
"Forbes625","Kaggle_24996","1.0"
"Forbes1143","Kaggle_43168","1.0"
"Forbes705","Kaggle_52358","1.0"
"Forbes107","Kaggle_7019237","1.0"
"Forbes1902","Kaggle_12585","1.0"
"Forbes481","Kaggle_152943","1.0"
"Forbes800","Kaggle_186257","1.0"
"Forbes370","Kaggle_2442540","1.0"
"Forbes1998","Kaggle_1729","1.0"
"Forbes741","Kaggle_88029","1.0"
"Forbes38","Kaggle_209","1.0"
"Forbes1215","Kaggle_12105","1.0"
"Forbes156","Kaggle_208","1.0"
"Forbes1471","Kaggle_8175","1.0"
"Forbes580","Kaggle_4981","1.0"
"Forbes314","Kaggle_309227","1.0"
"Forbes70","Kaggle_44383","1.0"
"Forbes76","Kaggle_278367","1.0"
"Forbes162","Kaggle_20277","1.0"
"Forbes1014","Kaggle_16889","1.0"
"Forbes1118","Kaggle_9799","1.0"
"Forbes389","Kaggle_168981","1.0"
"Forbes997","Kaggle_113","1.0"
"Forbes1786","Kaggle_10177","1.0"
"Forbes290","Kaggle_68079","1.0"
"Forbes518","Kaggle_54184","1.0"
"Forbes296","Kaggle_62071","1.0"
"Forbes534","Kaggle_155180","1.0"
"Forbes1085","Kaggle_2224","1.0"
"Forbes1025","Kaggle_1142","1.0"
"Forbes1146","Kaggle_1256","1.0"
"Forbes1405","Kaggle_1328","1.0"
"Forbes537","Kaggle_7","1.0"
"Forbes367","Kaggle_4072091","1.0"
"Forbes1303","Kaggle_7195","1.0"
"Forbes3","Kaggle_11554","1.0"
"Forbes116","Kaggle_5765670","1.0"
"Forbes1944","Kaggle_4502","1.0"
"Forbes744","Kaggle_2217382","1.0"
"Forbes996","Kaggle_1655","1.0"
"Forbes582","Kaggle_4950650","1.0"
"Forbes258","Kaggle_4006","1.0"
"Forbes1707","Kaggle_36534","1.0"
"Forbes812","Kaggle_330","1.0"
"Forbes69","Kaggle_68253","1.0"
"Forbes1675","Kaggle_192093","1.0"
"Forbes1995","Kaggle_25410","1.0"
"Forbes1150","Kaggle_9286","1.0"
"Forbes1661","Kaggle_295219","1.0"
"Forbes1464","Kaggle_116824","1.0"
"Forbes710","Kaggle_3831409","1.0"
"Forbes1096","Kaggle_27089","1.0"
"Forbes1514","Kaggle_538926","1.0"
"Forbes541","Kaggle_3708","1.0"
"Forbes446","Kaggle_343","1.0"
"Forbes1199","Kaggle_186994","1.0"
"Forbes904","Kaggle_3746","1.0"
"Forbes1926","Kaggle_26292","1.0"
"Forbes310","Kaggle_293727","1.0"
"Forbes1535","Kaggle_5719","1.0"
"Forbes148","Kaggle_30025","1.0"
"Forbes1625","Kaggle_2733","1.0"
"Forbes1437","Kaggle_15012","1.0"
"Forbes1463","Kaggle_83799","1.0"
"Forbes1761","Kaggle_5518244","1.0"
"Forbes380","Kaggle_6084","1.0"
"Forbes846","Kaggle_220247","1.0"
"Forbes1035","Kaggle_230253","1.0"
"Forbes959","Kaggle_65645","1.0"
"Forbes1102","Kaggle_523093","1.0"
"Forbes983","Kaggle_948","0.9333333333333333"
"Forbes1977","Kaggle_3969777","1.0"
"Forbes253","Kaggle_71945","1.0"
"Forbes501","Kaggle_2199","1.0"
"Forbes1704","Kaggle_15367","1.0"
"Forbes1395","Kaggle_9022","1.0"
"Forbes862","Kaggle_5504","1.0"
"Forbes66","Kaggle_114","1.0"
"Forbes1794","Kaggle_6524338","1.0"
"Forbes235","Kaggle_655493","1.0"
"Forbes1493","Kaggle_260040","1.0"
"Forbes1735","Kaggle_3660","1.0"
"Forbes1417","Kaggle_2752","1.0"
"Forbes552","Kaggle_368353","1.0"
"Forbes877","Kaggle_5853987","1.0"
"Forbes794","Kaggle_238020","1.0"
"Forbes1169","Kaggle_601942","1.0"
"Forbes1649","Kaggle_42929","1.0"
"Forbes1755","Kaggle_1932558","1.0"
"Forbes1387","Kaggle_647384","1.0"
"Forbes1659","Kaggle_357244","1.0"
"Forbes153","Kaggle_26414","1.0"
"Forbes29","Kaggle_71012","1.0"
"Forbes811","Kaggle_241","1.0"
"Forbes1240","Kaggle_6662209","1.0"
"Forbes1520","Kaggle_110593","1.0"
"Forbes1420","Kaggle_1919","1.0"
"Forbes917","Kaggle_45954","1.0"
"Forbes186","Kaggle_328870","1.0"
"Forbes1343","Kaggle_336","1.0"
"Forbes1430","Kaggle_2423","1.0"
"Forbes982","Kaggle_527915","1.0"
"Forbes1462","Kaggle_4351","1.0"
"Forbes1796","Kaggle_135004","1.0"
"Forbes1701","Kaggle_230499","1.0"
"Forbes1831","Kaggle_502724","1.0"
"Forbes774","Kaggle_316316","0.9444444444444444"
"Forbes1084","Kaggle_6888180","1.0"
"Forbes1849","Kaggle_75357","1.0"
"Forbes817","Kaggle_49005","1.0"
"Forbes632","Kaggle_577928","1.0"
"Forbes191","Kaggle_126599","1.0"
"Forbes1038","Kaggle_32544","1.0"
"Forbes694","Kaggle_14527","1.0"
"Forbes421","Kaggle_68589","1.0"
"Forbes682","Kaggle_231570","1.0"
"Forbes579","Kaggle_56779","1.0"
"Forbes1447","Kaggle_69272","1.0"
"Forbes1308","Kaggle_121324","1.0"
"Forbes1021","Kaggle_346383","1.0"
"Forbes517","Kaggle_20809","1.0"
"Forbes211","Kaggle_1870","1.0"
"Forbes568","Kaggle_1523","1.0"
"Forbes736","Kaggle_929703","1.0"
"Forbes396","Kaggle_6027164","1.0"
"Forbes151","Kaggle_844","1.0"
"Forbes175","Kaggle_837958","1.0"
"Forbes803","Kaggle_3545","1.0"
"Forbes1052","Kaggle_4775","1.0"
"Forbes72","Kaggle_124091","1.0"
"Forbes341","Kaggle_355676","1.0"
"Forbes1259","Kaggle_968","1.0"
"Forbes1608","Kaggle_7779","1.0"
"Forbes420","Kaggle_380696","1.0"
"Forbes892","Kaggle_91525","1.0"
"Forbes842","Kaggle_280276","0.9090909090909092"
"Forbes1171","Kaggle_6846","1.0"
"Forbes618","Kaggle_9135","1.0"
"Forbes1137","Kaggle_70094","1.0"
"Forbes623","Kaggle_144449","1.0"
"Forbes360","Kaggle_153757","1.0"
"Forbes619","Kaggle_26626","1.0"
"Forbes1315","Kaggle_28250","1.0"
"Forbes885","Kaggle_21152","1.0"
"Forbes1071","Kaggle_5977","1.0"
"Forbes835","Kaggle_7969","1.0"
"Forbes1390","Kaggle_5519","1.0"
"Forbes1972","Kaggle_13455","1.0"
"Forbes1233","Kaggle_1956","1.0"
"Forbes425","Kaggle_533","1.0"
"Forbes1109","Kaggle_420","1.0"
"Forbes1019","Kaggle_24059","1.0"
"Forbes1255","Kaggle_50879","1.0"
"Forbes546","Kaggle_572","1.0"
"Forbes500","Kaggle_5758459","1.0"
"Forbes1641","Kaggle_54844","1.0"
"Forbes179","Kaggle_214","1.0"
"Forbes263","Kaggle_4167","1.0"
"Forbes427","Kaggle_333","1.0"
"Forbes1527","Kaggle_6391","1.0"
"Forbes1472","Kaggle_110029","1.0"
"Forbes200","Kaggle_1323","1.0"
"Forbes1570","Kaggle_4568","1.0"
"Forbes1717","Kaggle_9451","1.0"
"Forbes470","Kaggle_4150374","1.0"
"Forbes614","Kaggle_3972","1.0"
"Forbes879","Kaggle_3683699","1.0"
"Forbes1042","Kaggle_984","1.0"
"Forbes648","Kaggle_395811","1.0"
"Forbes519","Kaggle_509","1.0"
"Forbes806","Kaggle_2992130","1.0"
"Forbes954","Kaggle_5715","1.0"
"Forbes681","Kaggle_23419","1.0"
"Forbes388","Kaggle_8290","1.0"
"Forbes1434","Kaggle_107419","1.0"
"Forbes668","Kaggle_293144","1.0"
"Forbes1812","Kaggle_11437","1.0"
"Forbes851","Kaggle_14843","1.0"
"Forbes1605","Kaggle_1658","1.0"
"Forbes1245","Kaggle_2754265","1.0"
"Forbes895","Kaggle_265603","1.0"
"Forbes1994","Kaggle_87480","1.0"
"Forbes241","Kaggle_338498","1.0"
"Forbes1961","Kaggle_9287","1.0"
"Forbes1203","Kaggle_135","1.0"
"Forbes1304","Kaggle_6723","1.0"
"Forbes1906","Kaggle_113833","1.0"
"Forbes1120","Kaggle_1657","1.0"
"Forbes1061","Kaggle_594","1.0"
"Forbes708","Kaggle_7367","1.0"
"Forbes1316","Kaggle_247323","1.0"
"Forbes363","Kaggle_3709748","1.0"
"Forbes772","Kaggle_1213","1.0"
"Forbes80","Kaggle_77","1.0"
"Forbes124","Kaggle_10044","1.0"
"Forbes1719","Kaggle_72964","1.0"
"Forbes94","Kaggle_1497","1.0"
"Forbes1992","Kaggle_536740","1.0"
"Forbes291","Kaggle_1135","1.0"
"Forbes882","Kaggle_817","1.0"
"Forbes665","Kaggle_67249","1.0"
"Forbes1891","Kaggle_120011","0.90625"
"Forbes498","Kaggle_964774","1.0"
"Forbes1706","Kaggle_94164","1.0"
"Forbes1407","Kaggle_14269","1.0"
"Forbes1083","Kaggle_381776","1.0"
"Forbes725","Kaggle_432","1.0"
"Forbes1138","Kaggle_4451436","1.0"
"Forbes318","Kaggle_169739","1.0"
"Forbes1684","Kaggle_1793","1.0"
"Forbes1488","Kaggle_28967","1.0"
"Forbes844","Kaggle_685","1.0"
"Forbes759","Kaggle_365","1.0"
"Forbes1218","Kaggle_6142697","1.0"
"Forbes1938","Kaggle_13908","1.0"
"Forbes21","Kaggle_213635","1.0"
"Forbes1330","Kaggle_986","1.0"
"Forbes1809","Kaggle_1036","1.0"
"Forbes856","Kaggle_5341","1.0"
"Forbes1846","Kaggle_1101","1.0"
"Forbes249","Kaggle_146","1.0"
"Forbes1091","Kaggle_4971","1.0"
"Forbes323","Kaggle_26087","1.0"
"Forbes1212","Kaggle_134340","1.0"
"Forbes828","Kaggle_1921","1.0"
"Forbes809","Kaggle_142669","1.0"
"Forbes607","Kaggle_61512","1.0"
"Forbes1283","Kaggle_4755","1.0"
"Forbes286","Kaggle_6411107","1.0"
"Forbes12","Kaggle_54337","1.0"
"Forbes1354","Kaggle_3175","1.0"
"Forbes233","Kaggle_2125","1.0"
"Forbes300","Kaggle_530","1.0"
"Forbes1441","Kaggle_323571","1.0"
"Forbes110","Kaggle_5089958","1.0"
"Forbes1341","Kaggle_1560","1.0"
"Forbes147","Kaggle_86378","1.0"
"Forbes203","Kaggle_472440","1.0"
"Forbes1696","Kaggle_12293","1.0"
"Forbes123","Kaggle_4118009","1.0"
"Forbes1483","Kaggle_41282","1.0"
"Forbes1466","Kaggle_13452","1.0"
"Forbes1848","Kaggle_8566","1.0"
"Forbes515","Kaggle_5238","1.0"
"Forbes875","Kaggle_2833","1.0"
"Forbes1593","Kaggle_444596","1.0"
"Forbes826","Kaggle_1596","1.0"
"Forbes1924","Kaggle_183561","1.0"
"Forbes183","Kaggle_165","1.0"
"Forbes337","Kaggle_15474","1.0"
"Forbes1551","Kaggle_28780","1.0"
"Forbes455","Kaggle_212955","1.0"
"Forbes1746","Kaggle_90928","1.0"
"Forbes242","Kaggle_55485","0.9705882352941176"
"Forbes95","Kaggle_305","1.0"
"Forbes268","Kaggle_621","1.0"
"Forbes220","Kaggle_281560","1.0"
"Forbes1087","Kaggle_14700","1.0"
"Forbes413","Kaggle_43468","1.0"
"Forbes792","Kaggle_178570","0.9"
"Forbes1795","Kaggle_35951","1.0"
"Forbes97","Kaggle_5410295","1.0"
"Forbes194","Kaggle_1016","1.0"
"Forbes1615","Kaggle_809","1.0"
"Forbes645","Kaggle_11116","1.0"
"Forbes966","Kaggle_1583683","1.0"
"Forbes316","Kaggle_385718","1.0"
"Forbes1892","Kaggle_1387","1.0"
"Forbes1189","Kaggle_64390","1.0"
"Forbes222","Kaggle_2454","1.0"
"Forbes1","Kaggle_64129","1.0"
"Forbes814","Kaggle_62040","1.0"
"Forbes1596","Kaggle_7604","1.0"
"Forbes979","Kaggle_217850","1.0"
"Forbes638","Kaggle_1730","1.0"
"Forbes198","Kaggle_94","1.0"
"Forbes1778","Kaggle_1814","1.0"
"Forbes889","Kaggle_6358808","1.0"
"Forbes311","Kaggle_106029","1.0"
"Forbes472","Kaggle_674219","1.0"
"Forbes1635","Kaggle_176007","1.0"
"Forbes1185","Kaggle_1507","1.0"
"Forbes1523","Kaggle_13222","1.0"
"Forbes139","Kaggle_3645961","1.0"
"Forbes1810","Kaggle_46905","0.9210526315789473"
"Forbes1328","Kaggle_37194","1.0"
"Forbes350","Kaggle_849","1.0"
"Forbes338","Kaggle_579","1.0"
"Forbes526","Kaggle_14312","1.0"
"Forbes1363","Kaggle_2527","1.0"
"Forbes298","Kaggle_1304","1.0"
"Forbes1823","Kaggle_89335","1.0"
"Forbes1369","Kaggle_14557","1.0"
"Forbes629","Kaggle_288241","1.0"
"Forbes305","Kaggle_92420","1.0"
"Forbes1445","Kaggle_747896","1.0"
"Forbes1578","Kaggle_15945","1.0"
"Forbes464","Kaggle_7774","1.0"
"Forbes1034","Kaggle_21028","1.0"
"Forbes1104","Kaggle_66773","1.0"
"Forbes854","Kaggle_134935","1.0"
"Forbes1949","Kaggle_87519","1.0"
"Forbes1705","Kaggle_237274","1.0"
"Forbes303","Kaggle_354499","1.0"
"Forbes199","Kaggle_1656149","1.0"
"Forbes549","Kaggle_331998","1.0"
"Forbes1248","Kaggle_120817","1.0"
"Forbes831","Kaggle_4743","1.0"
"Forbes71","Kaggle_63214","1.0"
"Forbes944","Kaggle_6009","1.0"
"Forbes1142","Kaggle_44910","1.0"
"Forbes1152","Kaggle_187698","1.0"
"Forbes452","Kaggle_1375","1.0"
"Forbes1603","Kaggle_126211","1.0"
"Forbes1053","Kaggle_640","1.0"
"Forbes254","Kaggle_447","1.0"
"Forbes1117","Kaggle_22716","1.0"
"Forbes1242","Kaggle_36245","1.0"
"Forbes1709","Kaggle_38119","1.0"
"Forbes1840","Kaggle_151225","1.0"
"Forbes1431","Kaggle_4577","1.0"
"Forbes658","Kaggle_154206","1.0"
"Forbes723","Kaggle_83956","1.0"
"Forbes1168","Kaggle_160415","1.0"
"Forbes239","Kaggle_31084","1.0"
"Forbes1452","Kaggle_2682","1.0"
"Forbes1565","Kaggle_315648","1.0"
"Forbes478","Kaggle_4546","1.0"
"Forbes6","Kaggle_4522","1.0"
"Forbes443","Kaggle_2390295","1.0"
"Forbes1015","Kaggle_424255","1.0"
"Forbes711","Kaggle_110767","1.0"
"Forbes1439","Kaggle_2954","1.0"
"Forbes1929","Kaggle_53625","1.0"
"Forbes93","Kaggle_147","1.0"
"Forbes662","Kaggle_20066","1.0"
"Forbes83","Kaggle_778779","1.0"
"Forbes972","Kaggle_506","1.0"
"Forbes1699","Kaggle_1166614","1.0"
"Forbes1200","Kaggle_235797","1.0"
"Forbes1188","Kaggle_363431","1.0"
"Forbes1658","Kaggle_33005","1.0"
"Forbes43","Kaggle_220057","1.0"
"Forbes1400","Kaggle_2614","1.0"
"Forbes586","Kaggle_27271","1.0"
"Forbes484","Kaggle_2459","1.0"
"Forbes737","Kaggle_147172","1.0"
"Forbes1253","Kaggle_4829947","1.0"
"Forbes1238","Kaggle_6147281","1.0"
"Forbes1987","Kaggle_127753","1.0"
"Forbes340","Kaggle_95705","1.0"
"Forbes1201","Kaggle_179453","1.0"
"Forbes1224","Kaggle_118529","1.0"
"Forbes344","Kaggle_694","1.0"
"Forbes1058","Kaggle_8101","1.0"
"Forbes1302","Kaggle_15813","1.0"
"Forbes89","Kaggle_207496","1.0"
"Forbes1969","Kaggle_17658","1.0"
"Forbes660","Kaggle_268696","1.0"
"Forbes667","Kaggle_25344","1.0"
"Forbes1498","Kaggle_6534898","1.0"
"Forbes755","Kaggle_444269","1.0"
"Forbes649","Kaggle_7286","0.9285714285714286"
"Forbes400","Kaggle_2346","1.0"
"Forbes25","Kaggle_99323","1.0"
"Forbes1158","Kaggle_4495","1.0"
"Forbes1050","Kaggle_26835","1.0"
"Forbes901","Kaggle_4752","1.0"
"Forbes1184","Kaggle_434","1.0"
"Forbes78","Kaggle_388882","1.0"
"Forbes1360","Kaggle_144089","1.0"
"Forbes282","Kaggle_255","1.0"
"Forbes359","Kaggle_1608507","1.0"
"Forbes610","Kaggle_206484","1.0"
"Forbes101","Kaggle_6176022","1.0"
"Forbes611","Kaggle_140336","1.0"
"Forbes943","Kaggle_6653","1.0"
"Forbes1197","Kaggle_3688907","1.0"
"Forbes1509","Kaggle_184388","1.0"
"Forbes1347","Kaggle_4941","1.0"
"Forbes797","Kaggle_112564","1.0"
"Forbes379","Kaggle_660","1.0"
"Forbes559","Kaggle_2188","1.0"
"Forbes703","Kaggle_253532","1.0"
"Forbes448","Kaggle_14387","1.0"
"Forbes700","Kaggle_1886","1.0"
"Forbes84","Kaggle_4447959","1.0"
"Forbes1776","Kaggle_210035","1.0"
"Forbes843","Kaggle_433366","1.0"
"Forbes1738","Kaggle_5021","1.0"
"Forbes91","Kaggle_7061","1.0"
"Forbes521","Kaggle_1711","1.0"
"Forbes1044","Kaggle_38041","1.0"
"Forbes1186","Kaggle_1994","1.0"
"Forbes798","Kaggle_196385","1.0"
"Forbes992","Kaggle_2779","1.0"
"Forbes1865","Kaggle_95363","1.0"
"Forbes1631","Kaggle_86628","1.0"
"Forbes319","Kaggle_3330362","1.0"
"Forbes934","Kaggle_308834","1.0"
"Forbes563","Kaggle_4124589","1.0"
"Forbes1620","Kaggle_3793","1.0"
"Forbes271","Kaggle_6874643","1.0"
"Forbes102","Kaggle_53485","1.0"
"Forbes906","Kaggle_487644","1.0"
"Forbes1165","Kaggle_93899","0.9285714285714286"
"Forbes418","Kaggle_192769","1.0"
"Forbes459","Kaggle_6269817","1.0"
"Forbes612","Kaggle_689","1.0"
"Forbes1974","Kaggle_43174","1.0"
"Forbes1937","Kaggle_6522263","1.0"
"Forbes749","Kaggle_3115","1.0"
"Forbes1773","Kaggle_120678","1.0"
"Forbes1217","Kaggle_4984880","1.0"
"Forbes1936","Kaggle_45930","1.0"
"Forbes592","Kaggle_5083660","1.0"
"Forbes735","Kaggle_953","1.0"
"Forbes1816","Kaggle_51231","1.0"
"Forbes1487","Kaggle_40960","1.0"
"Forbes57","Kaggle_2756279","1.0"
"Forbes1111","Kaggle_1683156","1.0"
"Forbes1334","Kaggle_1113","1.0"
"Forbes1982","Kaggle_3566","1.0"
"Forbes371","Kaggle_19419","1.0"
"Forbes1016","Kaggle_6248","1.0"
"Forbes1965","Kaggle_53707","1.0"
"Forbes1549","Kaggle_13535","1.0"
"Forbes39","Kaggle_155361","1.0"
"Forbes48","Kaggle_1019698","1.0"
"Forbes886","Kaggle_64865","1.0"
"Forbes620","Kaggle_756","1.0"
"Forbes884","Kaggle_5164","1.0"
"Forbes1404","Kaggle_114283","1.0"
"Forbes1428","Kaggle_3809","1.0"
"Forbes1863","Kaggle_4024","1.0"
"Forbes274","Kaggle_236","1.0"
"Forbes476","Kaggle_577","1.0"
"Forbes1626","Kaggle_6464482","1.0"
"Forbes1639","Kaggle_279693","1.0"
"Forbes47","Kaggle_6611334","1.0"
"Forbes1822","Kaggle_3840","1.0"
"Forbes717","Kaggle_76737","1.0"
"Forbes1113","Kaggle_17289","1.0"
"Forbes1461","Kaggle_463007","1.0"
"Forbes1536","Kaggle_7556","1.0"
"Forbes1192","Kaggle_91472","1.0"
"Forbes1534","Kaggle_185038","1.0"
"Forbes813","Kaggle_118093","1.0"
"Forbes307","Kaggle_2046","1.0"
"Forbes90","Kaggle_230574","1.0"
"Forbes1047","Kaggle_1970","1.0"
"Forbes224","Kaggle_101","0.9038461538461539"
"Forbes1063","Kaggle_712","1.0"
"Forbes676","Kaggle_14630","1.0"
"Forbes777","Kaggle_90955","1.0"
"Forbes1145","Kaggle_44805","1.0"
"Forbes98","Kaggle_158729","1.0"
"Forbes562","Kaggle_759","1.0"
"Forbes1211","Kaggle_3524177","1.0"
"Forbes731","Kaggle_9119","1.0"
"Forbes641","Kaggle_89","1.0"
"Forbes583","Kaggle_749965","1.0"
"Forbes1612","Kaggle_219785","1.0"
"Forbes571","Kaggle_6627","1.0"
"Forbes143","Kaggle_320","1.0"
"Forbes1279","Kaggle_5094985","0.9"
"Forbes720","Kaggle_6297","1.0"
"Forbes132","Kaggle_289","1.0"
"Forbes1425","Kaggle_3727113","1.0"
"Forbes409","Kaggle_72925","1.0"
"Forbes1913","Kaggle_24379","1.0"
"Forbes1450","Kaggle_1149","1.0"
"Forbes1529","Kaggle_97475","1.0"
"Forbes176","Kaggle_145","1.0"
"Forbes435","Kaggle_70780","1.0"
"Forbes601","Kaggle_21363","1.0"
"Forbes1599","Kaggle_2588","1.0"
"Forbes664","Kaggle_4829","1.0"
"Forbes1204","Kaggle_1842","1.0"
"Forbes709","Kaggle_90405","1.0"
"Forbes1980","Kaggle_429238","1.0"
"Forbes1485","Kaggle_22134","1.0"
"Forbes1280","Kaggle_269808","1.0"
"Forbes1326","Kaggle_2953","1.0"
"Forbes1066","Kaggle_74705","1.0"
"Forbes1148","Kaggle_9949","1.0"
"Forbes184","Kaggle_34798","1.0"
"Forbes1412","Kaggle_64425","1.0"
"Forbes1662","Kaggle_2212","1.0"
"Forbes51","Kaggle_34476","1.0"
"Forbes894","Kaggle_816512","1.0"
"Forbes468","Kaggle_267","1.0"
"Forbes984","Kaggle_41804","1.0"
"Forbes1763","Kaggle_265021","1.0"
"Forbes878","Kaggle_448056","1.0"
"Forbes1339","Kaggle_4387","1.0"
"Forbes1946","Kaggle_121529","1.0"
"Forbes1013","Kaggle_3459","1.0"
"Forbes447","Kaggle_148166","1.0"
"Forbes1867","Kaggle_146306","1.0"
"Forbes1572","Kaggle_6978003","1.0"
"Forbes1345","Kaggle_2563","1.0"
"Forbes195","Kaggle_275882","1.0"
"Forbes460","Kaggle_172762","1.0"
"Forbes1973","Kaggle_38388","1.0"
"Forbes174","Kaggle_707264","1.0"
"Forbes9","Kaggle_33902","1.0"
"Forbes428","Kaggle_3049855","1.0"
"Forbes313","Kaggle_369012","1.0"
"Forbes1474","Kaggle_4102","1.0"
"Forbes1710","Kaggle_536847","1.0"
"Forbes768","Kaggle_3038","1.0"
"Forbes454","Kaggle_3137","1.0"
"Forbes225","Kaggle_278","1.0"
"Forbes137","Kaggle_5687132","1.0"
"Forbes1751","Kaggle_10358","1.0"
"Forbes949","Kaggle_10408","1.0"
"Forbes822","Kaggle_3238104","1.0"
"Forbes650","Kaggle_43716","1.0"
"Forbes564","Kaggle_177935","0.9"
"Forbes536","Kaggle_108441","1.0"
"Forbes496","Kaggle_409","1.0"
"Forbes695","Kaggle_7100","1.0"
"Forbes1422","Kaggle_43140","1.0"
"Forbes1418","Kaggle_14278","1.0"
"Forbes599","Kaggle_5087","1.0"
"Forbes1692","Kaggle_10162","1.0"
"Forbes912","Kaggle_9344","1.0"
"Forbes860","Kaggle_4886","1.0"
"Forbes824","Kaggle_263009","1.0"
"Forbes840","Kaggle_4681","1.0"
"Forbes647","Kaggle_68014","1.0"
"Forbes1480","Kaggle_436873","1.0"
"Forbes304","Kaggle_100510","1.0"
"Forbes995","Kaggle_54080","1.0"
"Forbes1235","Kaggle_4549","1.0"
"Forbes49","Kaggle_2689314","1.0"
"Forbes1914","Kaggle_977","1.0"
"Forbes1579","Kaggle_652","1.0"
"Forbes1210","Kaggle_28453","1.0"
"Forbes1862","Kaggle_310051","1.0"
"Forbes1632","Kaggle_3194","1.0"
"Forbes765","Kaggle_5901238","1.0"
"Forbes502","Kaggle_320189","1.0"
"Forbes1769","Kaggle_96742","1.0"
"Forbes987","Kaggle_1955","1.0"
"Forbes230","Kaggle_700","1.0"
"Forbes890","Kaggle_4052","1.0"
"Forbes365","Kaggle_80767","1.0"
"Forbes402","Kaggle_108357","1.0"
"Forbes221","Kaggle_58066","1.0"
"Forbes1234","Kaggle_120567","1.0"
"Forbes173","Kaggle_5237505","1.0"
"Forbes745","Kaggle_582","1.0"
"Forbes16","Kaggle_382539","1.0"
"Forbes1555","Kaggle_13849","1.0"
"Forbes1687","Kaggle_4911","1.0"
"Forbes1335","Kaggle_5703","1.0"
"Forbes85","Kaggle_208249","1.0"
"Forbes411","Kaggle_390703","1.0"
"Forbes1191","Kaggle_2124","1.0"
"Forbes60","Kaggle_63","1.0"
"Forbes1179","Kaggle_515","1.0"
"Forbes322","Kaggle_371878","1.0"
"Forbes1440","Kaggle_1117877","1.0"
"Forbes106","Kaggle_4973979","1.0"
"Forbes1915","Kaggle_12575","1.0"
"Forbes1144","Kaggle_7104","1.0"
"Forbes838","Kaggle_1573","1.0"
"Forbes1647","Kaggle_114975","1.0"
"Forbes538","Kaggle_1417","1.0"
"Forbes206","Kaggle_198907","1.0"
"Forbes1170","Kaggle_221223","0.9423076923076923"
"Forbes1123","Kaggle_3169","1.0"
"Forbes1543","Kaggle_41737","1.0"
"Forbes1427","Kaggle_11769","1.0"
"Forbes1039","Kaggle_492","1.0"
"Forbes178","Kaggle_105788","1.0"
"Forbes358","Kaggle_171617","1.0"
"Forbes1886","Kaggle_1709","1.0"
"Forbes1674","Kaggle_170153","1.0"
"Forbes475","Kaggle_284404","1.0"
"Forbes535","Kaggle_134","1.0"
"Forbes666","Kaggle_149053","1.0"
"Forbes416","Kaggle_50009","1.0"
"Forbes489","Kaggle_422","1.0"
"Forbes976","Kaggle_1602792","1.0"
"Forbes104","Kaggle_426411","1.0"
"Forbes115","Kaggle_966534","1.0"
"Forbes204","Kaggle_104369","1.0"
"Forbes542","Kaggle_5671143","1.0"
"Forbes149","Kaggle_676","1.0"
"Forbes1040","Kaggle_1782","1.0"
"Forbes449","Kaggle_440","1.0"
"Forbes1151","Kaggle_155139","1.0"
"Forbes702","Kaggle_69531","1.0"
"Forbes1859","Kaggle_78362","1.0"
"Forbes1370","Kaggle_65435","1.0"
"Forbes1032","Kaggle_396956","1.0"
"Forbes155","Kaggle_1035","1.0"
"Forbes163","Kaggle_1128788","1.0"
"Forbes1932","Kaggle_384707","1.0"
"Forbes628","Kaggle_6439","1.0"
"Forbes1495","Kaggle_366129","1.0"
"Forbes973","Kaggle_20242","1.0"
"Forbes1030","Kaggle_348115","0.9117647058823529"
"Forbes150","Kaggle_64347","1.0"
"Forbes1220","Kaggle_213406","1.0"
"Forbes1377","Kaggle_3144370","1.0"
"Forbes1990","Kaggle_2037943","1.0"
"Forbes321","Kaggle_1357","1.0"
"Forbes417","Kaggle_293300","1.0"
"Forbes795","Kaggle_201","1.0"
"Forbes354","Kaggle_106615","1.0"
"Forbes1528","Kaggle_19683","1.0"
"Forbes1287","Kaggle_1589","1.0"
"Forbes1115","Kaggle_6023712","1.0"
"Forbes730","Kaggle_69772","1.0"
"Forbes655","Kaggle_3127112","1.0"
"Forbes841","Kaggle_244410","1.0"
"Forbes1250","Kaggle_212667","1.0"
"Forbes437","Kaggle_30244","1.0"
"Forbes1468","Kaggle_70024","1.0"
"Forbes1591","Kaggle_2868","1.0"
"Forbes1264","Kaggle_15154","1.0"
"Forbes1698","Kaggle_13439","1.0"
"Forbes292","Kaggle_7478","1.0"
"Forbes569","Kaggle_149","1.0"
"Forbes169","Kaggle_69971","1.0"
"Forbes513","Kaggle_6027","1.0"
"Forbes1798","Kaggle_209383","0.9761904761904762"
"Forbes1833","Kaggle_106792","1.0"
"Forbes1060","Kaggle_822","1.0"
"Forbes1059","Kaggle_4007","1.0"
"Forbes1473","Kaggle_1988","1.0"
"Forbes1713","Kaggle_35904","0.9545454545454546"
"Forbes1269","Kaggle_4861","1.0"
"Forbes603","Kaggle_680765","1.0"
"Forbes1290","Kaggle_157112","1.0"
"Forbes1342","Kaggle_1166","1.0"
"Forbes1595","Kaggle_17879","1.0"
"Forbes325","Kaggle_240648","1.0"
"Forbes929","Kaggle_3445964","1.0"
"Forbes1031","Kaggle_98872","1.0"
"Forbes88","Kaggle_4550390","1.0"
"Forbes670","Kaggle_191971","1.0"
"Forbes659","Kaggle_8160","1.0"
"Forbes1478","Kaggle_14995","1.0"
"Forbes1159","Kaggle_2385","1.0"
"Forbes773","Kaggle_11185","1.0"
"Forbes1942","Kaggle_57865","1.0"
"Forbes1244","Kaggle_363709","1.0"
"Forbes1371","Kaggle_3624","1.0"
"Forbes429","Kaggle_209542","1.0"
"Forbes1314","Kaggle_6484","1.0"
"Forbes399","Kaggle_128","1.0"
"Forbes1055","Kaggle_7128545","0.9285714285714286"
"Forbes1465","Kaggle_2456","1.0"
"Forbes1979","Kaggle_107405","1.0"
"Forbes302","Kaggle_39217","1.0"
"Forbes279","Kaggle_75792","1.0"
"Forbes716","Kaggle_1448201","1.0"
"Forbes975","Kaggle_150322","1.0"
"Forbes96","Kaggle_126224","1.0"
"Forbes1727","Kaggle_3993","1.0"
"Forbes33","Kaggle_122","1.0"
"Forbes1300","Kaggle_68144","1.0"
"Forbes1819","Kaggle_209995","1.0"
"Forbes1133","Kaggle_145065","1.0"
"Forbes1784","Kaggle_525265","1.0"
"Forbes1792","Kaggle_5002","1.0"
"Forbes572","Kaggle_1185","1.0"
"Forbes533","Kaggle_48922","1.0"
"Forbes1541","Kaggle_469333","1.0"
"Forbes180","Kaggle_233","1.0"
"Forbes643","Kaggle_551","1.0"
"Forbes128","Kaggle_15756","1.0"
"Forbes1432","Kaggle_268981","1.0"
"Forbes692","Kaggle_36799","1.0"
"Forbes136","Kaggle_16867","1.0"
"Forbes1436","Kaggle_2227","1.0"
"Forbes1588","Kaggle_12452","1.0"
"Forbes293","Kaggle_119604","1.0"
"Forbes1601","Kaggle_43480","1.0"
"Forbes113","Kaggle_223","1.0"
"Forbes1225","Kaggle_9988","1.0"
"Forbes1198","Kaggle_460390","1.0"
"Forbes1207","Kaggle_1552","1.0"
"Forbes108","Kaggle_15317","1.0"
"Forbes1346","Kaggle_86010","1.0"
"Forbes951","Kaggle_17542","1.0"
"Forbes942","Kaggle_5317","1.0"
"Forbes1563","Kaggle_27160","1.0"
"Forbes636","Kaggle_14166","1.0"
"Forbes663","Kaggle_1246","1.0"
"Forbes1521","Kaggle_528692","1.0"
"Forbes1257","Kaggle_4926","1.0"
"Forbes693","Kaggle_6440853","1.0"
"Forbes87","Kaggle_119834","1.0"
"Forbes1800","Kaggle_49502","0.9"
"Forbes1807","Kaggle_532620","1.0"
"Forbes82","Kaggle_6055","1.0"
"Forbes158","Kaggle_843","1.0"
"Forbes129","Kaggle_3749","1.0"
"Forbes141","Kaggle_24679","1.0"
"Forbes1953","Kaggle_11615","1.0"
"Forbes1309","Kaggle_98590","1.0"
"Forbes1771","Kaggle_238216","1.0"
"Forbes1247","Kaggle_2720","1.0"
"Forbes978","Kaggle_28515","1.0"
"Forbes1000","Kaggle_3211","1.0"
"Forbes1072","Kaggle_75632","1.0"
"Forbes1350","Kaggle_200239","1.0"
"Forbes1721","Kaggle_156878","1.0"
"Forbes353","Kaggle_9877","1.0"
"Forbes1243","Kaggle_1223","1.0"
"Forbes804","Kaggle_6534784","1.0"
"Forbes1037","Kaggle_154189","1.0"
"Forbes1499","Kaggle_469","1.0"
"Forbes236","Kaggle_3491038","1.0"
"Forbes753","Kaggle_683539","1.0"
"Forbes1419","Kaggle_11903","1.0"
"Forbes1229","Kaggle_96885","1.0"
"Forbes1458","Kaggle_8421","1.0"
"Forbes345","Kaggle_166","1.0"
"Forbes1277","Kaggle_3313","1.0"
"Forbes1397","Kaggle_104944","1.0"
"Forbes560","Kaggle_873","1.0"
"Forbes1024","Kaggle_49034","1.0"
"Forbes1503","Kaggle_10772","1.0"
"Forbes953","Kaggle_69242","1.0"
"Forbes1004","Kaggle_10860","1.0"
"Forbes1056","Kaggle_2886","1.0"
"Forbes1356","Kaggle_38247","1.0"
"Forbes1028","Kaggle_5877","1.0"
"Forbes1981","Kaggle_4300","1.0"
"Forbes26","Kaggle_144947","1.0"
"Forbes1079","Kaggle_3586","1.0"
"Forbes250","Kaggle_82032","1.0"
"Forbes1576","Kaggle_322774","1.0"
"Forbes793","Kaggle_5412185","1.0"
"Forbes1361","Kaggle_4051815","1.0"
"Forbes1093","Kaggle_35930","1.0"
"Forbes461","Kaggle_503","1.0"
"Forbes757","Kaggle_1255","1.0"
"Forbes858","Kaggle_327640","1.0"
"Forbes324","Kaggle_37521","1.0"
"Forbes444","Kaggle_143","1.0"
"Forbes1293","Kaggle_3956","1.0"
"Forbes1149","Kaggle_291091","1.0"
"Forbes1666","Kaggle_2448","1.0"
"Forbes551","Kaggle_1080587","1.0"
"Forbes309","Kaggle_133829","1.0"
"Forbes355","Kaggle_1661","1.0"
"Forbes1847","Kaggle_143842","0.9565217391304348"
"Forbes849","Kaggle_4565","1.0"
"Forbes781","Kaggle_458","1.0"
"Forbes1538","Kaggle_258650","1.0"
"Forbes594","Kaggle_13674","1.0"
"Forbes68","Kaggle_42815","1.0"
"Forbes382","Kaggle_307886","1.0"
"Forbes631","Kaggle_3984","1.0"
"Forbes1689","Kaggle_104759","1.0"
"Forbes1850","Kaggle_11618","1.0"
"Forbes1947","Kaggle_10392","1.0"
"Forbes2000","Kaggle_3783429","1.0"
"Forbes65","Kaggle_10925","1.0"
"Forbes1193","Kaggle_5529564","1.0"
"Forbes1451","Kaggle_48650","1.0"
"Forbes1884","Kaggle_1803560","1.0"
"Forbes678","Kaggle_5935441","1.0"
"Forbes410","Kaggle_172870","1.0"
"Forbes1010","Kaggle_9363","1.0"
"Forbes613","Kaggle_1795","1.0"
"Forbes927","Kaggle_1864","1.0"
"Forbes226","Kaggle_74636","1.0"
"Forbes1724","Kaggle_147791","1.0"
"Forbes58","Kaggle_509241","1.0"
"Forbes714","Kaggle_117939","1.0"
"Forbes669","Kaggle_1349","1.0"
"Forbes343","Kaggle_350909","1.0"
"Forbes36","Kaggle_50","1.0"
"Forbes390","Kaggle_973","1.0"
"Forbes208","Kaggle_1685560","1.0"
"Forbes557","Kaggle_142547","1.0"
"Forbes834","Kaggle_2378","1.0"
"Forbes385","Kaggle_1049","1.0"
"Forbes1544","Kaggle_607628","1.0"
"Forbes491","Kaggle_5189611","1.0"
"Forbes473","Kaggle_3927","1.0"
"Forbes505","Kaggle_195481","1.0"
"Forbes608","Kaggle_3638472","1.0"
"Forbes1236","Kaggle_4262118","1.0"
"Forbes1477","Kaggle_196005","1.0"
"Forbes770","Kaggle_2325","1.0"
"Forbes1046","Kaggle_3574","1.0"
"Forbes853","Kaggle_226514","1.0"
"Forbes1507","Kaggle_12679","1.0"
"Forbes275","Kaggle_184069","1.0"
"Forbes398","Kaggle_293273","1.0"
"Forbes887","Kaggle_768472","1.0"
"Forbes1134","Kaggle_134077","1.0"
"Forbes327","Kaggle_278277","1.0"
"Forbes294","Kaggle_224976","0.9583333333333333"
"Forbes1851","Kaggle_496064","1.0"
"Forbes1160","Kaggle_2040764","1.0"
"Forbes160","Kaggle_367137","1.0"
"Forbes872","Kaggle_360239","1.0"
"Forbes431","Kaggle_164188","1.0"
"Forbes1966","Kaggle_6024","1.0"
"Forbes328","Kaggle_944","1.0"
"Forbes1230","Kaggle_2040","1.0"
"Forbes1374","Kaggle_203170","0.9375"
"Forbes1571","Kaggle_832","1.0"
"Forbes1029","Kaggle_198960","1.0"
"Forbes1757","Kaggle_37478","0.9166666666666667"
"Forbes1941","Kaggle_328108","1.0"
"Forbes1357","Kaggle_2557280","1.0"
"Forbes1627","Kaggle_288354","1.0"
"Forbes1313","Kaggle_137605","1.0"
"Forbes1524","Kaggle_139753","1.0"
"Forbes1680","Kaggle_11192","1.0"
"Forbes255","Kaggle_71646","1.0"
"Forbes1281","Kaggle_89899","1.0"
"Forbes914","Kaggle_22887","1.0"
"Forbes77","Kaggle_1199","1.0"
"Forbes1640","Kaggle_388372","1.0"
"Forbes1583","Kaggle_22001","1.0"
"Forbes1660","Kaggle_48755","1.0"
"Forbes941","Kaggle_591085","1.0"
"Forbes1489","Kaggle_13544","1.0"
"Forbes1017","Kaggle_7772","1.0"
"Forbes1522","Kaggle_356677","1.0"
"Forbes1333","Kaggle_265830","1.0"
"Forbes1161","Kaggle_33130","1.0"
"Forbes1645","Kaggle_3005","1.0"
"Forbes565","Kaggle_9822","1.0"
"Forbes1636","Kaggle_139107","1.0"
"Forbes1289","Kaggle_4085921","1.0"
"Forbes780","Kaggle_194130","1.0"
"Forbes252","Kaggle_357","1.0"
"Forbes295","Kaggle_3052","1.0"
"Forbes1656","Kaggle_10153","1.0"
"Forbes352","Kaggle_10364","1.0"
"Forbes964","Kaggle_239043","1.0"
"Forbes863","Kaggle_278252","1.0"
"Forbes1737","Kaggle_25122","1.0"
"Forbes516","Kaggle_1366","1.0"
"Forbes223","Kaggle_30323","1.0"
"Forbes165","Kaggle_50622","1.0"
"Forbes946","Kaggle_369922","1.0"
"Forbes528","Kaggle_326451","1.0"
"Forbes1782","Kaggle_1143","1.0"
"Forbes779","Kaggle_1242","1.0"
"Forbes1479","Kaggle_340303","1.0"
"Forbes1239","Kaggle_13763","1.0"
"Forbes18","Kaggle_314242","1.0"
"Forbes747","Kaggle_6456","1.0"
"Forbes1349","Kaggle_542350","1.0"
"Forbes910","Kaggle_38742","1.0"
"Forbes277","Kaggle_5532514","0.9"
"Forbes1409","Kaggle_2573","1.0"
"Forbes75","Kaggle_10121","1.0"
"Forbes1187","Kaggle_497651","1.0"
"Forbes1567","Kaggle_101587","1.0"
"Forbes127","Kaggle_206078","1.0"
"Forbes1619","Kaggle_2822","1.0"
"Forbes1202","Kaggle_204083","1.0"
"Forbes41","Kaggle_153932","1.0"
"Forbes387","Kaggle_376","1.0"
"Forbes436","Kaggle_8284","1.0"
"Forbes7","Kaggle_17","1.0"
"Forbes1022","Kaggle_15331","1.0"
"Forbes1581","Kaggle_369","1.0"
"Forbes837","Kaggle_1704","1.0"
"Forbes408","Kaggle_1538","1.0"
"Forbes361","Kaggle_377","1.0"
"Forbes691","Kaggle_6702","1.0"
"Forbes1558","Kaggle_2888","1.0"
"Forbes1856","Kaggle_212723","1.0"
"Forbes467","Kaggle_35982","1.0"
"Forbes469","Kaggle_679434","1.0"
"Forbes1876","Kaggle_226776","1.0"
"Forbes1410","Kaggle_262987","1.0"
"Forbes31","Kaggle_185","1.0"
"Forbes1406","Kaggle_3643","1.0"
"Forbes848","Kaggle_301","1.0"
"Forbes405","Kaggle_18716","1.0"
"Forbes146","Kaggle_221","1.0"
"Forbes1097","Kaggle_4144","1.0"
"Forbes1129","Kaggle_1327255","1.0"
"Forbes909","Kaggle_474","1.0"
"Forbes1954","Kaggle_6898118","1.0"
"Forbes677","Kaggle_22190","1.0"
"Forbes1780","Kaggle_72476","1.0"
"Forbes100","Kaggle_507594","1.0"
"Forbes1132","Kaggle_4491","1.0"
"Forbes1092","Kaggle_5314","1.0"
"Forbes297","Kaggle_100","1.0"
"Forbes1622","Kaggle_37915","1.0"
"Forbes63","Kaggle_3306980","1.0"
"Forbes1327","Kaggle_2435","1.0"
"Forbes170","Kaggle_256","1.0"
"Forbes289","Kaggle_7836","1.0"
"Forbes1542","Kaggle_5289","1.0"
"Forbes1069","Kaggle_679","1.0"
"Forbes10","Kaggle_431","1.0"
"Forbes588","Kaggle_2807480","1.0"
"Forbes240","Kaggle_4874117","1.0"
"Forbes1600","Kaggle_7505","1.0"
"Forbes487","Kaggle_770","1.0"
"Forbes1147","Kaggle_3512","1.0"
"Forbes1989","Kaggle_3307","1.0"
"Forbes1739","Kaggle_306390","1.0"
"Forbes1130","Kaggle_1119675","1.0"
"Forbes639","Kaggle_26","1.0"
"Forbes210","Kaggle_1512","1.0"
"Forbes584","Kaggle_1133","1.0"
"Forbes244","Kaggle_204","1.0"
"Forbes1873","Kaggle_56771","1.0"
"Forbes654","Kaggle_338969","1.0"
"Forbes503","Kaggle_9262","1.0"
"Forbes769","Kaggle_2756","1.0"
"Forbes970","Kaggle_418616","1.0"
"Forbes1889","Kaggle_15544","1.0"
"Forbes1227","Kaggle_2531643","1.0"
"Forbes913","Kaggle_393569","1.0"
"Forbes960","Kaggle_1986615","1.0"
"Forbes1950","Kaggle_1198","1.0"
"Forbes422","Kaggle_11243","1.0"
"Forbes1697","Kaggle_32829","1.0"
"Forbes728","Kaggle_74049","1.0"
"Forbes510","Kaggle_22671","1.0"
"Forbes1285","Kaggle_1376069","1.0"
"Forbes1893","Kaggle_557","1.0"
"Forbes145","Kaggle_18129","1.0"
"Forbes1018","Kaggle_37057","1.0"
"Forbes776","Kaggle_2839","1.0"
"Forbes818","Kaggle_6961","1.0"
"Forbes671","Kaggle_2582","1.0"
"Forbes369","Kaggle_8075","1.0"
"Forbes336","Kaggle_1300","1.0"
"Forbes1178","Kaggle_789","1.0"
"Forbes1877","Kaggle_73979","1.0"
"Forbes1594","Kaggle_234853","1.0"
"Forbes308","Kaggle_10888","1.0"
"Forbes415","Kaggle_4775322","0.9"
"Forbes412","Kaggle_332875","1.0"
"Forbes1105","Kaggle_2669540","1.0"
"Forbes1438","Kaggle_3373","1.0"
"Forbes1494","Kaggle_2407","1.0"
"Forbes1256","Kaggle_105192","1.0"
"Forbes1682","Kaggle_296165","1.0"
"Forbes575","Kaggle_1498","1.0"
"Forbes121","Kaggle_489","1.0"
"Forbes281","Kaggle_381","1.0"
"Forbes634","Kaggle_245","1.0"
"Forbes1672","Kaggle_4176","1.0"
"Forbes1728","Kaggle_26522","1.0"
"Forbes760","Kaggle_9534","1.0"
"Forbes1351","Kaggle_62636","1.0"
"Forbes164","Kaggle_199","1.0"
"Forbes1552","Kaggle_3357","1.0"
"Forbes1177","Kaggle_59650","1.0"
"Forbes1382","Kaggle_13804","1.0"
"Forbes1814","Kaggle_40488","1.0"
"Forbes719","Kaggle_5750","1.0"
"Forbes1194","Kaggle_6502332","1.0"
"Forbes1385","Kaggle_269","1.0"
"Forbes1362","Kaggle_123254","1.0"
"Forbes1457","Kaggle_472313","1.0"
"Forbes24","Kaggle_161892","1.0"
"Forbes1830","Kaggle_11250","0.9"
"Forbes1532","Kaggle_7759","1.0"
"Forbes1736","Kaggle_21975","1.0"
"Forbes819","Kaggle_227052","1.0"
"Forbes968","Kaggle_1384","1.0"
"Forbes715","Kaggle_518","1.0"
"Forbes1879","Kaggle_17923","1.0"
"Forbes1175","Kaggle_6329","1.0"
"Forbes1296","Kaggle_101570","1.0"
"Forbes1777","Kaggle_9161","1.0"
"Forbes1834","Kaggle_2434720","1.0"
"Forbes1621","Kaggle_153189","1.0"
"Forbes126","Kaggle_540","1.0"
"Forbes900","Kaggle_42213","1.0"
"Forbes445","Kaggle_4712","1.0"
"Forbes574","Kaggle_6993","1.0"
"Forbes699","Kaggle_18437","1.0"
"Forbes188","Kaggle_563","1.0"
"Forbes1106","Kaggle_306525","1.0"
"Forbes287","Kaggle_2036","1.0"
"Forbes1694","Kaggle_2292566","1.0"
"Forbes1866","Kaggle_403349","1.0"
"Forbes1587","Kaggle_3364","1.0"
"Forbes285","Kaggle_189","1.0"
"Forbes1526","Kaggle_187853","1.0"
"Forbes1827","Kaggle_58627","1.0"
"Forbes243","Kaggle_3189489","1.0"
"Forbes783","Kaggle_1966","0.9259259259259259"
"Forbes22","Kaggle_288242","1.0"
"Forbes1919","Kaggle_865089","1.0"
"Forbes423","Kaggle_63797","1.0"
"Forbes424","Kaggle_794","1.0"
"Forbes1401","Kaggle_3297","1.0"
"Forbes1388","Kaggle_3097","1.0"
"Forbes922","Kaggle_120263","1.0"
"Forbes963","Kaggle_78471","1.0"
"Forbes1166","Kaggle_253917","1.0"
"Forbes1172","Kaggle_12860","1.0"
"Forbes1318","Kaggle_5610","1.0"
"Forbes1637","Kaggle_74027","1.0"
"Forbes79","Kaggle_364893","1.0"
"Forbes1153","Kaggle_341025","1.0"
"Forbes529","Kaggle_173052","1.0"
"Forbes19","Kaggle_5666749","1.0"
"Forbes117","Kaggle_763","1.0"
"Forbes1317","Kaggle_43707","1.0"
"Forbes471","Kaggle_9912","1.0"
"Forbes1396","Kaggle_1771","1.0"
"Forbes299","Kaggle_73714","1.0"
"Forbes908","Kaggle_2097573","1.0"
"Forbes1815","Kaggle_8072","1.0"
"Forbes1679","Kaggle_50893","1.0"
"Forbes1976","Kaggle_28219","1.0"
"Forbes357","Kaggle_1932","1.0"
"Forbes1391","Kaggle_6309038","1.0"
"Forbes1103","Kaggle_7039773","1.0"
"Forbes1036","Kaggle_6722091","1.0"
"Forbes482","Kaggle_184136","1.0"
"Forbes1560","Kaggle_516","1.0"
"Forbes766","Kaggle_497849","1.0"
"Forbes1688","Kaggle_37494","1.0"
"Forbes1742","Kaggle_1677","1.0"
"Forbes713","Kaggle_645","1.0"
"Forbes1286","Kaggle_4921","1.0"
"Forbes1481","Kaggle_4815488","1.0"
"Forbes596","Kaggle_869","1.0"
"Forbes1216","Kaggle_7727","1.0"
"Forbes1832","Kaggle_8388","1.0"
"Forbes1616","Kaggle_192575","1.0"
"Forbes1708","Kaggle_31425","1.0"
"Forbes635","Kaggle_63279","1.0"
"Forbes555","Kaggle_33637","1.0"
"Forbes589","Kaggle_2317","1.0"
"Forbes1415","Kaggle_111364","1.0"
"Forbes53","Kaggle_364","1.0"
"Forbes673","Kaggle_54830","1.0"
"Forbes42","Kaggle_301593","1.0"
"Forbes1887","Kaggle_488176","1.0"
"Forbes1957","Kaggle_364626","0.9545454545454546"
"Forbes1935","Kaggle_942","1.0"
"Forbes456","Kaggle_49629","1.0"
"Forbes578","Kaggle_339566","1.0"
"Forbes339","Kaggle_341","1.0"
"Forbes1943","Kaggle_88091","1.0"
"Forbes201","Kaggle_1870996","1.0"
"Forbes685","Kaggle_3857","1.0"
"Forbes573","Kaggle_1759","1.0"
"Forbes1857","Kaggle_162223","1.0"
"Forbes833","Kaggle_71160","1.0"
"Forbes1951","Kaggle_322766","1.0"
"Forbes1005","Kaggle_411980","1.0"
"Forbes1389","Kaggle_4315188","1.0"
"Forbes1298","Kaggle_1910","1.0"
"Forbes1550","Kaggle_91823","1.0"
"Forbes1454","Kaggle_2602","1.0"
"Forbes724","Kaggle_2114","1.0"
"Forbes1444","Kaggle_16722","1.0"
"Forbes1011","Kaggle_404416","1.0"
"Forbes264","Kaggle_15487","1.0"
"Forbes1266","Kaggle_226566","1.0"
"Forbes825","Kaggle_45572","1.0"
"Forbes706","Kaggle_16679","1.0"
"Forbes1888","Kaggle_2453","1.0"
"Forbes729","Kaggle_2764","1.0"
"Forbes1284","Kaggle_3905","1.0"
"Forbes1712","Kaggle_6014","1.0"
"Forbes627","Kaggle_51741","1.0"
"Forbes397","Kaggle_18282","1.0"
"Forbes1547","Kaggle_232355","1.0"
"Forbes1653","Kaggle_17065","0.9411764705882353"
"Forbes1925","Kaggle_379616","1.0"
"Forbes227","Kaggle_296872","1.0"
"Forbes28","Kaggle_490","1.0"
"Forbes1008","Kaggle_1364411","1.0"
"Forbes214","Kaggle_21818","1.0"
"Forbes1139","Kaggle_1178","1.0"
"Forbes1162","Kaggle_3454","1.0"
"Forbes177","Kaggle_3713","1.0"
"Forbes1002","Kaggle_154633","1.0"
"Forbes216","Kaggle_267010","1.0"
"Forbes539","Kaggle_30899","1.0"
"Forbes577","Kaggle_263659","1.0"
"Forbes775","Kaggle_101398","1.0"
"Forbes1828","Kaggle_4253","1.0"
"Forbes1517","Kaggle_78938","1.0"
"Forbes1033","Kaggle_7555","1.0"
"Forbes1881","Kaggle_1587","1.0"
"Forbes209","Kaggle_366","1.0"
"Forbes866","Kaggle_637550","1.0"
"Forbes1516","Kaggle_4065","1.0"
"Forbes1811","Kaggle_18038","1.0"
"Forbes1872","Kaggle_345453","1.0"
"Forbes752","Kaggle_23878","1.0"
"Forbes462","Kaggle_36695","1.0"
"Forbes265","Kaggle_196496","1.0"
"Forbes1745","Kaggle_593003","1.0"
"Forbes1880","Kaggle_25258","1.0"
"Forbes55","Kaggle_343971","1.0"
"Forbes590","Kaggle_178058","1.0"
"Forbes1845","Kaggle_21232","1.0"
"Forbes1305","Kaggle_4322086","1.0"
"Forbes433","Kaggle_983","1.0"
"Forbes1260","Kaggle_263479","1.0"
"Forbes61","Kaggle_66","1.0"
"Forbes980","Kaggle_525209","1.0"
"Forbes99","Kaggle_2940747","1.0"
"Forbes1379","Kaggle_38632","1.0"
"Forbes1959","Kaggle_200724","1.0"
"Forbes1956","Kaggle_28260","1.0"
"Forbes507","Kaggle_3303293","1.0"
"Forbes278","Kaggle_45603","1.0"
"Forbes1512","Kaggle_36567","1.0"
"Forbes5","Kaggle_20274","1.0"
"Forbes407","Kaggle_4046787","1.0"
"Forbes1057","Kaggle_4935860","1.0"
"Forbes820","Kaggle_4460","1.0"
"Forbes1020","Kaggle_477327","1.0"
"Forbes1765","Kaggle_43656","1.0"
"Forbes442","Kaggle_4053252","1.0"
"Forbes1756","Kaggle_2401","1.0"
"Forbes646","Kaggle_373","1.0"
"Forbes1001","Kaggle_84040","1.0"
"Forbes548","Kaggle_310","1.0"
"Forbes1095","Kaggle_5264","1.0"
"Forbes1306","Kaggle_5171","1.0"
"Forbes1875","Kaggle_4345","1.0"
"Forbes1569","Kaggle_2068","1.0"
"Forbes1337","Kaggle_46954","1.0"
"Forbes726","Kaggle_972","1.0"
"Forbes1785","Kaggle_325785","1.0"
"Forbes331","Kaggle_2410","1.0"
"Forbes626","Kaggle_350069","1.0"
"Forbes1364","Kaggle_86363","1.0"
"Forbes523","Kaggle_1823","1.0"
"Forbes1355","Kaggle_172988","1.0"
"Forbes1449","Kaggle_1699","1.0"
"Forbes1219","Kaggle_39161","1.0"
"Forbes315","Kaggle_2170","1.0"
"Forbes874","Kaggle_1266","1.0"
"Forbes1952","Kaggle_11780","1.0"
"Forbes168","Kaggle_69877","1.0"
"Forbes205","Kaggle_559","1.0"
"Forbes1901","Kaggle_13444","1.0"
"Forbes985","Kaggle_96587","1.0"
"Forbes1110","Kaggle_259754","1.0"
"Forbes1121","Kaggle_4144986","1.0"
"Forbes1502","Kaggle_194737","1.0"
"Forbes218","Kaggle_13639","1.0"
"Forbes312","Kaggle_8032","1.0"
"Forbes130","Kaggle_967","1.0"
"Forbes103","Kaggle_48","1.0"
"Forbes969","Kaggle_464655","1.0"
"Forbes1222","Kaggle_9371","1.0"
"Forbes492","Kaggle_59086","1.0"
"Forbes566","Kaggle_344356","1.0"
"Forbes1592","Kaggle_1274","1.0"
"Forbes1380","Kaggle_9959","1.0"
"Forbes257","Kaggle_36451","1.0"
"Forbes675","Kaggle_537","1.0"
"Forbes394","Kaggle_7766","1.0"
"Forbes386","Kaggle_5252","1.0"
"Forbes1508","Kaggle_286209","1.0"
"Forbes317","Kaggle_5640","1.0"
"Forbes1088","Kaggle_4560","1.0"
"Forbes1077","Kaggle_6804866","1.0"
"Forbes1759","Kaggle_38812","1.0"
"Forbes376","Kaggle_1316","1.0"
"Forbes404","Kaggle_6222","1.0"
"Forbes1311","Kaggle_498467","1.0"
"Forbes850","Kaggle_498411","1.0"
"Forbes395","Kaggle_220314","1.0"
"Forbes234","Kaggle_484002","1.0"
"Forbes348","Kaggle_934","1.0"
"Forbes229","Kaggle_6033295","1.0"
"Forbes374","Kaggle_2356194","1.0"
"Forbes1094","Kaggle_153536","1.0"
"Forbes377","Kaggle_6043075","1.0"
"Forbes261","Kaggle_510","1.0"
"Forbes391","Kaggle_113575","1.0"
"Forbes1112","Kaggle_148746","1.0"
"Forbes406","Kaggle_2255","1.0"
"Forbes855","Kaggle_15626","1.0"
"Forbes888","Kaggle_2751","1.0"
"Forbes1655","Kaggle_278533","1.0"
"Forbes1960","Kaggle_50302","1.0"
"Forbes1081","Kaggle_11277","1.0"
"Forbes134","Kaggle_1111","1.0"
"Forbes758","Kaggle_52469","1.0"
"Forbes1805","Kaggle_3102","1.0"
"Forbes1633","Kaggle_12653","1.0"
"Forbes947","Kaggle_49371","1.0"
"Forbes939","Kaggle_504786","1.0"
"Forbes346","Kaggle_1484","1.0"
"Forbes349","Kaggle_7821","1.0"
"Forbes740","Kaggle_29518","1.0"
"Forbes937","Kaggle_14314","1.0"
"Forbes1258","Kaggle_242","1.0"
"Forbes1078","Kaggle_3069","1.0"
"Forbes1878","Kaggle_3526","1.0"
"Forbes403","Kaggle_249316","1.0"
"Forbes1344","Kaggle_112700","1.0"
"Forbes1214","Kaggle_2045","1.0"
"Forbes333","Kaggle_1036364","1.0"
"Forbes73","Kaggle_34","1.0"
"Forbes998","Kaggle_83364","1.0"
"Forbes1790","Kaggle_101278","1.0"
"Forbes119","Kaggle_99","1.0"
"Forbes712","Kaggle_255305","1.0"
"Forbes1262","Kaggle_16205","1.0"
"Forbes1611","Kaggle_8983","1.0"
"Forbes928","Kaggle_4613377","1.0"
"Forbes1107","Kaggle_39858","1.0"
"Forbes1741","Kaggle_43197","1.0"
"Forbes1650","Kaggle_385015","1.0"
"Forbes881","Kaggle_29011","1.0"
"Forbes161","Kaggle_158925","1.0"
"Forbes238","Kaggle_22007","1.0"
"Forbes961","Kaggle_9427","1.0"
"Forbes1548","Kaggle_50375","1.0"
"Forbes600","Kaggle_6515","1.0"
"Forbes485","Kaggle_3637674","1.0"
"Forbes1126","Kaggle_311716","1.0"
"Forbes948","Kaggle_11746","1.0"
"Forbes561","Kaggle_27426","1.0"
"Forbes581","Kaggle_135495","1.0"
"Forbes1205","Kaggle_6242","1.0"
