dataworld_1357,Kaggle_349691,FALSE
dataworld_615,Kaggle_514884,FALSE
dataworld_569,Kaggle_28033,FALSE
dataworld_1383,Kaggle_134934,FALSE
dataworld_982,Kaggle_1136792,FALSE
dataworld_1304,Kaggle_140959,FALSE
dataworld_272,Kaggle_104369,TRUE
dataworld_626,Kaggle_92034,TRUE
dataworld_882,Kaggle_76617,FALSE
dataworld_470,Kaggle_25680,FALSE
dataworld_1336,Kaggle_12903,FALSE
dataworld_1607,Kaggle_3113,TRUE
dataworld_1534,Kaggle_438568,TRUE
dataworld_211,Kaggle_584007,FALSE
dataworld_293,Kaggle_196994,FALSE
dataworld_211,Kaggle_210265,FALSE
dataworld_992,Kaggle_303208,FALSE
dataworld_510,Kaggle_1576,TRUE
dataworld_1182,Kaggle_338969,TRUE
dataworld_769,Kaggle_243458,TRUE
dataworld_733,Kaggle_249052,FALSE
dataworld_948,Kaggle_376014,FALSE
dataworld_1130,Kaggle_259221,FALSE
dataworld_1909,Kaggle_256234,FALSE
dataworld_666,Kaggle_362318,FALSE
dataworld_1387,Kaggle_22156,FALSE
dataworld_511,Kaggle_3644619,TRUE
dataworld_1892,Kaggle_190152,FALSE
dataworld_1038,Kaggle_1159954,TRUE
dataworld_1180,Kaggle_91401,FALSE
dataworld_117,Kaggle_224693,TRUE
dataworld_313,Kaggle_161836,FALSE
dataworld_382,Kaggle_328226,FALSE
dataworld_1872,Kaggle_337333,FALSE
dataworld_293,Kaggle_54849,FALSE
dataworld_1200,Kaggle_4921,TRUE
dataworld_152,Kaggle_257590,FALSE
dataworld_1691,Kaggle_9286,TRUE
dataworld_882,Kaggle_2172018,FALSE
dataworld_61,Kaggle_355051,TRUE
dataworld_1387,Kaggle_219380,FALSE
dataworld_10,Kaggle_256310,FALSE
dataworld_1130,Kaggle_326703,FALSE
dataworld_361,Kaggle_151,TRUE
dataworld_278,Kaggle_325244,FALSE
dataworld_168,Kaggle_992474,FALSE
dataworld_1402,Kaggle_2498,TRUE
dataworld_556,Kaggle_67141,FALSE
dataworld_225,Kaggle_201691,FALSE
dataworld_1909,Kaggle_21856,FALSE
dataworld_1784,Kaggle_98527,FALSE
dataworld_215,Kaggle_2036,TRUE
dataworld_535,Kaggle_388922,FALSE
dataworld_225,Kaggle_205643,FALSE
dataworld_882,Kaggle_234117,FALSE
dataworld_1520,Kaggle_13544,TRUE
dataworld_528,Kaggle_14996,TRUE
dataworld_1771,Kaggle_413415,FALSE
dataworld_1406,Kaggle_17238,TRUE
dataworld_211,Kaggle_5637728,FALSE
dataworld_105,Kaggle_367084,FALSE
dataworld_1215,Kaggle_96587,TRUE
dataworld_777,Kaggle_1075,TRUE
dataworld_1255,Kaggle_50246,FALSE
dataworld_1226,Kaggle_339918,TRUE
dataworld_927,Kaggle_407023,TRUE
dataworld_1909,Kaggle_112467,FALSE
dataworld_982,Kaggle_29439,FALSE
dataworld_605,Kaggle_631,FALSE
dataworld_1906,Kaggle_66501,FALSE
dataworld_47,Kaggle_278367,TRUE
dataworld_1152,Kaggle_9697,TRUE
dataworld_987,Kaggle_46317,TRUE
dataworld_256,Kaggle_447576,FALSE
dataworld_1386,Kaggle_75133,FALSE
dataworld_307,Kaggle_54775,FALSE
dataworld_821,Kaggle_45661,TRUE
dataworld_373,Kaggle_66379,FALSE
dataworld_1709,Kaggle_17728,TRUE
dataworld_1785,Kaggle_349872,FALSE
dataworld_586,Kaggle_279679,FALSE
dataworld_1080,Kaggle_5906318,TRUE
dataworld_517,Kaggle_336812,FALSE
dataworld_1488,Kaggle_527357,FALSE
dataworld_1909,Kaggle_22318,FALSE
dataworld_1799,Kaggle_147169,FALSE
dataworld_1034,Kaggle_93315,FALSE
dataworld_61,Kaggle_159266,FALSE
dataworld_1255,Kaggle_34377,FALSE
dataworld_733,Kaggle_63976,FALSE
dataworld_864,Kaggle_6329,TRUE
dataworld_108,Kaggle_275882,TRUE
dataworld_1344,Kaggle_1202,TRUE
dataworld_676,Kaggle_346937,FALSE
dataworld_1250,Kaggle_72477,FALSE
dataworld_1255,Kaggle_164217,FALSE
dataworld_1855,Kaggle_3355,TRUE
dataworld_823,Kaggle_67345,FALSE
dataworld_441,Kaggle_356355,FALSE
dataworld_349,Kaggle_100,TRUE
dataworld_86,Kaggle_74909,FALSE
dataworld_105,Kaggle_43853,FALSE
dataworld_1130,Kaggle_159266,FALSE
dataworld_146,Kaggle_385644,FALSE
dataworld_1387,Kaggle_89505,FALSE
dataworld_211,Kaggle_852081,FALSE
dataworld_225,Kaggle_6129075,TRUE
dataworld_868,Kaggle_119709,FALSE
dataworld_1255,Kaggle_290839,FALSE
dataworld_1343,Kaggle_66764,TRUE
dataworld_526,Kaggle_217401,FALSE
dataworld_547,Kaggle_4464,TRUE
dataworld_1488,Kaggle_196284,FALSE
dataworld_1771,Kaggle_537818,FALSE
dataworld_119,Kaggle_34677,FALSE
dataworld_60,Kaggle_5089958,TRUE
dataworld_394,Kaggle_350909,TRUE
dataworld_1771,Kaggle_68257,FALSE
dataworld_982,Kaggle_355724,FALSE
dataworld_950,Kaggle_1815,TRUE
dataworld_1142,Kaggle_141996,FALSE
dataworld_1784,Kaggle_217842,FALSE
dataworld_187,Kaggle_1128788,TRUE
dataworld_871,Kaggle_217850,TRUE
dataworld_1306,Kaggle_109082,FALSE
dataworld_61,Kaggle_88966,FALSE
dataworld_320,Kaggle_1526,TRUE
dataworld_56,Kaggle_283078,FALSE
dataworld_1488,Kaggle_223888,FALSE
dataworld_109,Kaggle_158729,TRUE
dataworld_28,Kaggle_30069,FALSE
dataworld_489,Kaggle_330932,FALSE
dataworld_990,Kaggle_11323,TRUE
dataworld_1590,Kaggle_195513,FALSE
dataworld_615,Kaggle_227567,FALSE
dataworld_528,Kaggle_2058284,FALSE
dataworld_680,Kaggle_141999,TRUE
dataworld_1574,Kaggle_191892,TRUE
dataworld_1387,Kaggle_19344,FALSE
dataworld_1799,Kaggle_536881,FALSE
dataworld_10,Kaggle_84077,FALSE
dataworld_1387,Kaggle_64055,FALSE
dataworld_662,Kaggle_78471,TRUE
dataworld_1136,Kaggle_61329,TRUE
dataworld_1387,Kaggle_335735,FALSE
dataworld_416,Kaggle_372600,FALSE
dataworld_1042,Kaggle_527623,TRUE
dataworld_1892,Kaggle_528457,FALSE
dataworld_603,Kaggle_433755,TRUE
dataworld_982,Kaggle_501312,FALSE
dataworld_1376,Kaggle_52590,TRUE
dataworld_499,Kaggle_435829,FALSE
dataworld_489,Kaggle_97577,FALSE
dataworld_68,Kaggle_200681,FALSE
dataworld_1885,Kaggle_255247,TRUE
dataworld_1749,Kaggle_224230,TRUE
dataworld_364,Kaggle_9912,TRUE
dataworld_1387,Kaggle_39654,FALSE
dataworld_1107,Kaggle_220382,FALSE
dataworld_1387,Kaggle_219358,FALSE
dataworld_1255,Kaggle_25537,FALSE
dataworld_618,Kaggle_77259,FALSE
dataworld_237,Kaggle_520998,FALSE
dataworld_992,Kaggle_533221,FALSE
dataworld_1396,Kaggle_50893,TRUE
dataworld_1482,Kaggle_479047,FALSE
dataworld_1276,Kaggle_171287,FALSE
dataworld_830,Kaggle_17,FALSE
dataworld_1387,Kaggle_6207532,FALSE
dataworld_1026,Kaggle_117128,TRUE
dataworld_615,Kaggle_494399,FALSE
dataworld_1130,Kaggle_355051,FALSE
dataworld_1498,Kaggle_8313,TRUE
dataworld_794,Kaggle_116039,TRUE
dataworld_975,Kaggle_177637,TRUE
dataworld_982,Kaggle_304790,FALSE
dataworld_12,Kaggle_3909,TRUE
dataworld_412,Kaggle_2063930,TRUE
dataworld_1509,Kaggle_19084,TRUE
dataworld_468,Kaggle_489037,FALSE
dataworld_1498,Kaggle_1870156,FALSE
dataworld_10,Kaggle_198555,TRUE
dataworld_63,Kaggle_96187,TRUE
dataworld_1289,Kaggle_260040,TRUE
dataworld_1387,Kaggle_1109980,FALSE
dataworld_511,Kaggle_464452,TRUE
dataworld_1621,Kaggle_4549,TRUE
dataworld_105,Kaggle_294733,FALSE
dataworld_56,Kaggle_201146,FALSE
dataworld_471,Kaggle_78575,TRUE
dataworld_1130,Kaggle_5213,FALSE
dataworld_1015,Kaggle_198352,TRUE
dataworld_1387,Kaggle_399262,FALSE
dataworld_1806,Kaggle_42838,FALSE
dataworld_1799,Kaggle_208818,FALSE
dataworld_39,Kaggle_177128,FALSE
dataworld_1806,Kaggle_532620,TRUE
dataworld_1255,Kaggle_353266,FALSE
dataworld_1387,Kaggle_8690,FALSE
dataworld_480,Kaggle_231006,FALSE
dataworld_1387,Kaggle_10213,FALSE
dataworld_1130,Kaggle_282129,FALSE
dataworld_1171,Kaggle_13804,TRUE
dataworld_1458,Kaggle_128502,TRUE
dataworld_666,Kaggle_124325,FALSE
dataworld_8,Kaggle_112320,FALSE
dataworld_1095,Kaggle_130671,FALSE
dataworld_1744,Kaggle_326126,FALSE
dataworld_482,Kaggle_983,TRUE
dataworld_1242,Kaggle_130967,FALSE
dataworld_637,Kaggle_163219,FALSE
dataworld_471,Kaggle_6119384,FALSE
dataworld_125,Kaggle_114792,FALSE
dataworld_1909,Kaggle_322334,FALSE
dataworld_1784,Kaggle_12132,FALSE
dataworld_211,Kaggle_60962,FALSE
dataworld_897,Kaggle_15824,TRUE
dataworld_1387,Kaggle_221588,FALSE
dataworld_1747,Kaggle_6193683,TRUE
dataworld_351,Kaggle_194309,TRUE
dataworld_1420,Kaggle_32106,FALSE
dataworld_426,Kaggle_106842,FALSE
dataworld_1387,Kaggle_3747700,FALSE
dataworld_357,Kaggle_378,TRUE
dataworld_1079,Kaggle_513658,FALSE
dataworld_1018,Kaggle_399645,TRUE
dataworld_1498,Kaggle_141849,FALSE
dataworld_23,Kaggle_177,TRUE
dataworld_990,Kaggle_141186,FALSE
dataworld_56,Kaggle_527855,FALSE
dataworld_1915,Kaggle_25466,FALSE
dataworld_812,Kaggle_149099,FALSE
dataworld_514,Kaggle_6532714,FALSE
dataworld_1044,Kaggle_176481,FALSE
dataworld_435,Kaggle_229737,FALSE
dataworld_982,Kaggle_131889,FALSE
dataworld_361,Kaggle_152236,TRUE
dataworld_1378,Kaggle_2058284,FALSE
dataworld_1387,Kaggle_352072,FALSE
dataworld_1488,Kaggle_209383,TRUE
dataworld_21,Kaggle_55620,FALSE
dataworld_278,Kaggle_32584,FALSE
dataworld_1201,Kaggle_93899,FALSE
dataworld_812,Kaggle_429500,FALSE
dataworld_666,Kaggle_253032,FALSE
dataworld_882,Kaggle_337275,FALSE
dataworld_278,Kaggle_405280,FALSE
dataworld_546,Kaggle_96705,TRUE
dataworld_1130,Kaggle_53731,FALSE
dataworld_416,Kaggle_113575,TRUE
dataworld_1477,Kaggle_539127,FALSE
dataworld_1756,Kaggle_319353,FALSE
dataworld_485,Kaggle_7020596,TRUE
dataworld_278,Kaggle_161165,FALSE
dataworld_224,Kaggle_171415,FALSE
dataworld_70,Kaggle_4550390,TRUE
dataworld_1784,Kaggle_333922,FALSE
dataworld_14,Kaggle_19673,FALSE
dataworld_1347,Kaggle_6242,TRUE
dataworld_1806,Kaggle_416570,FALSE
dataworld_1130,Kaggle_70323,FALSE
dataworld_992,Kaggle_231378,FALSE
dataworld_1906,Kaggle_98527,FALSE
dataworld_48,Kaggle_138,TRUE
dataworld_1387,Kaggle_807180,FALSE
dataworld_1051,Kaggle_160282,FALSE
dataworld_830,Kaggle_16708,FALSE
dataworld_471,Kaggle_2070593,TRUE
dataworld_950,Kaggle_175320,TRUE
dataworld_920,Kaggle_69540,TRUE
dataworld_1806,Kaggle_93895,FALSE
dataworld_293,Kaggle_126585,FALSE
dataworld_23,Kaggle_1482388,FALSE
dataworld_1498,Kaggle_4511016,FALSE
dataworld_42,Kaggle_118301,FALSE
dataworld_1245,Kaggle_257992,FALSE
dataworld_344,Kaggle_381,TRUE
dataworld_1255,Kaggle_243007,FALSE
dataworld_278,Kaggle_236531,FALSE
dataworld_1228,Kaggle_33378,FALSE
dataworld_1468,Kaggle_23878,TRUE
dataworld_278,Kaggle_202760,FALSE
dataworld_28,Kaggle_3255539,FALSE
dataworld_1387,Kaggle_4202116,FALSE
dataworld_1895,Kaggle_4841066,TRUE
dataworld_1559,Kaggle_4933694,TRUE
dataworld_625,Kaggle_6428216,TRUE
dataworld_409,Kaggle_454560,FALSE
dataworld_1139,Kaggle_1955,TRUE
dataworld_418,Kaggle_5069574,TRUE
dataworld_1242,Kaggle_109950,FALSE
dataworld_392,Kaggle_71646,TRUE
dataworld_211,Kaggle_5494639,FALSE
dataworld_252,Kaggle_24135,FALSE
dataworld_767,Kaggle_161962,FALSE
dataworld_1233,Kaggle_109578,TRUE
dataworld_1906,Kaggle_58238,FALSE
dataworld_1378,Kaggle_72158,TRUE
dataworld_1252,Kaggle_164962,FALSE
dataworld_1909,Kaggle_256388,FALSE
dataworld_1306,Kaggle_29556,FALSE
dataworld_394,Kaggle_4512494,FALSE
dataworld_1485,Kaggle_162397,FALSE
dataworld_1550,Kaggle_49645,TRUE
dataworld_211,Kaggle_676584,FALSE
dataworld_999,Kaggle_238020,TRUE
dataworld_296,Kaggle_30323,TRUE
dataworld_61,Kaggle_372269,FALSE
dataworld_1494,Kaggle_62566,FALSE
dataworld_1250,Kaggle_250020,FALSE
dataworld_1061,Kaggle_528901,TRUE
dataworld_1755,Kaggle_401439,FALSE
dataworld_1387,Kaggle_513184,FALSE
dataworld_1105,Kaggle_95342,FALSE
dataworld_1175,Kaggle_2111,TRUE
dataworld_1216,Kaggle_120817,TRUE
dataworld_1420,Kaggle_252045,FALSE
dataworld_1799,Kaggle_205559,FALSE
dataworld_388,Kaggle_10360,FALSE
dataworld_365,Kaggle_348470,TRUE
dataworld_105,Kaggle_239266,FALSE
dataworld_1387,Kaggle_461527,FALSE
dataworld_1387,Kaggle_7204,FALSE
dataworld_1494,Kaggle_169881,FALSE
dataworld_573,Kaggle_107337,FALSE
dataworld_775,Kaggle_10860,TRUE
dataworld_830,Kaggle_142712,FALSE
dataworld_1701,Kaggle_437686,FALSE
dataworld_1606,Kaggle_234729,FALSE
dataworld_1335,Kaggle_231224,TRUE
dataworld_738,Kaggle_425871,TRUE
dataworld_1051,Kaggle_74488,FALSE
dataworld_10,Kaggle_24055,FALSE
dataworld_1488,Kaggle_280064,FALSE
dataworld_1130,Kaggle_40574,FALSE
dataworld_1387,Kaggle_225316,FALSE
dataworld_1871,Kaggle_438496,FALSE
dataworld_1847,Kaggle_157043,FALSE
dataworld_1038,Kaggle_245070,FALSE
dataworld_1060,Kaggle_147905,FALSE
dataworld_54,Kaggle_273,TRUE
dataworld_1071,Kaggle_65398,TRUE
dataworld_256,Kaggle_531354,FALSE
dataworld_287,Kaggle_420,TRUE
dataworld_547,Kaggle_92204,FALSE
dataworld_1892,Kaggle_163002,FALSE
dataworld_211,Kaggle_1010940,FALSE
dataworld_1892,Kaggle_466650,FALSE
dataworld_1892,Kaggle_380132,FALSE
dataworld_289,Kaggle_171617,TRUE
dataworld_293,Kaggle_305557,FALSE
dataworld_812,Kaggle_1662,TRUE
dataworld_1799,Kaggle_5036442,FALSE
dataworld_1268,Kaggle_410273,FALSE
dataworld_536,Kaggle_4440,TRUE
dataworld_1536,Kaggle_115602,FALSE
dataworld_478,Kaggle_261347,TRUE
dataworld_1387,Kaggle_135190,FALSE
dataworld_68,Kaggle_351057,FALSE
dataworld_61,Kaggle_382027,FALSE
dataworld_1228,Kaggle_39879,FALSE
dataworld_992,Kaggle_489266,FALSE
dataworld_494,Kaggle_308875,FALSE
dataworld_23,Kaggle_365480,TRUE
dataworld_1240,Kaggle_3524177,TRUE
dataworld_348,Kaggle_365397,FALSE
dataworld_1420,Kaggle_8745,FALSE
dataworld_1015,Kaggle_778106,FALSE
dataworld_1381,Kaggle_7650,TRUE
dataworld_1336,Kaggle_199255,FALSE
dataworld_68,Kaggle_76294,FALSE
dataworld_474,Kaggle_336925,FALSE
dataworld_557,Kaggle_1178,FALSE
dataworld_417,Kaggle_412105,FALSE
dataworld_666,Kaggle_20675,FALSE
dataworld_1763,Kaggle_303652,FALSE
dataworld_1588,Kaggle_31440,TRUE
dataworld_615,Kaggle_163597,FALSE
dataworld_416,Kaggle_333765,FALSE
dataworld_61,Kaggle_166017,FALSE
dataworld_375,Kaggle_154835,TRUE
dataworld_621,Kaggle_3357,TRUE
dataworld_1474,Kaggle_1048607,TRUE
dataworld_1806,Kaggle_106194,FALSE
dataworld_1387,Kaggle_2196715,FALSE
dataworld_406,Kaggle_24722,TRUE
dataworld_1828,Kaggle_30856,FALSE
dataworld_1589,Kaggle_202592,FALSE
dataworld_812,Kaggle_1079739,FALSE
dataworld_1424,Kaggle_316740,FALSE
dataworld_1888,Kaggle_316316,TRUE
dataworld_1806,Kaggle_67070,FALSE
dataworld_255,Kaggle_878293,TRUE
dataworld_1892,Kaggle_110462,FALSE
dataworld_175,Kaggle_410588,TRUE
dataworld_1799,Kaggle_65247,FALSE
dataworld_211,Kaggle_172378,FALSE
dataworld_1130,Kaggle_69516,FALSE
dataworld_1387,Kaggle_214861,FALSE
dataworld_1909,Kaggle_981066,FALSE
dataworld_976,Kaggle_154476,FALSE
dataworld_433,Kaggle_507594,TRUE
dataworld_1387,Kaggle_646221,FALSE
dataworld_812,Kaggle_1084221,TRUE
dataworld_236,Kaggle_1016,TRUE
dataworld_812,Kaggle_33464,FALSE
dataworld_596,Kaggle_1991161,FALSE
dataworld_1488,Kaggle_292,TRUE
dataworld_1387,Kaggle_525009,FALSE
dataworld_1080,Kaggle_79419,TRUE
dataworld_1771,Kaggle_262188,FALSE
dataworld_1909,Kaggle_270625,TRUE
dataworld_1305,Kaggle_122231,TRUE
dataworld_1311,Kaggle_9510,TRUE
dataworld_1350,Kaggle_5519,TRUE
dataworld_631,Kaggle_6440853,TRUE
dataworld_534,Kaggle_1266,TRUE
dataworld_119,Kaggle_7909,FALSE
dataworld_200,Kaggle_44922,TRUE
dataworld_211,Kaggle_372238,FALSE
dataworld_56,Kaggle_431328,FALSE
dataworld_830,Kaggle_3908735,FALSE
dataworld_887,Kaggle_122077,FALSE
dataworld_466,Kaggle_124421,FALSE
dataworld_1293,Kaggle_70844,FALSE
dataworld_1680,Kaggle_1056,TRUE
dataworld_1670,Kaggle_361425,FALSE
dataworld_1909,Kaggle_93687,FALSE
dataworld_1576,Kaggle_64940,TRUE
dataworld_1795,Kaggle_3879200,FALSE
dataworld_518,Kaggle_354499,TRUE
dataworld_23,Kaggle_222087,FALSE
dataworld_480,Kaggle_58649,FALSE
dataworld_1209,Kaggle_229378,FALSE
dataworld_225,Kaggle_360459,TRUE
dataworld_211,Kaggle_113108,FALSE
dataworld_679,Kaggle_4829,TRUE
dataworld_119,Kaggle_321393,FALSE
dataworld_93,Kaggle_364439,FALSE
dataworld_859,Kaggle_230395,FALSE
dataworld_666,Kaggle_27070,FALSE
dataworld_282,Kaggle_32,TRUE
dataworld_1171,Kaggle_298546,TRUE
dataworld_1909,Kaggle_94908,FALSE
dataworld_772,Kaggle_203640,TRUE
dataworld_1387,Kaggle_354476,FALSE
dataworld_337,Kaggle_6084,TRUE
dataworld_1320,Kaggle_360233,TRUE
dataworld_404,Kaggle_141119,TRUE
dataworld_883,Kaggle_284349,TRUE
dataworld_106,Kaggle_53720,TRUE
dataworld_572,Kaggle_6301076,TRUE
dataworld_1498,Kaggle_465396,FALSE
dataworld_131,Kaggle_76781,TRUE
dataworld_960,Kaggle_130297,FALSE
dataworld_23,Kaggle_3214211,FALSE
dataworld_524,Kaggle_76,TRUE
dataworld_841,Kaggle_89953,TRUE
dataworld_471,Kaggle_5009,FALSE
dataworld_1873,Kaggle_12469,TRUE
dataworld_1614,Kaggle_219380,FALSE
dataworld_189,Kaggle_1870,TRUE
dataworld_1375,Kaggle_28151,TRUE
dataworld_1547,Kaggle_66707,TRUE
dataworld_666,Kaggle_1512962,FALSE
dataworld_119,Kaggle_202661,FALSE
dataworld_1221,Kaggle_77122,TRUE
dataworld_410,Kaggle_3137,TRUE
dataworld_737,Kaggle_450624,FALSE
dataworld_802,Kaggle_180663,TRUE
dataworld_1768,Kaggle_474387,FALSE
dataworld_1130,Kaggle_177581,FALSE
dataworld_1306,Kaggle_325244,FALSE
dataworld_1414,Kaggle_82352,FALSE
dataworld_94,Kaggle_134,TRUE
dataworld_627,Kaggle_279981,FALSE
dataworld_1078,Kaggle_121992,FALSE
dataworld_1255,Kaggle_160292,FALSE
dataworld_61,Kaggle_65466,FALSE
dataworld_873,Kaggle_32544,TRUE
dataworld_447,Kaggle_65051,TRUE
dataworld_1304,Kaggle_70024,FALSE
dataworld_772,Kaggle_113617,TRUE
dataworld_573,Kaggle_100234,FALSE
dataworld_1350,Kaggle_503512,FALSE
dataworld_1049,Kaggle_147757,TRUE
dataworld_1420,Kaggle_129600,FALSE
dataworld_291,Kaggle_90,TRUE
dataworld_157,Kaggle_4376219,TRUE
dataworld_1130,Kaggle_89241,FALSE
dataworld_52,Kaggle_37,TRUE
dataworld_1488,Kaggle_507176,FALSE
dataworld_421,Kaggle_25783,FALSE
dataworld_1494,Kaggle_447731,FALSE
dataworld_466,Kaggle_18864,TRUE
dataworld_1387,Kaggle_3028405,FALSE
dataworld_1270,Kaggle_7037577,TRUE
dataworld_68,Kaggle_41,TRUE
dataworld_1078,Kaggle_151007,TRUE
dataworld_1348,Kaggle_11889,TRUE
dataworld_738,Kaggle_466333,FALSE
dataworld_61,Kaggle_434512,FALSE
dataworld_1498,Kaggle_149565,FALSE
dataworld_1892,Kaggle_527122,FALSE
dataworld_200,Kaggle_57,TRUE
dataworld_23,Kaggle_360418,FALSE
dataworld_625,Kaggle_71154,TRUE
dataworld_666,Kaggle_5925741,FALSE
dataworld_216,Kaggle_84388,TRUE
dataworld_471,Kaggle_4906816,TRUE
dataworld_76,Kaggle_276530,FALSE
dataworld_1498,Kaggle_6677112,FALSE
dataworld_259,Kaggle_16870,FALSE
dataworld_128,Kaggle_162810,FALSE
dataworld_442,Kaggle_55880,FALSE
dataworld_838,Kaggle_247066,FALSE
dataworld_221,Kaggle_197821,FALSE
dataworld_61,Kaggle_200540,FALSE
dataworld_873,Kaggle_409318,FALSE
dataworld_121,Kaggle_425111,FALSE
dataworld_1168,Kaggle_385343,TRUE
dataworld_1615,Kaggle_5198824,FALSE
dataworld_1130,Kaggle_2052713,FALSE
dataworld_1909,Kaggle_7053815,FALSE
dataworld_918,Kaggle_8872,TRUE
dataworld_1498,Kaggle_546419,FALSE
dataworld_119,Kaggle_114663,FALSE
dataworld_1871,Kaggle_231643,FALSE
dataworld_1282,Kaggle_122872,FALSE
dataworld_1387,Kaggle_390119,FALSE
dataworld_130,Kaggle_43639,FALSE
dataworld_1387,Kaggle_285520,FALSE
dataworld_1534,Kaggle_1947,TRUE
dataworld_676,Kaggle_117358,FALSE
dataworld_950,Kaggle_38963,TRUE
dataworld_105,Kaggle_27917,FALSE
dataworld_646,Kaggle_266563,FALSE
dataworld_1747,Kaggle_10108,TRUE
dataworld_868,Kaggle_204304,FALSE
dataworld_615,Kaggle_76066,FALSE
dataworld_211,Kaggle_140546,FALSE
dataworld_1400,Kaggle_4771318,TRUE
dataworld_992,Kaggle_172544,FALSE
dataworld_1387,Kaggle_272481,FALSE
dataworld_1387,Kaggle_41132,FALSE
dataworld_211,Kaggle_326367,FALSE
dataworld_573,Kaggle_143554,FALSE
dataworld_278,Kaggle_7690,FALSE
dataworld_30,Kaggle_482,TRUE
dataworld_1380,Kaggle_5087,TRUE
dataworld_1146,Kaggle_44091,TRUE
dataworld_1037,Kaggle_7039773,TRUE
dataworld_256,Kaggle_463825,FALSE
dataworld_1877,Kaggle_145828,FALSE
dataworld_1387,Kaggle_114890,FALSE
dataworld_271,Kaggle_25497,TRUE
dataworld_40,Kaggle_5078268,TRUE
dataworld_1488,Kaggle_168173,TRUE
dataworld_14,Kaggle_10775,TRUE
dataworld_491,Kaggle_309,TRUE
dataworld_303,Kaggle_625,TRUE
dataworld_1161,Kaggle_784,TRUE
dataworld_1234,Kaggle_5703,TRUE
dataworld_278,Kaggle_1966,TRUE
dataworld_1144,Kaggle_221223,TRUE
dataworld_162,Kaggle_384320,FALSE
dataworld_1079,Kaggle_340741,FALSE
dataworld_748,Kaggle_10364,TRUE
dataworld_1142,Kaggle_320840,FALSE
dataworld_1421,Kaggle_26835,TRUE
dataworld_1613,Kaggle_275424,TRUE
dataworld_221,Kaggle_780766,TRUE
dataworld_1003,Kaggle_1789303,TRUE
dataworld_584,Kaggle_2442540,TRUE
dataworld_1910,Kaggle_292957,FALSE
dataworld_1314,Kaggle_610377,FALSE
dataworld_1498,Kaggle_1348,FALSE
dataworld_25,Kaggle_60878,FALSE
dataworld_1130,Kaggle_151349,FALSE
dataworld_605,Kaggle_185812,TRUE
dataworld_261,Kaggle_259246,FALSE
dataworld_471,Kaggle_914303,FALSE
dataworld_1387,Kaggle_11277,FALSE
dataworld_1488,Kaggle_39037,FALSE
dataworld_1130,Kaggle_5185878,FALSE
dataworld_1387,Kaggle_328226,FALSE
dataworld_810,Kaggle_108441,TRUE
dataworld_1130,Kaggle_3255539,FALSE
dataworld_1130,Kaggle_5220445,TRUE
dataworld_86,Kaggle_121177,FALSE
dataworld_56,Kaggle_247596,TRUE
dataworld_1387,Kaggle_7720,FALSE
dataworld_1042,Kaggle_269130,FALSE
dataworld_1290,Kaggle_295407,FALSE
dataworld_1730,Kaggle_3065320,TRUE
dataworld_860,Kaggle_11830,TRUE
dataworld_1382,Kaggle_150400,TRUE
dataworld_528,Kaggle_466747,FALSE
dataworld_1654,Kaggle_84741,FALSE
dataworld_1498,Kaggle_1600217,FALSE
dataworld_404,Kaggle_5758459,TRUE
dataworld_1255,Kaggle_222317,FALSE
dataworld_1906,Kaggle_88758,FALSE
dataworld_1388,Kaggle_123466,FALSE
dataworld_1910,Kaggle_22144,TRUE
dataworld_939,Kaggle_129716,FALSE
dataworld_992,Kaggle_630846,FALSE
dataworld_666,Kaggle_19690,FALSE
dataworld_1069,Kaggle_299797,FALSE
dataworld_1775,Kaggle_115712,FALSE
dataworld_1498,Kaggle_108505,FALSE
dataworld_1771,Kaggle_50277,FALSE
dataworld_881,Kaggle_117130,FALSE
dataworld_29,Kaggle_33888,TRUE
dataworld_1269,Kaggle_341510,TRUE
dataworld_108,Kaggle_242807,TRUE
dataworld_293,Kaggle_313590,FALSE
dataworld_646,Kaggle_473299,FALSE
dataworld_1498,Kaggle_54044,FALSE
dataworld_197,Kaggle_4945,TRUE
dataworld_1579,Kaggle_7574,TRUE
dataworld_1892,Kaggle_18487,TRUE
dataworld_1095,Kaggle_42677,FALSE
dataworld_1269,Kaggle_449303,FALSE
dataworld_423,Kaggle_133111,FALSE
dataworld_61,Kaggle_32528,FALSE
dataworld_365,Kaggle_4263,TRUE
dataworld_1306,Kaggle_483424,FALSE
dataworld_1105,Kaggle_66035,TRUE
dataworld_141,Kaggle_43,TRUE
dataworld_573,Kaggle_338721,FALSE
dataworld_704,Kaggle_335940,TRUE
dataworld_964,Kaggle_22565,TRUE
dataworld_10,Kaggle_186337,FALSE
dataworld_927,Kaggle_52909,FALSE
dataworld_106,Kaggle_65753,FALSE
dataworld_666,Kaggle_4032952,TRUE
dataworld_1130,Kaggle_249316,FALSE
dataworld_1130,Kaggle_375897,FALSE
dataworld_1101,Kaggle_323213,FALSE
dataworld_1407,Kaggle_19863,FALSE
dataworld_1666,Kaggle_6906,TRUE
dataworld_1387,Kaggle_227917,FALSE
dataworld_1622,Kaggle_81719,TRUE
dataworld_1144,Kaggle_52098,TRUE
dataworld_105,Kaggle_46932,TRUE
dataworld_1792,Kaggle_19305,TRUE
dataworld_1255,Kaggle_127177,FALSE
dataworld_111,Kaggle_158925,TRUE
dataworld_1255,Kaggle_180206,FALSE
dataworld_480,Kaggle_6999611,FALSE
dataworld_665,Kaggle_4840847,TRUE
dataworld_389,Kaggle_179292,FALSE
dataworld_1387,Kaggle_4870045,FALSE
dataworld_480,Kaggle_39054,TRUE
dataworld_1771,Kaggle_390233,FALSE
dataworld_1027,Kaggle_2878,TRUE
dataworld_744,Kaggle_1370,TRUE
dataworld_1387,Kaggle_149900,FALSE
dataworld_63,Kaggle_68253,TRUE
dataworld_1409,Kaggle_26403,TRUE
dataworld_1771,Kaggle_138229,FALSE
dataworld_1799,Kaggle_226571,FALSE
dataworld_238,Kaggle_75792,TRUE
dataworld_602,Kaggle_14166,TRUE
dataworld_416,Kaggle_544930,FALSE
dataworld_1892,Kaggle_199798,TRUE
dataworld_666,Kaggle_228533,FALSE
dataworld_480,Kaggle_60893,FALSE
dataworld_1189,Kaggle_144654,FALSE
dataworld_1318,Kaggle_486416,FALSE
dataworld_767,Kaggle_247573,TRUE
dataworld_868,Kaggle_507176,FALSE
dataworld_924,Kaggle_11069,TRUE
dataworld_1387,Kaggle_475737,FALSE
dataworld_1922,Kaggle_453291,TRUE
dataworld_578,Kaggle_2764,TRUE
dataworld_873,Kaggle_59171,TRUE
dataworld_401,Kaggle_941,TRUE
dataworld_1388,Kaggle_615388,FALSE
dataworld_1727,Kaggle_17065,TRUE
dataworld_1387,Kaggle_406168,FALSE
dataworld_1611,Kaggle_62965,TRUE
dataworld_1628,Kaggle_366094,FALSE
dataworld_560,Kaggle_4752,TRUE
dataworld_14,Kaggle_37889,FALSE
dataworld_1002,Kaggle_1488,TRUE
dataworld_535,Kaggle_215149,FALSE
dataworld_1387,Kaggle_1914747,FALSE
dataworld_1659,Kaggle_37915,TRUE
dataworld_140,Kaggle_400676,TRUE
dataworld_553,Kaggle_816512,TRUE
dataworld_1365,Kaggle_34780,TRUE
dataworld_146,Kaggle_46303,TRUE
dataworld_1732,Kaggle_60687,TRUE
dataworld_1369,Kaggle_1180185,FALSE
dataworld_1387,Kaggle_290564,FALSE
dataworld_1488,Kaggle_176025,FALSE
dataworld_434,Kaggle_586,TRUE
dataworld_1771,Kaggle_427584,FALSE
dataworld_40,Kaggle_232972,FALSE
dataworld_1035,Kaggle_120263,TRUE
dataworld_235,Kaggle_5492,FALSE
dataworld_1387,Kaggle_339417,FALSE
dataworld_301,Kaggle_94360,TRUE
dataworld_1775,Kaggle_485694,FALSE
dataworld_1387,Kaggle_80469,FALSE
dataworld_1924,Kaggle_499734,FALSE
dataworld_1130,Kaggle_272102,FALSE
dataworld_557,Kaggle_210576,TRUE
dataworld_1306,Kaggle_118898,FALSE
dataworld_679,Kaggle_260936,FALSE
dataworld_1909,Kaggle_373533,FALSE
dataworld_537,Kaggle_119715,FALSE
dataworld_703,Kaggle_255305,TRUE
dataworld_1791,Kaggle_18571,TRUE
dataworld_440,Kaggle_87183,FALSE
dataworld_1838,Kaggle_1283876,FALSE
dataworld_10,Kaggle_86578,FALSE
dataworld_526,Kaggle_313590,FALSE
dataworld_211,Kaggle_329477,FALSE
dataworld_772,Kaggle_189812,FALSE
dataworld_1027,Kaggle_97310,TRUE
dataworld_1239,Kaggle_904,TRUE
dataworld_646,Kaggle_110380,TRUE
dataworld_1130,Kaggle_116650,FALSE
dataworld_1003,Kaggle_274017,TRUE
dataworld_243,Kaggle_119604,TRUE
dataworld_1105,Kaggle_66292,FALSE
dataworld_404,Kaggle_33607,TRUE
dataworld_1387,Kaggle_254759,FALSE
dataworld_762,Kaggle_14,TRUE
dataworld_1111,Kaggle_158609,FALSE
dataworld_1137,Kaggle_1276,TRUE
dataworld_1821,Kaggle_395596,FALSE
dataworld_1681,Kaggle_304285,FALSE
dataworld_1119,Kaggle_4345,TRUE
dataworld_1847,Kaggle_185038,TRUE
dataworld_63,Kaggle_1209678,FALSE
dataworld_833,Kaggle_118006,TRUE
dataworld_23,Kaggle_5917576,FALSE
dataworld_1777,Kaggle_41737,TRUE
dataworld_881,Kaggle_236536,FALSE
dataworld_666,Kaggle_4072,FALSE
dataworld_280,Kaggle_96644,FALSE
dataworld_147,Kaggle_26414,TRUE
dataworld_610,Kaggle_70780,TRUE
dataworld_83,Kaggle_88589,TRUE
dataworld_61,Kaggle_60154,FALSE
dataworld_10,Kaggle_131413,FALSE
dataworld_61,Kaggle_259923,FALSE
dataworld_1237,Kaggle_1436,TRUE
dataworld_239,Kaggle_269739,TRUE
dataworld_1024,Kaggle_3169,TRUE
dataworld_424,Kaggle_28971,FALSE
dataworld_471,Kaggle_139557,FALSE
dataworld_1130,Kaggle_1012786,FALSE
dataworld_738,Kaggle_199234,FALSE
dataworld_60,Kaggle_818544,TRUE
dataworld_278,Kaggle_317448,FALSE
dataworld_1387,Kaggle_363182,FALSE
