"dbpedia_4278","Kaggle_880302","1.0"
"dbpedia_4093","Kaggle_14895","1.0"
"dbpedia_4571","Kaggle_86867","0.9272434365769765"
"dbpedia_1421","Kaggle_1759","1.0"
"dbpedia_1450","Kaggle_310441","1.0"
"dbpedia_1798","Kaggle_233220","1.0"
"dbpedia_2706","Kaggle_68482","1.0"
"dbpedia_3599","Kaggle_508","1.0"
"dbpedia_3269","Kaggle_45331","0.9782437500000001"
"dbpedia_1941","Kaggle_7969","1.0"
"dbpedia_1050","Kaggle_15055","1.0"
"dbpedia_1669","Kaggle_31439","0.9656469333765251"
"dbpedia_793","Kaggle_1966","0.8936317381592274"
"dbpedia_3979","Kaggle_19233","1.0"
"dbpedia_1089","Kaggle_14918","1.0"
"dbpedia_248","Kaggle_423072","1.0"
"dbpedia_3445","Kaggle_368","1.0"
"dbpedia_3354","Kaggle_332889","1.0"
"dbpedia_206","Kaggle_325753","1.0"
"dbpedia_1076","Kaggle_7224","1.0"
"dbpedia_2715","Kaggle_2547","0.967420133671425"
"dbpedia_987","Kaggle_89105","1.0"
"dbpedia_4667","Kaggle_42444","1.0"
"dbpedia_4424","Kaggle_93210","0.9814814814814815"
"dbpedia_4697","Kaggle_194164","0.8798140914351852"
"dbpedia_3671","Kaggle_30244","1.0"
"dbpedia_4712","Kaggle_302457","1.0"
"dbpedia_671","Kaggle_85101","1.0"
"dbpedia_1603","Kaggle_229688","0.90087890625"
"dbpedia_3793","Kaggle_387057","1.0"
"dbpedia_3034","Kaggle_276539","1.0"
"dbpedia_1356","Kaggle_46436","1.0"
"dbpedia_1540","Kaggle_518711","0.9814814814814815"
"dbpedia_1746","Kaggle_49996","1.0"
"dbpedia_2978","Kaggle_35999","1.0"
"dbpedia_302","Kaggle_279758","1.0"
"dbpedia_2624","Kaggle_21502","1.0"
"dbpedia_3868","Kaggle_49429","1.0"
"dbpedia_2365","Kaggle_394133","1.0"
"dbpedia_3512","Kaggle_436057","1.0"
"dbpedia_3297","Kaggle_76162","1.0"
"dbpedia_4751","Kaggle_28843","1.0"
"dbpedia_1585","Kaggle_4345","0.99609375"
"dbpedia_3000","Kaggle_209105","1.0"
"dbpedia_3583","Kaggle_360091","1.0"
"dbpedia_3875","Kaggle_151257","1.0"
"dbpedia_1325","Kaggle_119044","1.0"
"dbpedia_2299","Kaggle_3316","1.0"
"dbpedia_3006","Kaggle_145661","1.0"
"dbpedia_2714","Kaggle_131","1.0"
"dbpedia_1195","Kaggle_525811","1.0"
"dbpedia_2031","Kaggle_9516","1.0"
"dbpedia_1793","Kaggle_2689314","1.0"
"dbpedia_3886","Kaggle_4440","1.0"
"dbpedia_29","Kaggle_6415967","1.0"
"dbpedia_3877","Kaggle_113307","1.0"
"dbpedia_4322","Kaggle_149468","1.0"
"dbpedia_4523","Kaggle_399825","0.8812500000000001"
"dbpedia_1315","Kaggle_1067","1.0"
"dbpedia_3566","Kaggle_577143","1.0"
"dbpedia_1691","Kaggle_52416","1.0"
"dbpedia_1238","Kaggle_2125","1.0"
"dbpedia_4788","Kaggle_3825058","1.0"
"dbpedia_3946","Kaggle_582528","1.0"
"dbpedia_4057","Kaggle_66196","1.0"
"dbpedia_2721","Kaggle_4328213","0.9636314814814816"
"dbpedia_2419","Kaggle_23541","0.9064814814814816"
"dbpedia_697","Kaggle_202416","0.9083333333333332"
"dbpedia_199","Kaggle_161892","1.0"
"dbpedia_561","Kaggle_50492","0.9556479584955916"
"dbpedia_2068","Kaggle_1","1.0"
"dbpedia_4224","Kaggle_6333","0.9109375"
"dbpedia_1547","Kaggle_301886","0.9148499999999999"
"dbpedia_1105","Kaggle_101439","1.0"
"dbpedia_1552","Kaggle_20670","1.0"
"dbpedia_2184","Kaggle_190462","1.0"
"dbpedia_260","Kaggle_244610","1.0"
"dbpedia_3554","Kaggle_87712","1.0"
"dbpedia_3462","Kaggle_155064","0.9556479584955916"
"dbpedia_152","Kaggle_5238","1.0"
"dbpedia_3982","Kaggle_18537","0.970249800227665"
"dbpedia_3598","Kaggle_94298","1.0"
"dbpedia_198","Kaggle_92478","1.0"
"dbpedia_3052","Kaggle_8947","1.0"
"dbpedia_844","Kaggle_136750","0.9304164770141101"
"dbpedia_226","Kaggle_5410295","1.0"
"dbpedia_2557","Kaggle_189398","1.0"
"dbpedia_1853","Kaggle_371347","0.8831018518518519"
"dbpedia_619","Kaggle_134426","1.0"
"dbpedia_1168","Kaggle_27096","1.0"
"dbpedia_2957","Kaggle_22973","1.0"
"dbpedia_3906","Kaggle_51685","1.0"
"dbpedia_257","Kaggle_5794360","0.8812500000000001"
"dbpedia_88","Kaggle_105625","1.0"
"dbpedia_2079","Kaggle_37359","1.0"
"dbpedia_4829","Kaggle_9217","1.0"
"dbpedia_1690","Kaggle_8217","0.8772944306750254"
"dbpedia_1270","Kaggle_212940","1.0"
"dbpedia_3561","Kaggle_31280","1.0"
"dbpedia_496","Kaggle_2365","0.9200259044409768"
"dbpedia_2672","Kaggle_62040","1.0"
"dbpedia_2263","Kaggle_45032","0.8845970163678926"
"dbpedia_2823","Kaggle_17155","1.0"
"dbpedia_2671","Kaggle_423","1.0"
"dbpedia_1958","Kaggle_6329","0.9391995919442085"
"dbpedia_586","Kaggle_192328","0.9706791377314815"
"dbpedia_4062","Kaggle_60901","0.938377700617284"
"dbpedia_2906","Kaggle_11615","0.9612394031634046"
"dbpedia_503","Kaggle_5877","1.0"
"dbpedia_2122","Kaggle_2615","1.0"
"dbpedia_4573","Kaggle_18633","1.0"
"dbpedia_631","Kaggle_346259","0.9904269253899984"
"dbpedia_3012","Kaggle_32591","0.9335648148148147"
"dbpedia_949","Kaggle_409607","1.0"
"dbpedia_2907","Kaggle_804","1.0"
"dbpedia_1622","Kaggle_4365","1.0"
"dbpedia_1528","Kaggle_3240","1.0"
"dbpedia_295","Kaggle_2878","1.0"
"dbpedia_3698","Kaggle_19226","1.0"
"dbpedia_3492","Kaggle_24474","0.9848620687461835"
"dbpedia_1558","Kaggle_453722","1.0"
"dbpedia_3243","Kaggle_73714","1.0"
"dbpedia_4790","Kaggle_300146","0.9182247677809808"
"dbpedia_1268","Kaggle_41196","1.0"
"dbpedia_3279","Kaggle_5000066","0.9178206997084548"
"dbpedia_2654","Kaggle_15007","1.0"
"dbpedia_3558","Kaggle_30072","0.90087890625"
"dbpedia_3246","Kaggle_74060","0.9708000000000001"
"dbpedia_580","Kaggle_14125","1.0"
"dbpedia_1057","Kaggle_18898","1.0"
"dbpedia_3751","Kaggle_407984","0.9"
"dbpedia_2548","Kaggle_71786","1.0"
"dbpedia_2302","Kaggle_66184","1.0"
"dbpedia_1079","Kaggle_29276","1.0"
"dbpedia_2091","Kaggle_49100","0.99609375"
"dbpedia_3564","Kaggle_16547","1.0"
"dbpedia_4700","Kaggle_5609339","1.0"
"dbpedia_149","Kaggle_266505","1.0"
"dbpedia_2994","Kaggle_284826","1.0"
"dbpedia_2789","Kaggle_3119105","0.8812500000000001"
"dbpedia_1054","Kaggle_131700","0.9814814814814815"
"dbpedia_2785","Kaggle_4785","0.8987427113702624"
"dbpedia_109","Kaggle_14059","0.9708000000000001"
"dbpedia_1831","Kaggle_13458","1.0"
"dbpedia_1588","Kaggle_5508","1.0"
"dbpedia_3571","Kaggle_74705","0.970249800227665"
"dbpedia_225","Kaggle_10629","1.0"
"dbpedia_1144","Kaggle_20066","1.0"
"dbpedia_4736","Kaggle_5565","0.9206235912847482"
"dbpedia_3536","Kaggle_2433606","0.8804687499999999"
"dbpedia_673","Kaggle_113707","0.9064814814814816"
"dbpedia_3175","Kaggle_3303293","0.8881104432757325"
"dbpedia_1546","Kaggle_3009","1.0"
"dbpedia_3470","Kaggle_256","1.0"
"dbpedia_1471","Kaggle_6852710","1.0"
"dbpedia_1582","Kaggle_281702","0.8921282798833818"
"dbpedia_111","Kaggle_490706","0.8921282798833818"
"dbpedia_6","Kaggle_36184","1.0"
"dbpedia_613","Kaggle_2239","1.0"
"dbpedia_2464","Kaggle_14312","1.0"
"dbpedia_2297","Kaggle_257","1.0"
"dbpedia_3016","Kaggle_492399","0.98056686342357"
"dbpedia_287","Kaggle_104967","1.0"
"dbpedia_4746","Kaggle_69113","1.0"
"dbpedia_1880","Kaggle_336837","1.0"
"dbpedia_1581","Kaggle_21955","0.98560791015625"
"dbpedia_2713","Kaggle_3845","1.0"
"dbpedia_3102","Kaggle_100","0.9155786814814814"
"dbpedia_1757","Kaggle_55573","1.0"
"dbpedia_4045","Kaggle_132439","0.9744465196793002"
"dbpedia_4009","Kaggle_165414","1.0"
"dbpedia_2579","Kaggle_1161","0.9335648148148147"
"dbpedia_4454","Kaggle_7328","0.9479166666666667"
"dbpedia_217","Kaggle_30237","0.9206235912847482"
"dbpedia_1007","Kaggle_5886240","0.8812500000000001"
"dbpedia_321","Kaggle_4582728","0.8896604938271604"
"dbpedia_1557","Kaggle_586","1.0"
"dbpedia_607","Kaggle_20724","1.0"
"dbpedia_4433","Kaggle_157112","1.0"
"dbpedia_323","Kaggle_162137","1.0"
"dbpedia_652","Kaggle_17165","0.8804687499999999"
"dbpedia_3020","Kaggle_185849","1.0"
"dbpedia_3560","Kaggle_9279","0.9148499999999999"
"dbpedia_3755","Kaggle_459422","0.8752315816567883"
"dbpedia_2951","Kaggle_61760","1.0"
"dbpedia_1113","Kaggle_24307","1.0"
"dbpedia_1598","Kaggle_16280","1.0"
"dbpedia_1917","Kaggle_2919512","0.9015487915039062"
"dbpedia_2098","Kaggle_20439","1.0"
"dbpedia_1458","Kaggle_38468","1.0"
"dbpedia_1543","Kaggle_7264","1.0"
"dbpedia_4639","Kaggle_12610","1.0"
"dbpedia_629","Kaggle_29237","1.0"
"dbpedia_1239","Kaggle_5904","1.0"
"dbpedia_2980","Kaggle_89063","0.9608179372330486"
"dbpedia_2504","Kaggle_55946","0.9951644497084549"
"dbpedia_1395","Kaggle_3644","1.0"
"dbpedia_4099","Kaggle_7882","1.0"
"dbpedia_2955","Kaggle_38520","0.8948314063500015"
"dbpedia_4206","Kaggle_8109","1.0"
"dbpedia_4488","Kaggle_25885","0.8965740474385785"
"dbpedia_2571","Kaggle_8098","1.0"
"dbpedia_44","Kaggle_4357","1.0"
"dbpedia_816","Kaggle_334798","0.9317314814814815"
"dbpedia_3779","Kaggle_112284","0.8765487670898438"
"dbpedia_3674","Kaggle_33005","0.965625"
"dbpedia_4644","Kaggle_44823","1.0"
"dbpedia_314","Kaggle_10669","1.0"
"dbpedia_2099","Kaggle_58459","1.0"
"dbpedia_2531","Kaggle_557","1.0"
"dbpedia_1878","Kaggle_1448201","1.0"
"dbpedia_1544","Kaggle_46647","1.0"
"dbpedia_4702","Kaggle_221046","0.9814814814814815"
"dbpedia_4219","Kaggle_3783429","1.0"
"dbpedia_800","Kaggle_42589","1.0"
"dbpedia_3182","Kaggle_8101","1.0"
"dbpedia_4292","Kaggle_122132","1.0"
"dbpedia_672","Kaggle_6713","1.0"
"dbpedia_4114","Kaggle_142","0.9057002314814814"
"dbpedia_1016","Kaggle_674219","1.0"
"dbpedia_2441","Kaggle_24059","1.0"
"dbpedia_3809","Kaggle_20263","1.0"
"dbpedia_150","Kaggle_381975","1.0"
"dbpedia_1093","Kaggle_1305","1.0"
"dbpedia_950","Kaggle_223891","1.0"
"dbpedia_3746","Kaggle_78697","0.9083333333333332"
"dbpedia_853","Kaggle_4491","1.0"
"dbpedia_3802","Kaggle_257120","0.9305002314814815"
"dbpedia_2348","Kaggle_30250","1.0"
"dbpedia_1708","Kaggle_44945","0.9391995919442085"
"dbpedia_495","Kaggle_5659","0.9346381729594953"
"dbpedia_2134","Kaggle_3999","1.0"
"dbpedia_4538","Kaggle_5768444","0.8881104432757325"
"dbpedia_355","Kaggle_152783","1.0"
"dbpedia_1466","Kaggle_632","1.0"
"dbpedia_3833","Kaggle_21299","1.0"
"dbpedia_2180","Kaggle_4712","1.0"
"dbpedia_3385","Kaggle_4619718","1.0"
"dbpedia_4412","Kaggle_7474","1.0"
"dbpedia_213","Kaggle_69348","1.0"
"dbpedia_3123","Kaggle_17445","1.0"
"dbpedia_520","Kaggle_44805","1.0"
"dbpedia_4459","Kaggle_14280","1.0"
"dbpedia_1295","Kaggle_32386","0.8862666666666668"
"dbpedia_1775","Kaggle_13192","1.0"
"dbpedia_552","Kaggle_5990","0.9700827890150499"
"dbpedia_3193","Kaggle_1328","1.0"
"dbpedia_3763","Kaggle_849","1.0"
"dbpedia_3388","Kaggle_336599","1.0"
"dbpedia_1409","Kaggle_191","1.0"
"dbpedia_2266","Kaggle_33688","1.0"
"dbpedia_3338","Kaggle_168595","1.0"
"dbpedia_970","Kaggle_145536","1.0"
"dbpedia_555","Kaggle_24261","0.943402516904583"
"dbpedia_3765","Kaggle_2192602","1.0"
"dbpedia_2746","Kaggle_231570","1.0"
"dbpedia_4000","Kaggle_30939","0.9510127314814815"
"dbpedia_2870","Kaggle_39659","0.8750534722222223"
"dbpedia_1347","Kaggle_4743","1.0"
"dbpedia_3744","Kaggle_104724","0.8798140914351852"
"dbpedia_17","Kaggle_6928003","1.0"
"dbpedia_4060","Kaggle_1444","1.0"
"dbpedia_716","Kaggle_26820","0.8812500000000001"
"dbpedia_491","Kaggle_8028","1.0"
"dbpedia_1423","Kaggle_132206","0.9375727900752314"
"dbpedia_3233","Kaggle_47546","1.0"
"dbpedia_484","Kaggle_43491","1.0"
"dbpedia_3211","Kaggle_34061","1.0"
"dbpedia_1222","Kaggle_68427","1.0"
"dbpedia_1397","Kaggle_323900","0.9359357154598504"
"dbpedia_1562","Kaggle_8005","0.9439146568714801"
"dbpedia_4535","Kaggle_454726","0.9178206997084548"
"dbpedia_2552","Kaggle_226399","0.9598342511607817"
"dbpedia_4288","Kaggle_10249","1.0"
"dbpedia_3027","Kaggle_7048","1.0"
"dbpedia_2166","Kaggle_109980","1.0"
"dbpedia_1256","Kaggle_42580","1.0"
"dbpedia_3948","Kaggle_118867","1.0"
"dbpedia_4222","Kaggle_193321","0.9046296296296296"
"dbpedia_2244","Kaggle_1270489","1.0"
"dbpedia_4226","Kaggle_453937","1.0"
"dbpedia_3139","Kaggle_38051","1.0"
"dbpedia_4594","Kaggle_27169","1.0"
"dbpedia_1572","Kaggle_35372","1.0"
"dbpedia_4776","Kaggle_338235","1.0"
"dbpedia_4740","Kaggle_14799","0.9207275948788295"
"dbpedia_83","Kaggle_26369","1.0"
"dbpedia_2130","Kaggle_48363","0.8995587764699334"
"dbpedia_4159","Kaggle_503595","1.0"
"dbpedia_668","Kaggle_24537","1.0"
"dbpedia_4333","Kaggle_2811","0.9375727900752314"
"dbpedia_2259","Kaggle_4372","1.0"
"dbpedia_471","Kaggle_45591","1.0"
"dbpedia_2754","Kaggle_31","0.8944179518124334"
"dbpedia_2541","Kaggle_3953709","1.0"
"dbpedia_2629","Kaggle_3927281","1.0"
"dbpedia_2","Kaggle_201010","0.9402444444444444"
"dbpedia_1167","Kaggle_91139","0.9065000000000001"
"dbpedia_4241","Kaggle_33445","0.8814814814814814"
"dbpedia_2517","Kaggle_5175449","0.8945473251028806"
"dbpedia_3428","Kaggle_289309","1.0"
"dbpedia_660","Kaggle_11081","1.0"
"dbpedia_3830","Kaggle_10925","1.0"
"dbpedia_1624","Kaggle_203504","1.0"
"dbpedia_2383","Kaggle_20512","0.9928874999999999"
"dbpedia_3179","Kaggle_12209","1.0"
"dbpedia_1068","Kaggle_91253","1.0"
"dbpedia_653","Kaggle_24354","1.0"
"dbpedia_578","Kaggle_12322","0.9153486867614086"
"dbpedia_4315","Kaggle_121529","1.0"
"dbpedia_3131","Kaggle_1776","1.0"
"dbpedia_3376","Kaggle_9867","0.8828993055555556"
"dbpedia_304","Kaggle_99220","1.0"
"dbpedia_508","Kaggle_22134","0.9421252071558195"
"dbpedia_3431","Kaggle_347762","0.9375727900752314"
"dbpedia_415","Kaggle_137827","1.0"
"dbpedia_2209","Kaggle_38001","0.95625"
"dbpedia_1100","Kaggle_5189611","1.0"
"dbpedia_4331","Kaggle_334428","1.0"
"dbpedia_4627","Kaggle_55340","1.0"
"dbpedia_1950","Kaggle_306301","0.9418004918981481"
"dbpedia_808","Kaggle_65022","1.0"
"dbpedia_1617","Kaggle_4829","1.0"
"dbpedia_2815","Kaggle_15544","1.0"
"dbpedia_706","Kaggle_14941","1.0"
"dbpedia_477","Kaggle_23673","1.0"
"dbpedia_1333","Kaggle_75060","1.0"
"dbpedia_3549","Kaggle_29433","1.0"
"dbpedia_2694","Kaggle_67194","1.0"
"dbpedia_2125","Kaggle_438522","1.0"
"dbpedia_3900","Kaggle_474","1.0"
"dbpedia_4653","Kaggle_17428","0.9479862562299871"
"dbpedia_3369","Kaggle_5171","0.9676708441818032"
"dbpedia_3460","Kaggle_42174","1.0"
"dbpedia_4284","Kaggle_2306","1.0"
"dbpedia_1090","Kaggle_9463","0.8812500000000001"
"dbpedia_1048","Kaggle_140064","0.9967937499999999"
"dbpedia_2161","Kaggle_59176","0.9400814814814814"
"dbpedia_3251","Kaggle_78138","0.9064814814814816"
"dbpedia_4316","Kaggle_50248","0.965625"
"dbpedia_332","Kaggle_4711347","1.0"
"dbpedia_2193","Kaggle_89679","0.9814814814814815"
"dbpedia_4530","Kaggle_32948","1.0"
"dbpedia_3791","Kaggle_368622","1.0"
"dbpedia_1680","Kaggle_268950","1.0"
"dbpedia_3173","Kaggle_291472","1.0"
"dbpedia_643","Kaggle_56764","1.0"
"dbpedia_1340","Kaggle_265461","1.0"
"dbpedia_420","Kaggle_132","1.0"
"dbpedia_1010","Kaggle_14532","1.0"
"dbpedia_4501","Kaggle_22316","1.0"
"dbpedia_1943","Kaggle_883773","0.9116219900658676"
"dbpedia_218","Kaggle_9728","1.0"
"dbpedia_4293","Kaggle_338551","0.9684637694363458"
"dbpedia_2489","Kaggle_6702","1.0"
"dbpedia_583","Kaggle_41761","0.9159663447627314"
"dbpedia_4767","Kaggle_135","1.0"
"dbpedia_1285","Kaggle_9828","1.0"
"dbpedia_4710","Kaggle_14965","1.0"
"dbpedia_3292","Kaggle_789","1.0"
"dbpedia_2916","Kaggle_188524","1.0"
"dbpedia_4650","Kaggle_87682","1.0"
"dbpedia_3994","Kaggle_16194","0.9760091145833332"
"dbpedia_4692","Kaggle_10358","0.9479166666666667"
"dbpedia_3260","Kaggle_292499","1.0"
"dbpedia_3996","Kaggle_158788","1.0"
"dbpedia_4423","Kaggle_48391","1.0"
"dbpedia_3498","Kaggle_66313","0.90087890625"
"dbpedia_3504","Kaggle_53217","1.0"
"dbpedia_1014","Kaggle_74170","1.0"
"dbpedia_1253","Kaggle_2751","1.0"
"dbpedia_1887","Kaggle_10369","1.0"
"dbpedia_718","Kaggle_15021","0.9292220062628226"
"dbpedia_2934","Kaggle_55489","1.0"
"dbpedia_3300","Kaggle_145798","0.9556479584955916"
"dbpedia_3202","Kaggle_12070","1.0"
"dbpedia_1835","Kaggle_163402","1.0"
"dbpedia_4683","Kaggle_51570","0.8770503291377315"
"dbpedia_2667","Kaggle_21680","1.0"
"dbpedia_599","Kaggle_11554","1.0"
"dbpedia_616","Kaggle_98014","1.0"
"dbpedia_3921","Kaggle_4231","1.0"
"dbpedia_2055","Kaggle_4263","0.940512630860264"
"dbpedia_3597","Kaggle_66531","0.9304164770141101"
"dbpedia_4735","Kaggle_205589","0.9814814814814815"
"dbpedia_543","Kaggle_186610","0.9723700194363458"
"dbpedia_2652","Kaggle_78830","0.9687044341486489"
"dbpedia_2968","Kaggle_35162","0.95625"
"dbpedia_579","Kaggle_11956","0.8881104432757325"
"dbpedia_1505","Kaggle_17923","1.0"
"dbpedia_3145","Kaggle_18906","0.8921282798833818"
"dbpedia_2810","Kaggle_111887","0.9814814814814815"
"dbpedia_221","Kaggle_3144370","1.0"
"dbpedia_3176","Kaggle_9022","1.0"
"dbpedia_1743","Kaggle_20005","0.9237654320987655"
"dbpedia_994","Kaggle_16342","1.0"
"dbpedia_1096","Kaggle_37690","1.0"
"dbpedia_2063","Kaggle_491182","1.0"
"dbpedia_2095","Kaggle_20198","1.0"
"dbpedia_692","Kaggle_484002","1.0"
"dbpedia_2433","Kaggle_9913","0.9391995919442085"
"dbpedia_4302","Kaggle_21115","0.9491527696793003"
"dbpedia_2516","Kaggle_26437","1.0"
"dbpedia_2929","Kaggle_645996","1.0"
"dbpedia_4673","Kaggle_284013","0.9346027696793002"
"dbpedia_3808","Kaggle_459851","0.95625"
"dbpedia_4492","Kaggle_328108","0.8967"
"dbpedia_1727","Kaggle_199130","1.0"
"dbpedia_3425","Kaggle_1321","1.0"
"dbpedia_1306","Kaggle_473751","1.0"
"dbpedia_903","Kaggle_167298","0.8809604166666667"
"dbpedia_3351","Kaggle_101599","1.0"
"dbpedia_2126","Kaggle_205761","0.8967"
"dbpedia_2879","Kaggle_93088","0.8937851851851851"
"dbpedia_479","Kaggle_2041","1.0"
"dbpedia_541","Kaggle_8628","1.0"
"dbpedia_787","Kaggle_338865","1.0"
"dbpedia_4510","Kaggle_621902","1.0"
"dbpedia_3552","Kaggle_4923","1.0"
"dbpedia_1214","Kaggle_313241","0.9039905247813411"
"dbpedia_337","Kaggle_189563","1.0"
"dbpedia_565","Kaggle_100509","0.9814814814814815"
"dbpedia_394","Kaggle_553166","1.0"
"dbpedia_60","Kaggle_112186","0.95625"
"dbpedia_4738","Kaggle_111719","0.8856732139222472"
"dbpedia_2720","Kaggle_7815","0.9636314814814816"
"dbpedia_4551","Kaggle_334475","1.0"
"dbpedia_1098","Kaggle_28241","0.8862666666666668"
"dbpedia_3174","Kaggle_24187","0.95625"
"dbpedia_1074","Kaggle_54794","1.0"
"dbpedia_1355","Kaggle_38793","1.0"
"dbpedia_181","Kaggle_182574","1.0"
"dbpedia_611","Kaggle_214612","1.0"
"dbpedia_1035","Kaggle_15684","1.0"
"dbpedia_4118","Kaggle_185402","0.9272434365769765"
"dbpedia_466","Kaggle_10117","1.0"
"dbpedia_2011","Kaggle_1697990","1.0"
"dbpedia_377","Kaggle_22740","1.0"
"dbpedia_2845","Kaggle_599985","1.0"
"dbpedia_1110","Kaggle_187372","1.0"
"dbpedia_1682","Kaggle_29429","1.0"
"dbpedia_737","Kaggle_229474","1.0"
"dbpedia_3457","Kaggle_92808","1.0"
"dbpedia_3342","Kaggle_307","1.0"
"dbpedia_208","Kaggle_3713","1.0"
"dbpedia_94","Kaggle_2782035","1.0"
"dbpedia_1939","Kaggle_83553","1.0"
"dbpedia_2012","Kaggle_54","1.0"
"dbpedia_1097","Kaggle_525037","1.0"
"dbpedia_960","Kaggle_202041","1.0"
"dbpedia_4133","Kaggle_55285","1.0"
"dbpedia_1470","Kaggle_39632","1.0"
"dbpedia_4714","Kaggle_31464","0.9351851851851852"
"dbpedia_2034","Kaggle_2082","1.0"
"dbpedia_2490","Kaggle_241","1.0"
"dbpedia_2368","Kaggle_36310","1.0"
"dbpedia_2656","Kaggle_210908","0.9104264753355619"
"dbpedia_2727","Kaggle_17427","0.9928874999999999"
"dbpedia_1104","Kaggle_1121842","1.0"
"dbpedia_3469","Kaggle_28266","1.0"
"dbpedia_4457","Kaggle_333107","0.913341924757214"
"dbpedia_101","Kaggle_24893","0.8947944229594953"
"dbpedia_1968","Kaggle_6054869","1.0"
"dbpedia_2990","Kaggle_140959","0.9708000000000001"
"dbpedia_4724","Kaggle_10415","1.0"
"dbpedia_2566","Kaggle_10513","1.0"
"dbpedia_1977","Kaggle_15652","1.0"
"dbpedia_704","Kaggle_162680","0.9505831753899985"
"dbpedia_352","Kaggle_4853","1.0"
"dbpedia_2037","Kaggle_4695639","0.9304164770141101"
"dbpedia_1809","Kaggle_188240","1.0"
"dbpedia_424","Kaggle_247911","1.0"
"dbpedia_107","Kaggle_537463","0.9420045844116093"
"dbpedia_1921","Kaggle_95289","1.0"
"dbpedia_2530","Kaggle_5841417","1.0"
"dbpedia_736","Kaggle_2747","1.0"
"dbpedia_2692","Kaggle_2705","1.0"
"dbpedia_2173","Kaggle_4932742","1.0"
"dbpedia_309","Kaggle_75482","1.0"
"dbpedia_3153","Kaggle_149819","1.0"
"dbpedia_3966","Kaggle_14769","1.0"
"dbpedia_2725","Kaggle_11899","1.0"
"dbpedia_2175","Kaggle_438025","1.0"
"dbpedia_1259","Kaggle_4478272","0.965625"
"dbpedia_4729","Kaggle_50604","1.0"
"dbpedia_2700","Kaggle_62917","0.8974634308928773"
"dbpedia_2811","Kaggle_2551","1.0"
"dbpedia_1910","Kaggle_100037","1.0"
"dbpedia_1918","Kaggle_87770","1.0"
"dbpedia_4601","Kaggle_3640755","0.9148499999999999"
"dbpedia_1216","Kaggle_100284","1.0"
"dbpedia_2809","Kaggle_5330","1.0"
"dbpedia_4558","Kaggle_310220","0.99609375"
"dbpedia_3207","Kaggle_2852","1.0"
"dbpedia_3846","Kaggle_48463","0.9014648148148149"
"dbpedia_3718","Kaggle_227849","0.8812500000000001"
"dbpedia_3196","Kaggle_178495","0.8831018518518519"
"dbpedia_2545","Kaggle_282787","1.0"
"dbpedia_3853","Kaggle_274143","0.8812500000000001"
"dbpedia_2529","Kaggle_5042","1.0"
"dbpedia_4593","Kaggle_4217","1.0"
"dbpedia_786","Kaggle_3586","1.0"
"dbpedia_2056","Kaggle_349259","0.9337983890852306"
"dbpedia_683","Kaggle_298167","0.8940104166666667"
"dbpedia_3487","Kaggle_5059441","1.0"
"dbpedia_1026","Kaggle_18500","1.0"
"dbpedia_1959","Kaggle_56365","0.9731481481481482"
"dbpedia_4008","Kaggle_49629","1.0"
"dbpedia_3585","Kaggle_9357","1.0"
"dbpedia_4095","Kaggle_43996","1.0"
"dbpedia_227","Kaggle_5220445","1.0"
"dbpedia_3353","Kaggle_249807","0.9731481481481482"
"dbpedia_1254","Kaggle_249921","0.9821500000000001"
"dbpedia_3604","Kaggle_53385","1.0"
"dbpedia_1966","Kaggle_356252","1.0"
"dbpedia_1655","Kaggle_227844","0.9148499999999999"
"dbpedia_2696","Kaggle_222454","1.0"
"dbpedia_576","Kaggle_17731","1.0"
"dbpedia_2502","Kaggle_82052","1.0"
"dbpedia_2137","Kaggle_72286","0.9696270833333334"
"dbpedia_618","Kaggle_126469","0.9731481481481482"
"dbpedia_1954","Kaggle_96719","0.9272434365769765"
"dbpedia_2621","Kaggle_2472","0.900686647617121"
"dbpedia_173","Kaggle_638694","1.0"
"dbpedia_2448","Kaggle_34129","0.9687044341486489"
"dbpedia_1375","Kaggle_10071","1.0"
"dbpedia_297","Kaggle_429314","0.9194560122097742"
"dbpedia_1106","Kaggle_19040","1.0"
"dbpedia_1870","Kaggle_5663466","1.0"
"dbpedia_3978","Kaggle_312244","0.9510712105559729"
"dbpedia_2598","Kaggle_48805","1.0"
"dbpedia_4248","Kaggle_161107","1.0"
"dbpedia_1895","Kaggle_249575","0.9731481481481482"
"dbpedia_624","Kaggle_150083","1.0"
"dbpedia_2745","Kaggle_6937745","0.9083333333333332"
"dbpedia_4635","Kaggle_17423","0.9598342511607817"
"dbpedia_144","Kaggle_106778","0.9656469333765251"
"dbpedia_4546","Kaggle_21638","1.0"
"dbpedia_3011","Kaggle_4220","1.0"
"dbpedia_1301","Kaggle_56601","1.0"
"dbpedia_2522","Kaggle_23199","0.9364589420374544"
"dbpedia_3391","Kaggle_28408","1.0"
"dbpedia_3832","Kaggle_1205","1.0"
"dbpedia_1517","Kaggle_2480","1.0"
"dbpedia_4701","Kaggle_82468","1.0"
"dbpedia_4014","Kaggle_51290","1.0"
"dbpedia_752","Kaggle_311364","1.0"
"dbpedia_2655","Kaggle_100806","0.9418004918981481"
"dbpedia_1976","Kaggle_17244","1.0"
"dbpedia_2651","Kaggle_17250","1.0"
"dbpedia_3665","Kaggle_28380","1.0"
"dbpedia_2949","Kaggle_5727","1.0"
"dbpedia_4149","Kaggle_237116","1.0"
"dbpedia_4048","Kaggle_464448","0.9003249811899362"
"dbpedia_845","Kaggle_31841","0.8812500000000001"
"dbpedia_1858","Kaggle_45","1.0"
"dbpedia_2914","Kaggle_962597","1.0"
"dbpedia_2355","Kaggle_198872","0.9364589420374544"
"dbpedia_3913","Kaggle_8214","1.0"
"dbpedia_392","Kaggle_2019","1.0"
"dbpedia_8","Kaggle_4041209","1.0"
"dbpedia_1553","Kaggle_4375052","1.0"
"dbpedia_2165","Kaggle_62836","1.0"
"dbpedia_4236","Kaggle_121885","1.0"
"dbpedia_4058","Kaggle_38931","1.0"
"dbpedia_2106","Kaggle_1662","1.0"
"dbpedia_920","Kaggle_3949","1.0"
"dbpedia_3726","Kaggle_3004","1.0"
"dbpedia_4187","Kaggle_25497","0.99609375"
"dbpedia_1841","Kaggle_136803","0.9479862562299871"
"dbpedia_1267","Kaggle_1177783","1.0"
"dbpedia_3969","Kaggle_5620","0.9028456048084148"
"dbpedia_3592","Kaggle_3213346","0.941290915635766"
"dbpedia_2503","Kaggle_8766","0.8921282798833818"
"dbpedia_779","Kaggle_10163","0.9237654320987655"
"dbpedia_4204","Kaggle_6677","1.0"
"dbpedia_487","Kaggle_13114","1.0"
"dbpedia_3769","Kaggle_97793","1.0"
"dbpedia_2836","Kaggle_342237","0.9708000000000001"
"dbpedia_722","Kaggle_4631552","1.0"
"dbpedia_3734","Kaggle_92933","0.8754551661356396"
"dbpedia_772","Kaggle_2200","1.0"
"dbpedia_4127","Kaggle_390124","0.8754269796156625"
"dbpedia_3907","Kaggle_205503","1.0"
"dbpedia_1723","Kaggle_5356107","1.0"
"dbpedia_1171","Kaggle_392806","1.0"
"dbpedia_3488","Kaggle_47934","1.0"
"dbpedia_1913","Kaggle_552","0.8812500000000001"
"dbpedia_3043","Kaggle_300099","1.0"
"dbpedia_3729","Kaggle_71945","1.0"
"dbpedia_3373","Kaggle_961","1.0"
"dbpedia_771","Kaggle_1248","1.0"
"dbpedia_2875","Kaggle_1624","1.0"
"dbpedia_175","Kaggle_184810","1.0"
"dbpedia_14","Kaggle_318437","0.99609375"
"dbpedia_4129","Kaggle_88079","1.0"
"dbpedia_4656","Kaggle_66755","1.0"
"dbpedia_1632","Kaggle_1365","1.0"
"dbpedia_2120","Kaggle_698","0.9598342511607817"
"dbpedia_2539","Kaggle_6497387","1.0"
"dbpedia_3748","Kaggle_370390","1.0"
"dbpedia_3587","Kaggle_55721","1.0"
"dbpedia_1630","Kaggle_291","1.0"
"dbpedia_2032","Kaggle_71646","0.9039905247813411"
"dbpedia_3519","Kaggle_498521","1.0"
"dbpedia_2573","Kaggle_31056","1.0"
"dbpedia_4489","Kaggle_1087","1.0"
"dbpedia_4640","Kaggle_81511","1.0"
"dbpedia_4550","Kaggle_14138","1.0"
"dbpedia_2513","Kaggle_55056","0.9450183187461836"
"dbpedia_1767","Kaggle_6024","1.0"
"dbpedia_1493","Kaggle_21590","1.0"
"dbpedia_2686","Kaggle_87839","1.0"
"dbpedia_2768","Kaggle_69859","1.0"
"dbpedia_2047","Kaggle_4560","1.0"
"dbpedia_1923","Kaggle_54683","1.0"
"dbpedia_2690","Kaggle_436544","1.0"
"dbpedia_4164","Kaggle_284553","0.9064814814814816"
"dbpedia_3114","Kaggle_97135","1.0"
"dbpedia_4285","Kaggle_64","1.0"
"dbpedia_2849","Kaggle_7367","1.0"
"dbpedia_2784","Kaggle_96742","0.9375727900752314"
"dbpedia_1162","Kaggle_310580","0.8824814814814815"
"dbpedia_182","Kaggle_24420","0.97581465687148"
"dbpedia_2434","Kaggle_218197","1.0"
"dbpedia_2993","Kaggle_362584","0.9168981481481482"
"dbpedia_4282","Kaggle_455863","0.90728759765625"
"dbpedia_1276","Kaggle_1151","0.9335648148148147"
"dbpedia_219","Kaggle_3759","0.9636314814814816"
"dbpedia_4742","Kaggle_112593","1.0"
"dbpedia_1426","Kaggle_153826","0.99609375"
"dbpedia_396","Kaggle_1158","1.0"
"dbpedia_2940","Kaggle_240773","1.0"
"dbpedia_2477","Kaggle_497893","1.0"
"dbpedia_1125","Kaggle_128212","0.9877604166666667"
"dbpedia_804","Kaggle_164","1.0"
"dbpedia_3711","Kaggle_9824","0.8812500000000001"
"dbpedia_3816","Kaggle_12171","0.9275481481481481"
"dbpedia_1839","Kaggle_107868","0.89176815"
"dbpedia_2790","Kaggle_796367","1.0"
"dbpedia_646","Kaggle_30564","1.0"
"dbpedia_1961","Kaggle_394831","0.9488711705532692"
"dbpedia_4019","Kaggle_4855","1.0"
"dbpedia_4031","Kaggle_12256","1.0"
"dbpedia_269","Kaggle_88029","1.0"
"dbpedia_3271","Kaggle_9647","0.9636314814814816"
"dbpedia_200","Kaggle_20450","1.0"
"dbpedia_283","Kaggle_15375","0.99609375"
"dbpedia_570","Kaggle_165261","0.9814814814814815"
"dbpedia_974","Kaggle_638","1.0"
"dbpedia_4115","Kaggle_6674887","0.9057002314814814"
"dbpedia_3524","Kaggle_83799","0.9064814814814816"
"dbpedia_1499","Kaggle_127865","1.0"
"dbpedia_2154","Kaggle_653548","1.0"
"dbpedia_4455","Kaggle_17210","1.0"
"dbpedia_2974","Kaggle_208066","0.9529500000000002"
"dbpedia_3664","Kaggle_2809293","0.8921282798833818"
"dbpedia_222","Kaggle_3209","1.0"
"dbpedia_1150","Kaggle_38388","1.0"
"dbpedia_3510","Kaggle_24587","0.97581465687148"
"dbpedia_2201","Kaggle_9344","0.9083333333333332"
"dbpedia_3730","Kaggle_17658","1.0"
"dbpedia_4556","Kaggle_325257","0.9148499999999999"
"dbpedia_3947","Kaggle_12454","1.0"
"dbpedia_4608","Kaggle_15813","1.0"
"dbpedia_4816","Kaggle_2278","1.0"
"dbpedia_158","Kaggle_986","1.0"
"dbpedia_2197","Kaggle_984","1.0"
"dbpedia_2162","Kaggle_8280","1.0"
"dbpedia_2628","Kaggle_32453","1.0"
"dbpedia_4590","Kaggle_70974","0.9384000000000001"
"dbpedia_1578","Kaggle_35197","0.9833167026671674"
"dbpedia_4622","Kaggle_4702130","0.9083333333333332"
"dbpedia_585","Kaggle_200302","0.9114981481481482"
"dbpedia_4658","Kaggle_21570","1.0"
"dbpedia_3026","Kaggle_789551","1.0"
"dbpedia_1005","Kaggle_4488","1.0"
"dbpedia_205","Kaggle_21817","1.0"
"dbpedia_723","Kaggle_822","1.0"
"dbpedia_162","Kaggle_4900","0.9510127314814815"
"dbpedia_4038","Kaggle_258183","1.0"
"dbpedia_2172","Kaggle_107954","0.9066814814814815"
"dbpedia_2920","Kaggle_8163","1.0"
"dbpedia_3537","Kaggle_2941","0.8804687499999999"
"dbpedia_341","Kaggle_2244","1.0"
"dbpedia_2171","Kaggle_26103","0.9967611151603499"
"dbpedia_1118","Kaggle_14813","0.9097469742077081"
"dbpedia_3329","Kaggle_19873","1.0"
"dbpedia_3626","Kaggle_46954","1.0"
"dbpedia_66","Kaggle_325417","1.0"
"dbpedia_2103","Kaggle_17924","1.0"
"dbpedia_3285","Kaggle_91003","1.0"
"dbpedia_2565","Kaggle_1578356","1.0"
"dbpedia_1522","Kaggle_345917","0.8812500000000001"
"dbpedia_835","Kaggle_367183","0.95625"
"dbpedia_2623","Kaggle_81689","0.880263529669048"
"dbpedia_258","Kaggle_15724","1.0"
"dbpedia_207","Kaggle_6328","1.0"
"dbpedia_701","Kaggle_7700","1.0"
"dbpedia_2766","Kaggle_418230","0.9549654518950437"
"dbpedia_1181","Kaggle_71018","0.8775265565602556"
"dbpedia_2524","Kaggle_6393","1.0"
"dbpedia_241","Kaggle_42689","1.0"
"dbpedia_357","Kaggle_1175","1.0"
"dbpedia_3144","Kaggle_43368","1.0"
"dbpedia_3625","Kaggle_74652","1.0"
"dbpedia_3384","Kaggle_53872","1.0"
"dbpedia_2741","Kaggle_283631","1.0"
"dbpedia_3507","Kaggle_127890","0.9598342511607817"
"dbpedia_4081","Kaggle_12647","1.0"
"dbpedia_1738","Kaggle_610","1.0"
"dbpedia_2100","Kaggle_441297","1.0"
"dbpedia_4158","Kaggle_29292","0.9418579101562501"
"dbpedia_3774","Kaggle_6161979","1.0"
"dbpedia_632","Kaggle_559","1.0"
"dbpedia_2108","Kaggle_382142","1.0"
"dbpedia_4576","Kaggle_1870","0.9064814814814816"
"dbpedia_1610","Kaggle_538307","1.0"
"dbpedia_2992","Kaggle_42669","1.0"
"dbpedia_2742","Kaggle_6526","1.0"
"dbpedia_1095","Kaggle_1844804","0.9200259044409768"
"dbpedia_1457","Kaggle_15285","1.0"
"dbpedia_4280","Kaggle_7063","1.0"
"dbpedia_2199","Kaggle_2434720","1.0"
"dbpedia_2296","Kaggle_196628","1.0"
"dbpedia_2013","Kaggle_4521127","1.0"
"dbpedia_600","Kaggle_97159","0.9708000000000001"
"dbpedia_1816","Kaggle_244778","1.0"
"dbpedia_4240","Kaggle_25976","1.0"
"dbpedia_3771","Kaggle_21407","1.0"
"dbpedia_2112","Kaggle_15903","1.0"
"dbpedia_127","Kaggle_4522","1.0"
"dbpedia_1063","Kaggle_78871","1.0"
"dbpedia_3382","Kaggle_6909630","1.0"
"dbpedia_3837","Kaggle_2168","1.0"
"dbpedia_3419","Kaggle_36015","1.0"
"dbpedia_4270","Kaggle_11091","1.0"
"dbpedia_3216","Kaggle_2093","1.0"
"dbpedia_2659","Kaggle_694","1.0"
"dbpedia_1303","Kaggle_4085921","0.8812500000000001"
"dbpedia_2444","Kaggle_3693447","0.8754551661356396"
"dbpedia_121","Kaggle_1817070","1.0"
"dbpedia_3159","Kaggle_11400","0.9064814814814816"
"dbpedia_1489","Kaggle_3972","1.0"
"dbpedia_1668","Kaggle_6361462","0.9656469333765251"
"dbpedia_4513","Kaggle_11493","1.0"
"dbpedia_3499","Kaggle_44400","0.9556479584955916"
"dbpedia_1248","Kaggle_551836","1.0"
"dbpedia_3792","Kaggle_292938","0.9848620687461835"
"dbpedia_4669","Kaggle_658","1.0"
"dbpedia_2958","Kaggle_498270","0.9200259044409768"
"dbpedia_1334","Kaggle_24509","1.0"
"dbpedia_640","Kaggle_36228","1.0"
"dbpedia_2041","Kaggle_3115","1.0"
"dbpedia_4706","Kaggle_48670","0.8762333333333334"
"dbpedia_2769","Kaggle_344217","0.99609375"
"dbpedia_4745","Kaggle_3260","1.0"
"dbpedia_3999","Kaggle_2442540","1.0"
"dbpedia_3420","Kaggle_225136","0.9588853499999999"
"dbpedia_2749","Kaggle_1650","1.0"
"dbpedia_997","Kaggle_47941","1.0"
"dbpedia_4301","Kaggle_357929","1.0"
"dbpedia_2224","Kaggle_70547","0.9656469333765251"
"dbpedia_4405","Kaggle_5177463","0.8812500000000001"
"dbpedia_3735","Kaggle_22530","1.0"
"dbpedia_3909","Kaggle_39116","1.0"
"dbpedia_3399","Kaggle_5368","0.8804687499999999"
"dbpedia_4212","Kaggle_647","1.0"
"dbpedia_122","Kaggle_10080","1.0"
"dbpedia_4328","Kaggle_97378","0.9185450111505294"
"dbpedia_3628","Kaggle_131060","1.0"
"dbpedia_744","Kaggle_110271","1.0"
"dbpedia_2476","Kaggle_9363","1.0"
"dbpedia_2131","Kaggle_48904","1.0"
"dbpedia_4231","Kaggle_180832","0.8804687499999999"
"dbpedia_2058","Kaggle_47327","1.0"
"dbpedia_4137","Kaggle_3037248","1.0"
"dbpedia_1955","Kaggle_58858","1.0"
"dbpedia_2124","Kaggle_28020","1.0"
"dbpedia_2160","Kaggle_53739","1.0"
"dbpedia_641","Kaggle_11625","0.9481770833333332"
"dbpedia_3240","Kaggle_40383","1.0"
"dbpedia_300","Kaggle_2568","1.0"
"dbpedia_2035","Kaggle_65051","1.0"
"dbpedia_4574","Kaggle_89312","1.0"
"dbpedia_2868","Kaggle_2567","1.0"
"dbpedia_696","Kaggle_5584272","1.0"
"dbpedia_1031","Kaggle_6861","1.0"
"dbpedia_560","Kaggle_44651","0.89073486328125"
"dbpedia_880","Kaggle_291091","1.0"
"dbpedia_4145","Kaggle_3920","1.0"
"dbpedia_754","Kaggle_27109","1.0"
"dbpedia_3213","Kaggle_28383","0.9505831753899985"
"dbpedia_4731","Kaggle_198255","1.0"
"dbpedia_2347","Kaggle_20431","1.0"
"dbpedia_3028","Kaggle_193475","1.0"
"dbpedia_4448","Kaggle_2653","1.0"
"dbpedia_1224","Kaggle_23698","0.9335648148148147"
"dbpedia_298","Kaggle_4262118","1.0"
"dbpedia_1112","Kaggle_375078","0.9479166666666667"
"dbpedia_4012","Kaggle_12599","1.0"
"dbpedia_1651","Kaggle_55996","1.0"
"dbpedia_1282","Kaggle_18901","0.90087890625"
"dbpedia_3951","Kaggle_726955","1.0"
"dbpedia_2999","Kaggle_146734","0.965625"
"dbpedia_4819","Kaggle_179453","0.9335648148148147"
"dbpedia_753","Kaggle_281477","0.9556479584955916"
"dbpedia_2528","Kaggle_58924","1.0"
"dbpedia_1429","Kaggle_9411","1.0"
"dbpedia_4343","Kaggle_17803","1.0"
"dbpedia_4079","Kaggle_11774","1.0"
"dbpedia_1287","Kaggle_9287","1.0"
"dbpedia_1510","Kaggle_4539","1.0"
"dbpedia_3360","Kaggle_5688","0.9485044740022343"
"dbpedia_3099","Kaggle_88630","0.99609375"
"dbpedia_3782","Kaggle_6476","0.984262630860264"
"dbpedia_4388","Kaggle_444326","0.895708288115313"
"dbpedia_1459","Kaggle_3831409","1.0"
"dbpedia_138","Kaggle_33336","1.0"
"dbpedia_2734","Kaggle_13722","0.9256944444444444"
"dbpedia_1372","Kaggle_2925","1.0"
"dbpedia_1948","Kaggle_185338","1.0"
"dbpedia_1783","Kaggle_265282","1.0"
"dbpedia_969","Kaggle_7799","1.0"
"dbpedia_689","Kaggle_30955","1.0"
"dbpedia_2105","Kaggle_18464","1.0"
"dbpedia_2683","Kaggle_26569","0.8910873689700795"
"dbpedia_832","Kaggle_34322","1.0"
"dbpedia_4560","Kaggle_376899","0.9083333333333332"
"dbpedia_2059","Kaggle_45572","1.0"
"dbpedia_3704","Kaggle_103177","1.0"
"dbpedia_254","Kaggle_140624","0.8812500000000001"
"dbpedia_3990","Kaggle_134","0.9360142391480402"
"dbpedia_1893","Kaggle_3623","0.8940104166666667"
"dbpedia_4442","Kaggle_7733","1.0"
"dbpedia_4440","Kaggle_3000","0.9636314814814816"
"dbpedia_12","Kaggle_7150","1.0"
"dbpedia_3684","Kaggle_95084","1.0"
"dbpedia_4552","Kaggle_21752","1.0"
"dbpedia_1163","Kaggle_149231","1.0"
"dbpedia_59","Kaggle_5982831","1.0"
"dbpedia_102","Kaggle_6819","0.9159663447627314"
"dbpedia_2644","Kaggle_136159","1.0"
"dbpedia_2465","Kaggle_4072843","1.0"
"dbpedia_4806","Kaggle_2557870","1.0"
"dbpedia_961","Kaggle_2642316","1.0"
"dbpedia_4401","Kaggle_3587","0.9814814814814815"
"dbpedia_3169","Kaggle_226796","1.0"
"dbpedia_3237","Kaggle_237772","1.0"
"dbpedia_637","Kaggle_278431","1.0"
"dbpedia_3821","Kaggle_3964783","1.0"
"dbpedia_513","Kaggle_96247","0.9604673412847482"
"dbpedia_3030","Kaggle_30425","1.0"
"dbpedia_976","Kaggle_40","1.0"
"dbpedia_2555","Kaggle_72765","1.0"
"dbpedia_4815","Kaggle_33247","0.9108744"
"dbpedia_3455","Kaggle_2237","1.0"
"dbpedia_3798","Kaggle_53431","0.8921282798833818"
"dbpedia_4754","Kaggle_485812","1.0"
"dbpedia_2371","Kaggle_29011","1.0"
"dbpedia_1740","Kaggle_7163182","1.0"
"dbpedia_963","Kaggle_255050","1.0"
"dbpedia_1143","Kaggle_124","1.0"
"dbpedia_3660","Kaggle_364815","1.0"
"dbpedia_1625","Kaggle_13651","1.0"
"dbpedia_1501","Kaggle_25010","1.0"
"dbpedia_4152","Kaggle_145033","0.9670893916377316"
"dbpedia_4272","Kaggle_6579","1.0"
"dbpedia_1584","Kaggle_326485","1.0"
"dbpedia_3949","Kaggle_1127","1.0"
"dbpedia_881","Kaggle_470","1.0"
"dbpedia_2019","Kaggle_2840477","1.0"
"dbpedia_2685","Kaggle_25462","1.0"
"dbpedia_2190","Kaggle_119404","1.0"
"dbpedia_3902","Kaggle_21456","1.0"
"dbpedia_3936","Kaggle_20423","0.9159663447627314"
"dbpedia_4047","Kaggle_3027","1.0"
"dbpedia_3534","Kaggle_4930","1.0"
"dbpedia_1109","Kaggle_236371","1.0"
"dbpedia_1302","Kaggle_99860","1.0"
"dbpedia_3310","Kaggle_3793","0.8782464000000001"
"dbpedia_413","Kaggle_16922","1.0"
"dbpedia_1726","Kaggle_35268","0.902011955095495"
"dbpedia_96","Kaggle_12208","1.0"
"dbpedia_3410","Kaggle_42562","1.0"
"dbpedia_4537","Kaggle_25735","1.0"
"dbpedia_3062","Kaggle_237202","0.955794478265817"
"dbpedia_1885","Kaggle_267299","0.9510127314814815"
"dbpedia_1810","Kaggle_18470","1.0"
"dbpedia_2887","Kaggle_12952","1.0"
"dbpedia_4645","Kaggle_60573","0.9159663447627314"
"dbpedia_1324","Kaggle_6890","1.0"
"dbpedia_685","Kaggle_34562","1.0"
"dbpedia_3331","Kaggle_5162","1.0"
"dbpedia_2556","Kaggle_48522","1.0"
"dbpedia_2273","Kaggle_14074","1.0"
"dbpedia_3887","Kaggle_16503","0.9588853499999999"
"dbpedia_2385","Kaggle_153306","0.9509259259259258"
"dbpedia_654","Kaggle_46828","1.0"
"dbpedia_344","Kaggle_12053","1.0"
"dbpedia_3345","Kaggle_182354","1.0"
"dbpedia_1101","Kaggle_249694","1.0"
"dbpedia_1455","Kaggle_1940","1.0"
"dbpedia_4720","Kaggle_92834","1.0"
"dbpedia_4249","Kaggle_67171","1.0"
"dbpedia_3076","Kaggle_301546","0.9256944444444444"
"dbpedia_1033","Kaggle_1724","1.0"
"dbpedia_3962","Kaggle_89988","0.9148499999999999"
"dbpedia_592","Kaggle_23133","0.95625"
"dbpedia_2767","Kaggle_2276","1.0"
"dbpedia_474","Kaggle_122884","1.0"
"dbpedia_1751","Kaggle_95192","1.0"
"dbpedia_4200","Kaggle_45990","0.9814814814814815"
"dbpedia_3412","Kaggle_2401","1.0"
"dbpedia_4406","Kaggle_26214","0.8812500000000001"
"dbpedia_3800","Kaggle_105192","0.9097047747485056"
"dbpedia_3136","Kaggle_36215","1.0"
"dbpedia_1353","Kaggle_131612","1.0"
"dbpedia_4289","Kaggle_262260","1.0"
"dbpedia_1945","Kaggle_3044","1.0"
"dbpedia_3508","Kaggle_6471","1.0"
"dbpedia_3130","Kaggle_289372","1.0"
"dbpedia_1354","Kaggle_153648","1.0"
"dbpedia_3483","Kaggle_124205","0.8812500000000001"
"dbpedia_1693","Kaggle_198769","1.0"
"dbpedia_2018","Kaggle_24392","1.0"
"dbpedia_371","Kaggle_330757","0.97690329218107"
"dbpedia_1422","Kaggle_22752","1.0"
"dbpedia_1103","Kaggle_155594","0.9510127314814815"
"dbpedia_2512","Kaggle_377856","0.9598342511607817"
"dbpedia_870","Kaggle_58498","1.0"
"dbpedia_2572","Kaggle_9464","1.0"
"dbpedia_569","Kaggle_57442","0.9556479584955916"
"dbpedia_1452","Kaggle_10371","0.8995587764699334"
"dbpedia_1390","Kaggle_38582","1.0"
"dbpedia_3840","Kaggle_93190","0.9505831753899985"
"dbpedia_821","Kaggle_9861","0.9253760138526325"
"dbpedia_4570","Kaggle_373","1.0"
"dbpedia_2357","Kaggle_51074","0.8937210648148147"
"dbpedia_606","Kaggle_959132","1.0"
"dbpedia_3967","Kaggle_80233","0.99609375"
"dbpedia_4258","Kaggle_91","1.0"
"dbpedia_1062","Kaggle_107152","0.9083333333333332"
"dbpedia_2998","Kaggle_398","1.0"
"dbpedia_979","Kaggle_23246","1.0"
"dbpedia_3042","Kaggle_101036","1.0"
"dbpedia_460","Kaggle_75198","1.0"
"dbpedia_1722","Kaggle_14113","1.0"
"dbpedia_4452","Kaggle_317541","0.9083333333333332"
"dbpedia_141","Kaggle_1729","1.0"
"dbpedia_3436","Kaggle_184343","1.0"
"dbpedia_1454","Kaggle_188243","1.0"
"dbpedia_99","Kaggle_22775","0.99609375"
"dbpedia_4563","Kaggle_136936","1.0"
"dbpedia_651","Kaggle_71038","1.0"
"dbpedia_859","Kaggle_201234","1.0"
"dbpedia_2237","Kaggle_53865","0.8956032015980996"
"dbpedia_299","Kaggle_327","1.0"
"dbpedia_1108","Kaggle_4670","0.9384000000000001"
"dbpedia_1753","Kaggle_71154","1.0"
"dbpedia_4554","Kaggle_354123","0.9616203125"
"dbpedia_4232","Kaggle_60387","1.0"
"dbpedia_1799","Kaggle_16722","0.8881104432757325"
"dbpedia_1290","Kaggle_156378","0.8870448338643604"
"dbpedia_794","Kaggle_23881","0.9636314814814816"
"dbpedia_2364","Kaggle_443207","1.0"
"dbpedia_3332","Kaggle_128","1.0"
"dbpedia_2941","Kaggle_148721","0.9304164770141101"
"dbpedia_1781","Kaggle_2744","1.0"
"dbpedia_4409","Kaggle_9269","0.9618104166666666"
"dbpedia_2979","Kaggle_4252","1.0"
"dbpedia_1117","Kaggle_98886","1.0"
"dbpedia_3505","Kaggle_5341","1.0"
"dbpedia_2971","Kaggle_3126","0.8798140914351852"
"dbpedia_1587","Kaggle_178381","0.9828625"
"dbpedia_638","Kaggle_21541","0.9782437500000001"
"dbpedia_843","Kaggle_186","1.0"
"dbpedia_4065","Kaggle_770","1.0"
"dbpedia_2264","Kaggle_14095","0.99609375"
"dbpedia_1038","Kaggle_255915","1.0"
"dbpedia_1586","Kaggle_4369","1.0"
"dbpedia_667","Kaggle_102032","1.0"
"dbpedia_3486","Kaggle_272116","1.0"
"dbpedia_878","Kaggle_45175","0.9093516621992953"
"dbpedia_2874","Kaggle_3269349","1.0"
"dbpedia_4605","Kaggle_24531","1.0"
"dbpedia_3055","Kaggle_285698","0.89929130859375"
"dbpedia_4612","Kaggle_249879","1.0"
"dbpedia_2212","Kaggle_77687","0.8871692602707396"
"dbpedia_3646","Kaggle_320833","1.0"
"dbpedia_2447","Kaggle_35711","1.0"
"dbpedia_3146","Kaggle_98040","0.9670893916377316"
"dbpedia_2354","Kaggle_274456","1.0"
"dbpedia_554","Kaggle_9908","1.0"
"dbpedia_4408","Kaggle_8204","1.0"
"dbpedia_4807","Kaggle_640","1.0"
"dbpedia_1537","Kaggle_6250","1.0"
"dbpedia_472","Kaggle_17755","1.0"
"dbpedia_3264","Kaggle_12853","1.0"
"dbpedia_680","Kaggle_173470","1.0"
"dbpedia_3280","Kaggle_32084","1.0"
"dbpedia_1292","Kaggle_6398881","0.8870448338643604"
"dbpedia_1381","Kaggle_3743","0.9731481481481482"
"dbpedia_2262","Kaggle_177527","1.0"
"dbpedia_3518","Kaggle_25924","1.0"
"dbpedia_3882","Kaggle_146278","0.9636314814814816"
"dbpedia_4705","Kaggle_305370","1.0"
"dbpedia_137","Kaggle_28651","1.0"
"dbpedia_4480","Kaggle_1665","1.0"
"dbpedia_4337","Kaggle_18143","1.0"
"dbpedia_669","Kaggle_23713","0.9132"
"dbpedia_3879","Kaggle_24515","0.8812500000000001"
"dbpedia_3387","Kaggle_207171","1.0"
"dbpedia_1370","Kaggle_77541","0.9450183187461836"
"dbpedia_4491","Kaggle_2693","1.0"
"dbpedia_3605","Kaggle_15268","1.0"
"dbpedia_2423","Kaggle_535757","0.9481770833333332"
"dbpedia_353","Kaggle_10994","1.0"
"dbpedia_4660","Kaggle_3227","1.0"
"dbpedia_4104","Kaggle_22759","0.9636314814814816"
"dbpedia_4003","Kaggle_8598","1.0"
"dbpedia_1484","Kaggle_10890","1.0"
"dbpedia_4832","Kaggle_16108","1.0"
"dbpedia_2792","Kaggle_33168","1.0"
"dbpedia_3472","Kaggle_8001","1.0"
"dbpedia_4425","Kaggle_23724","1.0"
"dbpedia_1548","Kaggle_5018","0.8854351851851853"
"dbpedia_4630","Kaggle_5237505","0.8812500000000001"
"dbpedia_1360","Kaggle_1596","1.0"
"dbpedia_1583","Kaggle_7268","1.0"
"dbpedia_4600","Kaggle_855","1.0"
"dbpedia_677","Kaggle_14278","0.8812500000000001"
"dbpedia_4306","Kaggle_238","0.909361428723275"
"dbpedia_4477","Kaggle_54844","1.0"
"dbpedia_2118","Kaggle_249425","1.0"
"dbpedia_656","Kaggle_35888","1.0"
"dbpedia_1688","Kaggle_188100","0.913341924757214"
"dbpedia_3689","Kaggle_5402","1.0"
"dbpedia_129","Kaggle_5535","1.0"
"dbpedia_2991","Kaggle_138550","1.0"
"dbpedia_1643","Kaggle_47812","1.0"
"dbpedia_999","Kaggle_60711","1.0"
"dbpedia_1965","Kaggle_1598521","0.9391995919442085"
"dbpedia_3416","Kaggle_4469083","1.0"
"dbpedia_3964","Kaggle_476444","1.0"
"dbpedia_944","Kaggle_14774","1.0"
"dbpedia_1220","Kaggle_20251","1.0"
"dbpedia_2393","Kaggle_205394","1.0"
"dbpedia_2054","Kaggle_101055","0.902771344464673"
"dbpedia_2854","Kaggle_65600","0.9479862562299871"
"dbpedia_620","Kaggle_805939","1.0"
"dbpedia_3569","Kaggle_6365","1.0"
"dbpedia_2138","Kaggle_179848","0.9612394031634046"
"dbpedia_3349","Kaggle_430083","0.8873763335837717"
"dbpedia_4040","Kaggle_15032","1.0"
"dbpedia_3490","Kaggle_237372","1.0"
"dbpedia_568","Kaggle_372513","0.9598342511607817"
"dbpedia_4581","Kaggle_66592","1.0"
"dbpedia_1064","Kaggle_5327","1.0"
"dbpedia_294","Kaggle_76545","0.9364589420374544"
"dbpedia_2198","Kaggle_340912","0.9709976933660874"
"dbpedia_3272","Kaggle_2454","1.0"
"dbpedia_1594","Kaggle_4031","1.0"
"dbpedia_2373","Kaggle_4632854","1.0"
"dbpedia_3167","Kaggle_7077","1.0"
"dbpedia_414","Kaggle_275316","1.0"
"dbpedia_4468","Kaggle_46971","1.0"
"dbpedia_3839","Kaggle_432","1.0"
"dbpedia_1326","Kaggle_22984","0.99609375"
"dbpedia_3709","Kaggle_152916","0.9709589036739263"
"dbpedia_3372","Kaggle_1436","1.0"
"dbpedia_3115","Kaggle_12387","0.8976467711735192"
"dbpedia_4584","Kaggle_241981","0.9805521811899364"
"dbpedia_1437","Kaggle_4022","1.0"
"dbpedia_2620","Kaggle_4675","1.0"
"dbpedia_3732","Kaggle_5841","1.0"
"dbpedia_798","Kaggle_10035","1.0"
"dbpedia_1504","Kaggle_6372","1.0"
"dbpedia_2472","Kaggle_395231","1.0"
"dbpedia_3617","Kaggle_956684","0.97581465687148"
"dbpedia_4050","Kaggle_208249","0.9462073065726353"
"dbpedia_4503","Kaggle_1276","0.9244804573576763"
"dbpedia_246","Kaggle_6797843","1.0"
"dbpedia_3474","Kaggle_31766","1.0"
"dbpedia_3588","Kaggle_6088","1.0"
"dbpedia_3295","Kaggle_6999","1.0"
"dbpedia_2203","Kaggle_108357","1.0"
"dbpedia_3974","Kaggle_351121","1.0"
"dbpedia_777","Kaggle_20959","1.0"
"dbpedia_4679","Kaggle_185163","1.0"
"dbpedia_3506","Kaggle_25799","1.0"
"dbpedia_700","Kaggle_523601","0.99609375"
"dbpedia_3100","Kaggle_84397","1.0"
"dbpedia_630","Kaggle_54298","1.0"
"dbpedia_4834","Kaggle_147365","1.0"
"dbpedia_3096","Kaggle_228","1.0"
"dbpedia_1636","Kaggle_17838","0.9173597613648633"
"dbpedia_4018","Kaggle_43843","0.8940104166666667"
"dbpedia_1066","Kaggle_69477","0.9603190104166666"
"dbpedia_3001","Kaggle_126695","0.9588853499999999"
"dbpedia_918","Kaggle_4637697","0.9418004918981481"
"dbpedia_1750","Kaggle_3128","1.0"
"dbpedia_670","Kaggle_24616","1.0"
"dbpedia_1246","Kaggle_25108","1.0"
"dbpedia_1155","Kaggle_4709","0.9384000000000001"
"dbpedia_501","Kaggle_392045","1.0"
"dbpedia_2014","Kaggle_4960","1.0"
"dbpedia_2755","Kaggle_9687","1.0"
"dbpedia_1349","Kaggle_294","1.0"
"dbpedia_3463","Kaggle_25677","0.9266066083576288"
"dbpedia_180","Kaggle_21232","1.0"
"dbpedia_4361","Kaggle_190946","1.0"
"dbpedia_1686","Kaggle_34177","1.0"
"dbpedia_1237","Kaggle_2741","1.0"
"dbpedia_4532","Kaggle_4542","0.9967937499999999"
"dbpedia_649","Kaggle_34","1.0"
"dbpedia_2150","Kaggle_110855","0.9195216049382715"
"dbpedia_775","Kaggle_43440","1.0"
"dbpedia_156","Kaggle_1406","1.0"
"dbpedia_4511","Kaggle_1230","1.0"
"dbpedia_3635","Kaggle_14561","1.0"
"dbpedia_2806","Kaggle_377","1.0"
"dbpedia_803","Kaggle_8690","0.8756351851851852"
"dbpedia_2918","Kaggle_211091","1.0"
"dbpedia_3574","Kaggle_18270","1.0"
"dbpedia_1049","Kaggle_509","1.0"
"dbpedia_4225","Kaggle_4303","0.9272434365769765"
"dbpedia_3851","Kaggle_55401","1.0"
"dbpedia_2481","Kaggle_70907","0.9227547747485056"
"dbpedia_3649","Kaggle_14794","1.0"
"dbpedia_1043","Kaggle_787","1.0"
"dbpedia_4097","Kaggle_276198","1.0"
"dbpedia_981","Kaggle_8473","0.9708000000000001"
"dbpedia_4598","Kaggle_4781","1.0"
"dbpedia_2158","Kaggle_47315","1.0"
"dbpedia_3661","Kaggle_384956","0.8987427113702624"
"dbpedia_4214","Kaggle_54830","1.0"
"dbpedia_4294","Kaggle_1503155","0.9192418981481482"
"dbpedia_4086","Kaggle_132940","0.9418579101562501"
"dbpedia_1671","Kaggle_124451","0.91273125"
"dbpedia_713","Kaggle_142503","1.0"
"dbpedia_4486","Kaggle_48312","1.0"
"dbpedia_3563","Kaggle_4143","1.0"
"dbpedia_1226","Kaggle_73979","1.0"
"dbpedia_617","Kaggle_1538772","1.0"
"dbpedia_712","Kaggle_13282","1.0"
"dbpedia_3892","Kaggle_10412","1.0"
"dbpedia_2878","Kaggle_306380","0.9153486867614086"
"dbpedia_3479","Kaggle_92945","0.9814814814814815"
"dbpedia_4611","Kaggle_43757","1.0"
"dbpedia_411","Kaggle_1623639","1.0"
"dbpedia_1433","Kaggle_12102","0.9148499999999999"
"dbpedia_3888","Kaggle_490688","1.0"
"dbpedia_2981","Kaggle_23979","0.8995595089737702"
"dbpedia_2744","Kaggle_184120","1.0"
"dbpedia_978","Kaggle_54337","1.0"
"dbpedia_3367","Kaggle_14714","1.0"
"dbpedia_237","Kaggle_12302","0.9"
"dbpedia_3378","Kaggle_173868","0.9083333333333332"
"dbpedia_3894","Kaggle_2410","1.0"
"dbpedia_985","Kaggle_83342","0.9114981481481482"
"dbpedia_42","Kaggle_8301","1.0"
"dbpedia_2195","Kaggle_185427","0.9387446650752315"
"dbpedia_157","Kaggle_82847","1.0"
"dbpedia_4623","Kaggle_189240","1.0"
"dbpedia_4207","Kaggle_6043075","1.0"
"dbpedia_912","Kaggle_65152","1.0"
"dbpedia_812","Kaggle_381","1.0"
"dbpedia_2435","Kaggle_39322","0.9181418549562683"
"dbpedia_675","Kaggle_73059","1.0"
"dbpedia_2689","Kaggle_12840","1.0"
"dbpedia_4432","Kaggle_1295","1.0"
"dbpedia_1323","Kaggle_23285","0.8989252314814814"
"dbpedia_991","Kaggle_16172","0.9155786814814814"
"dbpedia_2852","Kaggle_4152","1.0"
"dbpedia_1156","Kaggle_108415","0.9636314814814816"
"dbpedia_3155","Kaggle_314515","1.0"
"dbpedia_3776","Kaggle_48874","0.9093516621992953"
"dbpedia_3489","Kaggle_64106","0.9731481481481482"
"dbpedia_4453","Kaggle_28594","1.0"
"dbpedia_4691","Kaggle_14051","1.0"
"dbpedia_2243","Kaggle_3575077","1.0"
"dbpedia_1570","Kaggle_18830","1.0"
"dbpedia_3253","Kaggle_152281","1.0"
"dbpedia_865","Kaggle_48655","0.9200259044409768"
"dbpedia_2460","Kaggle_74415","1.0"
"dbpedia_1052","Kaggle_4302","1.0"
"dbpedia_345","Kaggle_3072","1.0"
"dbpedia_1869","Kaggle_189066","1.0"
"dbpedia_511","Kaggle_30484","0.9335648148148147"
"dbpedia_4261","Kaggle_5518244","1.0"
"dbpedia_1261","Kaggle_82369","0.97581465687148"
"dbpedia_2123","Kaggle_2435","0.8937851851851851"
"dbpedia_1503","Kaggle_73044","0.9043144497084549"
"dbpedia_4061","Kaggle_2883059","0.938377700617284"
"dbpedia_3125","Kaggle_972","1.0"
"dbpedia_774","Kaggle_147461","1.0"
"dbpedia_3862","Kaggle_148217","0.9420045844116093"
"dbpedia_419","Kaggle_164277","1.0"
"dbpedia_4335","Kaggle_153423","1.0"
"dbpedia_4239","Kaggle_3347","1.0"
"dbpedia_4256","Kaggle_1750433","0.92578125"
"dbpedia_4281","Kaggle_344969","0.9335648148148147"
"dbpedia_2520","Kaggle_166155","1.0"
"dbpedia_1906","Kaggle_2953","1.0"
"dbpedia_1717","Kaggle_233874","0.8940104166666667"
"dbpedia_2794","Kaggle_168","0.9518377332726444"
"dbpedia_1157","Kaggle_95802","0.8812500000000001"
"dbpedia_958","Kaggle_4507182","1.0"
"dbpedia_3344","Kaggle_81899","1.0"
"dbpedia_3228","Kaggle_94022","1.0"
"dbpedia_2903","Kaggle_439278","1.0"
"dbpedia_3381","Kaggle_224465","1.0"
"dbpedia_741","Kaggle_278642","1.0"
"dbpedia_3572","Kaggle_28012","1.0"
"dbpedia_2737","Kaggle_57666","1.0"
"dbpedia_1812","Kaggle_2745","0.9346027696793002"
"dbpedia_228","Kaggle_29064","1.0"
"dbpedia_3316","Kaggle_6793","1.0"
"dbpedia_3912","Kaggle_354266","1.0"
"dbpedia_2876","Kaggle_3036","1.0"
"dbpedia_3778","Kaggle_123","1.0"
"dbpedia_2304","Kaggle_4052","0.9292220062628226"
"dbpedia_3663","Kaggle_3297919","0.8921282798833818"
"dbpedia_1480","Kaggle_85284","1.0"
"dbpedia_58","Kaggle_7112648","1.0"
"dbpedia_1431","Kaggle_25064","0.9155786814814814"
"dbpedia_2219","Kaggle_10771","1.0"
"dbpedia_2890","Kaggle_22168","1.0"
"dbpedia_4217","Kaggle_13325","1.0"
"dbpedia_4020","Kaggle_10405","1.0"
"dbpedia_4126","Kaggle_251671","0.9731481481481482"
"dbpedia_3523","Kaggle_145564","1.0"
"dbpedia_1022","Kaggle_2423","1.0"
"dbpedia_2240","Kaggle_169177","1.0"
"dbpedia_2181","Kaggle_234150","0.9814814814814815"
"dbpedia_3995","Kaggle_5800","0.9695480346679687"
"dbpedia_3105","Kaggle_120275","1.0"
"dbpedia_232","Kaggle_177581","0.8992489758761948"
"dbpedia_388","Kaggle_102539","1.0"
"dbpedia_2926","Kaggle_1115667","1.0"
"dbpedia_3817","Kaggle_81107","1.0"
"dbpedia_209","Kaggle_30934","1.0"
"dbpedia_1485","Kaggle_321030","0.9556479584955916"
"dbpedia_1053","Kaggle_4585","1.0"
"dbpedia_2774","Kaggle_64922","0.8944073849170358"
"dbpedia_4411","Kaggle_7984","1.0"
"dbpedia_216","Kaggle_81658","1.0"
"dbpedia_826","Kaggle_28960","1.0"
"dbpedia_2944","Kaggle_268678","1.0"
"dbpedia_3320","Kaggle_19298","1.0"
"dbpedia_4674","Kaggle_18262","1.0"
"dbpedia_319","Kaggle_293081","0.9479166666666667"
"dbpedia_2615","Kaggle_32461","1.0"
"dbpedia_359","Kaggle_152337","0.8754551661356396"
"dbpedia_2518","Kaggle_20204","0.9556479584955916"
"dbpedia_3613","Kaggle_6072","1.0"
"dbpedia_2858","Kaggle_128359","1.0"
"dbpedia_1250","Kaggle_3710","1.0"
"dbpedia_378","Kaggle_417158","0.9806814814814814"
"dbpedia_4131","Kaggle_28861","1.0"
"dbpedia_1045","Kaggle_14978","1.0"
"dbpedia_708","Kaggle_308569","0.8804687499999999"
"dbpedia_2913","Kaggle_410","1.0"
"dbpedia_1296","Kaggle_4499","0.8862666666666668"
"dbpedia_3142","Kaggle_5977","1.0"
"dbpedia_1575","Kaggle_7180","1.0"
"dbpedia_3330","Kaggle_23110","1.0"
"dbpedia_2871","Kaggle_267684","1.0"
"dbpedia_4456","Kaggle_15857","1.0"
"dbpedia_236","Kaggle_2170","1.0"
"dbpedia_2650","Kaggle_33242","1.0"
"dbpedia_3724","Kaggle_59897","1.0"
"dbpedia_4568","Kaggle_2100","1.0"
"dbpedia_178","Kaggle_3258","0.97581465687148"
"dbpedia_1506","Kaggle_6174283","1.0"
"dbpedia_1759","Kaggle_8702","1.0"
"dbpedia_1912","Kaggle_47419","1.0"
"dbpedia_2038","Kaggle_509417","1.0"
"dbpedia_2723","Kaggle_13328","1.0"
"dbpedia_1534","Kaggle_29539","1.0"
"dbpedia_2761","Kaggle_13154","1.0"
"dbpedia_1873","Kaggle_16341","0.9684637694363458"
"dbpedia_1008","Kaggle_28802","0.9304164770141101"
"dbpedia_778","Kaggle_129310","1.0"
"dbpedia_4230","Kaggle_505078","0.8889525554522479"
"dbpedia_433","Kaggle_8849","1.0"
"dbpedia_828","Kaggle_15381","1.0"
"dbpedia_582","Kaggle_175036","1.0"
"dbpedia_2390","Kaggle_131392","0.99609375"
"dbpedia_2859","Kaggle_13804","0.9"
"dbpedia_1521","Kaggle_45020","1.0"
"dbpedia_2089","Kaggle_1044","1.0"
"dbpedia_1899","Kaggle_193393","0.8784693644261545"
"dbpedia_4687","Kaggle_5285","1.0"
"dbpedia_4670","Kaggle_294577","1.0"
"dbpedia_51","Kaggle_112609","1.0"
"dbpedia_3319","Kaggle_2390295","1.0"
"dbpedia_2010","Kaggle_8369","1.0"
"dbpedia_1932","Kaggle_10050","1.0"
"dbpedia_291","Kaggle_10129","0.9047164351851852"
"dbpedia_887","Kaggle_16255","1.0"
"dbpedia_4250","Kaggle_255","1.0"
"dbpedia_764","Kaggle_96587","0.9173597613648633"
"dbpedia_1911","Kaggle_46076","0.8881104432757325"
"dbpedia_842","Kaggle_6856077","1.0"
"dbpedia_3683","Kaggle_745","1.0"
"dbpedia_824","Kaggle_17996","1.0"
"dbpedia_2587","Kaggle_412553","1.0"
"dbpedia_3775","Kaggle_19899","1.0"
"dbpedia_4579","Kaggle_114659","1.0"
"dbpedia_2834","Kaggle_63778","0.9760091145833332"
"dbpedia_3315","Kaggle_17657","0.8775265565602556"
"dbpedia_3629","Kaggle_162090","0.8921282798833818"
"dbpedia_4562","Kaggle_7138256","0.9083333333333332"
"dbpedia_4727","Kaggle_2506","1.0"
"dbpedia_2178","Kaggle_1622129","1.0"
"dbpedia_3421","Kaggle_2687774","1.0"
"dbpedia_1407","Kaggle_5292","1.0"
"dbpedia_3883","Kaggle_330229","1.0"
"dbpedia_1817","Kaggle_189823","1.0"
"dbpedia_755","Kaggle_24773","1.0"
"dbpedia_956","Kaggle_366","1.0"
"dbpedia_4211","Kaggle_449537","0.970342110058309"
"dbpedia_4641","Kaggle_49107","0.9510127314814815"
"dbpedia_3422","Kaggle_281","1.0"
"dbpedia_4300","Kaggle_296084","0.9595683187461836"
"dbpedia_1405","Kaggle_13375","1.0"
"dbpedia_4509","Kaggle_229148","0.9384000000000001"
"dbpedia_1234","Kaggle_19750","1.0"
"dbpedia_4761","Kaggle_5185","0.8791231519411992"
"dbpedia_4726","Kaggle_601","1.0"
"dbpedia_1223","Kaggle_20379","0.9556699594569972"
"dbpedia_1760","Kaggle_89450","0.9418579101562501"
"dbpedia_593","Kaggle_4568","1.0"
"dbpedia_644","Kaggle_4047976","0.8812500000000001"
"dbpedia_1129","Kaggle_172747","0.8937210648148147"
"dbpedia_1102","Kaggle_27618","0.9670893916377316"
"dbpedia_4142","Kaggle_225223","1.0"
"dbpedia_3397","Kaggle_192268","0.8872685185185184"
"dbpedia_3257","Kaggle_3984","1.0"
"dbpedia_1350","Kaggle_4841066","1.0"
"dbpedia_4435","Kaggle_22813","0.9771987915039062"
"dbpedia_3719","Kaggle_20138","0.8995587764699334"
"dbpedia_384","Kaggle_93030","0.9391995919442085"
"dbpedia_1975","Kaggle_71892","1.0"
"dbpedia_312","Kaggle_1663057","0.8812500000000001"
"dbpedia_3968","Kaggle_105178","0.9304164770141101"
"dbpedia_691","Kaggle_7118","1.0"
"dbpedia_1635","Kaggle_156301","0.8804687499999999"
"dbpedia_2374","Kaggle_105394","0.9065000000000001"
"dbpedia_690","Kaggle_4747571","0.9065000000000001"
"dbpedia_2492","Kaggle_28780","1.0"
"dbpedia_1735","Kaggle_1147","1.0"
"dbpedia_3471","Kaggle_240412","0.9094850814814815"
"dbpedia_509","Kaggle_12679","1.0"
"dbpedia_422","Kaggle_19990","1.0"
"dbpedia_802","Kaggle_276658","0.99609375"
"dbpedia_2676","Kaggle_390","1.0"
"dbpedia_1444","Kaggle_19954","1.0"
"dbpedia_1012","Kaggle_287105","0.9083333333333332"
"dbpedia_4725","Kaggle_3609","0.8881104432757325"
"dbpedia_4021","Kaggle_952317","1.0"
"dbpedia_132","Kaggle_11115","1.0"
"dbpedia_2475","Kaggle_202808","1.0"
"dbpedia_4358","Kaggle_7772","1.0"
"dbpedia_1070","Kaggle_45177","0.8772944306750254"
"dbpedia_4542","Kaggle_3371","1.0"
"dbpedia_3110","Kaggle_5671143","1.0"
"dbpedia_3025","Kaggle_32959","1.0"
"dbpedia_340","Kaggle_72539","0.8881104432757325"
"dbpedia_4450","Kaggle_11518","1.0"
"dbpedia_3356","Kaggle_45663","0.92578125"
"dbpedia_4536","Kaggle_612","1.0"
"dbpedia_3408","Kaggle_171617","1.0"
"dbpedia_2889","Kaggle_66353","0.9928874999999999"
"dbpedia_1278","Kaggle_2734322","1.0"
"dbpedia_3544","Kaggle_7100","0.9335648148148147"
"dbpedia_373","Kaggle_44748","1.0"
"dbpedia_702","Kaggle_467445","1.0"
"dbpedia_4402","Kaggle_1549","1.0"
"dbpedia_1279","Kaggle_1291","1.0"
"dbpedia_3093","Kaggle_482357","0.89929130859375"
"dbpedia_401","Kaggle_303647","1.0"
"dbpedia_2036","Kaggle_41637","1.0"
"dbpedia_1742","Kaggle_2655678","1.0"
"dbpedia_507","Kaggle_49124","1.0"
"dbpedia_1447","Kaggle_45425","1.0"
"dbpedia_3296","Kaggle_8327","0.8881104432757325"
"dbpedia_1832","Kaggle_50302","1.0"
"dbpedia_47","Kaggle_126814","0.9014648148148149"
"dbpedia_614","Kaggle_27859","1.0"
"dbpedia_738","Kaggle_2421574","1.0"
"dbpedia_281","Kaggle_161763","1.0"
"dbpedia_3540","Kaggle_26272","1.0"
"dbpedia_91","Kaggle_184382","0.8812500000000001"
"dbpedia_3314","Kaggle_27907","1.0"
"dbpedia_4672","Kaggle_275361","1.0"
"dbpedia_2405","Kaggle_127374","0.9731481481481482"
"dbpedia_379","Kaggle_3013","1.0"
"dbpedia_2057","Kaggle_8032","1.0"
"dbpedia_3770","Kaggle_5089","1.0"
"dbpedia_3348","Kaggle_76","1.0"
"dbpedia_747","Kaggle_71589","0.9556479584955916"
"dbpedia_2533","Kaggle_161006","0.9814814814814815"
"dbpedia_4774","Kaggle_130875","1.0"
"dbpedia_189","Kaggle_24609","1.0"
"dbpedia_2177","Kaggle_19305","1.0"
"dbpedia_1496","Kaggle_221492","0.8872685185185184"
"dbpedia_253","Kaggle_87936","0.8812500000000001"
"dbpedia_4070","Kaggle_16891","1.0"
"dbpedia_4279","Kaggle_152","1.0"
"dbpedia_3897","Kaggle_141014","0.9670893916377316"
"dbpedia_3150","Kaggle_19400","1.0"
"dbpedia_4295","Kaggle_18983","1.0"
"dbpedia_3884","Kaggle_18514","1.0"
"dbpedia_1850","Kaggle_18437","1.0"
"dbpedia_120","Kaggle_70024","0.9272434365769765"
"dbpedia_2703","Kaggle_5687132","1.0"
"dbpedia_233","Kaggle_24231","1.0"
"dbpedia_3453","Kaggle_3905","1.0"
"dbpedia_1953","Kaggle_90057","0.9848620687461835"
"dbpedia_1678","Kaggle_352486","1.0"
"dbpedia_9","Kaggle_2032","1.0"
"dbpedia_2376","Kaggle_228061","1.0"
"dbpedia_1905","Kaggle_5881083","1.0"
"dbpedia_317","Kaggle_2287","1.0"
"dbpedia_1040","Kaggle_407175","0.9178206997084548"
"dbpedia_1393","Kaggle_196244","0.8812500000000001"
"dbpedia_782","Kaggle_41565","1.0"
"dbpedia_1646","Kaggle_1029454","0.9206235912847482"
"dbpedia_759","Kaggle_2349927","1.0"
"dbpedia_4023","Kaggle_18095","0.9237654320987655"
"dbpedia_3355","Kaggle_75357","0.9325617283950618"
"dbpedia_3865","Kaggle_268321","1.0"
"dbpedia_3435","Kaggle_265693","0.9083333333333332"
"dbpedia_3699","Kaggle_15499","1.0"
"dbpedia_3739","Kaggle_25491","1.0"
"dbpedia_2975","Kaggle_873","1.0"
"dbpedia_3728","Kaggle_12293","1.0"
"dbpedia_92","Kaggle_165080","1.0"
"dbpedia_481","Kaggle_483845","1.0"
"dbpedia_2611","Kaggle_1304","1.0"
"dbpedia_2421","Kaggle_35336","1.0"
"dbpedia_1006","Kaggle_615","1.0"
"dbpedia_68","Kaggle_91179","0.9155700194363459"
"dbpedia_4090","Kaggle_6027164","1.0"
"dbpedia_1764","Kaggle_181927","1.0"
"dbpedia_1811","Kaggle_78172","1.0"
"dbpedia_4458","Kaggle_5948","1.0"
"dbpedia_3500","Kaggle_18070","1.0"
"dbpedia_4685","Kaggle_19059","1.0"
"dbpedia_2272","Kaggle_332395","0.9056618311827074"
"dbpedia_4484","Kaggle_406800","0.92527575"
"dbpedia_2078","Kaggle_2070","1.0"
"dbpedia_1490","Kaggle_133783","1.0"
"dbpedia_866","Kaggle_63871","0.96759375"
"dbpedia_634","Kaggle_115175","0.98170166015625"
"dbpedia_2432","Kaggle_12121","1.0"
"dbpedia_3095","Kaggle_44318","1.0"
"dbpedia_4138","Kaggle_108527","1.0"
"dbpedia_2196","Kaggle_489","1.0"
"dbpedia_2606","Kaggle_11742","1.0"
"dbpedia_1132","Kaggle_57176","1.0"
"dbpedia_2022","Kaggle_9694","1.0"
"dbpedia_2894","Kaggle_3597","0.9093516621992953"
"dbpedia_211","Kaggle_37431","1.0"
"dbpedia_2917","Kaggle_2148","1.0"
"dbpedia_2904","Kaggle_9323","1.0"
"dbpedia_4698","Kaggle_56027","1.0"
"dbpedia_72","Kaggle_296165","0.9556479584955916"
"dbpedia_165","Kaggle_46463","0.9814814814814815"
"dbpedia_757","Kaggle_508948","1.0"
"dbpedia_724","Kaggle_210454","1.0"
"dbpedia_272","Kaggle_235241","1.0"
"dbpedia_81","Kaggle_40961","0.9064904235503726"
"dbpedia_1860","Kaggle_99971","1.0"
"dbpedia_3533","Kaggle_31235","1.0"
"dbpedia_1952","Kaggle_125159","0.970249800227665"
"dbpedia_1541","Kaggle_22190","1.0"
"dbpedia_4091","Kaggle_1316","1.0"
"dbpedia_3188","Kaggle_28925","1.0"
"dbpedia_2850","Kaggle_93899","0.9041363521865888"
"dbpedia_2496","Kaggle_1855","1.0"
"dbpedia_2976","Kaggle_19384","1.0"
"dbpedia_946","Kaggle_1294617","1.0"
"dbpedia_2680","Kaggle_11582","1.0"
"dbpedia_313","Kaggle_37756","1.0"
"dbpedia_1247","Kaggle_96947","0.96759375"
"dbpedia_745","Kaggle_15352","1.0"
"dbpedia_3971","Kaggle_95584","1.0"
"dbpedia_3691","Kaggle_5318","1.0"
"dbpedia_4476","Kaggle_8545","1.0"
"dbpedia_368","Kaggle_20819","1.0"
"dbpedia_3693","Kaggle_144892","1.0"
"dbpedia_659","Kaggle_253","1.0"
"dbpedia_4354","Kaggle_69183","1.0"
"dbpedia_151","Kaggle_75788","1.0"
"dbpedia_4823","Kaggle_176131","0.8947944229594953"
"dbpedia_1770","Kaggle_1118","1.0"
"dbpedia_4210","Kaggle_4840","1.0"
"dbpedia_3970","Kaggle_155416","0.8921282798833818"
"dbpedia_945","Kaggle_357968","0.9090699947456579"
"dbpedia_954","Kaggle_161173","0.9636314814814816"
"dbpedia_3313","Kaggle_4447959","1.0"
"dbpedia_4209","Kaggle_456","1.0"
"dbpedia_2610","Kaggle_1129","1.0"
"dbpedia_2578","Kaggle_3458","1.0"
"dbpedia_3374","Kaggle_3453001","1.0"
"dbpedia_2028","Kaggle_2040764","1.0"
"dbpedia_2603","Kaggle_6254328","1.0"
"dbpedia_4269","Kaggle_507","1.0"
"dbpedia_545","Kaggle_45600","1.0"
"dbpedia_191","Kaggle_204202","1.0"
"dbpedia_4169","Kaggle_316829","1.0"
"dbpedia_393","Kaggle_1036","1.0"
"dbpedia_602","Kaggle_149","1.0"
"dbpedia_2867","Kaggle_19832","1.0"
"dbpedia_2268","Kaggle_19129","1.0"
"dbpedia_605","Kaggle_58673","1.0"
"dbpedia_3953","Kaggle_484751","1.0"
"dbpedia_1580","Kaggle_103087","1.0"
"dbpedia_2003","Kaggle_3102","0.8872685185185184"
"dbpedia_2865","Kaggle_107692","0.8772906750443012"
"dbpedia_890","Kaggle_13452","0.9418579101562501"
"dbpedia_252","Kaggle_12037","1.0"
"dbpedia_77","Kaggle_20829","1.0"
"dbpedia_3450","Kaggle_1583683","1.0"
"dbpedia_3143","Kaggle_7678","0.8856732139222472"
"dbpedia_4245","Kaggle_79783","1.0"
"dbpedia_2187","Kaggle_5712438","0.99609375"
"dbpedia_1914","Kaggle_185055","0.8989252314814814"
"dbpedia_598","Kaggle_54241","0.9089166666666666"
"dbpedia_4213","Kaggle_6804866","0.8948314063500015"
"dbpedia_3610","Kaggle_277269","1.0"
"dbpedia_2724","Kaggle_138134","1.0"
"dbpedia_2805","Kaggle_291448","0.9588853499999999"
"dbpedia_996","Kaggle_27135","0.9047164351851852"
"dbpedia_3480","Kaggle_25950","0.9782752314814814"
"dbpedia_998","Kaggle_46274","1.0"
"dbpedia_2043","Kaggle_76781","1.0"
"dbpedia_1916","Kaggle_145645","0.9598342511607817"
"dbpedia_2388","Kaggle_57737","1.0"
"dbpedia_3266","Kaggle_66247","1.0"
"dbpedia_358","Kaggle_3587252","0.8754551661356396"
"dbpedia_2406","Kaggle_164411","1.0"
"dbpedia_2457","Kaggle_1931","1.0"
"dbpedia_4430","Kaggle_154206","1.0"
"dbpedia_427","Kaggle_165392","0.9364589420374544"
"dbpedia_3546","Kaggle_1474986","1.0"
"dbpedia_4693","Kaggle_665","0.9083333333333332"
"dbpedia_2235","Kaggle_351609","0.9479862562299871"
"dbpedia_2986","Kaggle_139498","1.0"
"dbpedia_273","Kaggle_561503","1.0"
"dbpedia_4105","Kaggle_23546","0.9206235912847482"
"dbpedia_3379","Kaggle_176685","0.9676708441818032"
"dbpedia_4101","Kaggle_13340","1.0"
"dbpedia_204","Kaggle_29490","0.9083333333333332"
"dbpedia_3871","Kaggle_22","1.0"
"dbpedia_4713","Kaggle_17228","1.0"
"dbpedia_3878","Kaggle_287861","1.0"
"dbpedia_4395","Kaggle_5841910","0.9450183187461836"
"dbpedia_858","Kaggle_325775","0.9305002314814815"
"dbpedia_2461","Kaggle_115717","0.9509259259259258"
"dbpedia_897","Kaggle_139289","0.918237565740045"
"dbpedia_4112","Kaggle_55445","1.0"
"dbpedia_3738","Kaggle_817","1.0"
"dbpedia_2930","Kaggle_18995","1.0"
"dbpedia_140","Kaggle_43571","1.0"
"dbpedia_4059","Kaggle_30737","1.0"
"dbpedia_1611","Kaggle_37","1.0"
"dbpedia_2925","Kaggle_190189","1.0"
"dbpedia_1443","Kaggle_190073","0.9364589420374544"
"dbpedia_3494","Kaggle_372","1.0"
"dbpedia_2301","Kaggle_77802","0.9507153645833333"
"dbpedia_1600","Kaggle_1788","1.0"
"dbpedia_1358","Kaggle_6776","0.8831018518518519"
"dbpedia_1739","Kaggle_41","1.0"
"dbpedia_3573","Kaggle_57773","0.9670893916377316"
"dbpedia_2866","Kaggle_17479","0.9510127314814815"
"dbpedia_1794","Kaggle_138","1.0"
"dbpedia_3829","Kaggle_133829","0.8836751607601904"
"dbpedia_3869","Kaggle_54148","0.9305002314814815"
"dbpedia_4135","Kaggle_1172","1.0"
"dbpedia_1067","Kaggle_10809","1.0"
"dbpedia_3386","Kaggle_23968","1.0"
"dbpedia_409","Kaggle_4740250","0.8812500000000001"
"dbpedia_35","Kaggle_39685","0.8804687499999999"
"dbpedia_441","Kaggle_49395","1.0"
"dbpedia_3140","Kaggle_169547","1.0"
"dbpedia_2965","Kaggle_17843","1.0"
"dbpedia_1786","Kaggle_14975","1.0"
"dbpedia_1834","Kaggle_21057","0.9458550727662297"
"dbpedia_1599","Kaggle_63185","1.0"
"dbpedia_4809","Kaggle_11060","1.0"
"dbpedia_4194","Kaggle_196017","1.0"
"dbpedia_259","Kaggle_92823","1.0"
"dbpedia_3121","Kaggle_44656","1.0"
"dbpedia_4083","Kaggle_92420","1.0"
"dbpedia_2269","Kaggle_52239","0.9951644497084549"
"dbpedia_2076","Kaggle_113475","0.978917793638868"
"dbpedia_1369","Kaggle_402","1.0"
"dbpedia_41","Kaggle_13797","1.0"
"dbpedia_2067","Kaggle_114729","1.0"
"dbpedia_781","Kaggle_39844","1.0"
"dbpedia_831","Kaggle_450019","1.0"
"dbpedia_972","Kaggle_383229","0.8812500000000001"
"dbpedia_453","Kaggle_9701","1.0"
"dbpedia_4441","Kaggle_1048607","0.9636314814814816"
"dbpedia_360","Kaggle_1732","1.0"
"dbpedia_975","Kaggle_824630","1.0"
"dbpedia_3819","Kaggle_36556","1.0"
"dbpedia_3645","Kaggle_105788","1.0"
"dbpedia_4307","Kaggle_36403","1.0"
"dbpedia_55","Kaggle_38649","0.9598342511607817"
"dbpedia_1633","Kaggle_286048","0.9434729526671675"
"dbpedia_231","Kaggle_41081","1.0"
"dbpedia_3943","Kaggle_440","1.0"
"dbpedia_243","Kaggle_3700","1.0"
"dbpedia_2752","Kaggle_27173","1.0"
"dbpedia_550","Kaggle_8072","1.0"
"dbpedia_2485","Kaggle_123130","0.9458550727662297"
"dbpedia_4494","Kaggle_77","1.0"
"dbpedia_3497","Kaggle_45109","1.0"
"dbpedia_4275","Kaggle_15435","0.9346027696793002"
"dbpedia_3823","Kaggle_474436","1.0"
"dbpedia_3343","Kaggle_46303","0.9001989293981482"
"dbpedia_3276","Kaggle_55795","1.0"
"dbpedia_2310","Kaggle_60475","1.0"
"dbpedia_556","Kaggle_6009","1.0"
"dbpedia_3789","Kaggle_3165","1.0"
"dbpedia_3611","Kaggle_953","0.92578125"
"dbpedia_2211","Kaggle_76421","1.0"
"dbpedia_4808","Kaggle_187591","0.9577932098765433"
"dbpedia_3854","Kaggle_8421","1.0"
"dbpedia_2842","Kaggle_142680","0.9470703125"
"dbpedia_642","Kaggle_85012","1.0"
"dbpedia_4418","Kaggle_48933","1.0"
"dbpedia_4703","Kaggle_5823","1.0"
"dbpedia_174","Kaggle_5261","1.0"
"dbpedia_813","Kaggle_42658","0.9207930953414353"
"dbpedia_4107","Kaggle_48755","1.0"
"dbpedia_16","Kaggle_56026","1.0"
"dbpedia_2559","Kaggle_297775","1.0"
"dbpedia_2820","Kaggle_144493","1.0"
"dbpedia_3547","Kaggle_95407","1.0"
"dbpedia_2422","Kaggle_367373","1.0"
"dbpedia_3048","Kaggle_131769","0.8784693644261545"
"dbpedia_2668","Kaggle_1915888","1.0"
"dbpedia_885","Kaggle_9036","1.0"
"dbpedia_3914","Kaggle_190","0.8993403165886399"
"dbpedia_4299","Kaggle_22500","1.0"
"dbpedia_4681","Kaggle_8","1.0"
"dbpedia_3402","Kaggle_33989","1.0"
"dbpedia_3511","Kaggle_18840","1.0"
"dbpedia_1859","Kaggle_43654","1.0"
"dbpedia_3822","Kaggle_5532514","0.8812500000000001"
"dbpedia_2527","Kaggle_17725","1.0"
"dbpedia_4586","Kaggle_16136","1.0"
"dbpedia_4534","Kaggle_5613626","0.8812500000000001"
"dbpedia_490","Kaggle_147402","0.9198834724201099"
"dbpedia_3972","Kaggle_29904","1.0"
"dbpedia_1363","Kaggle_284665","1.0"
"dbpedia_2681","Kaggle_138773","1.0"
"dbpedia_4367","Kaggle_4166","1.0"
"dbpedia_3294","Kaggle_7274","1.0"
"dbpedia_3940","Kaggle_2601","1.0"
"dbpedia_2535","Kaggle_11724","1.0"
"dbpedia_922","Kaggle_76415","0.9237654320987655"
"dbpedia_871","Kaggle_5774536","1.0"
"dbpedia_4340","Kaggle_349897","0.8831018518518519"
"dbpedia_4085","Kaggle_294938","0.8857863450159309"
"dbpedia_1771","Kaggle_1340","1.0"
"dbpedia_962","Kaggle_113260","1.0"
"dbpedia_4396","Kaggle_34737","0.9450183187461836"
"dbpedia_2710","Kaggle_1602792","1.0"
"dbpedia_85","Kaggle_2775","1.0"
"dbpedia_2159","Kaggle_154745","0.9148499999999999"
"dbpedia_4629","Kaggle_61168","1.0"
"dbpedia_343","Kaggle_325660","0.9346027696793002"
"dbpedia_2000","Kaggle_1485","0.8812500000000001"
"dbpedia_1689","Kaggle_211606","0.9731481481481482"
"dbpedia_176","Kaggle_100145","1.0"
"dbpedia_1399","Kaggle_128948","0.8812500000000001"
"dbpedia_1308","Kaggle_6670629","1.0"
"dbpedia_3576","Kaggle_12874","1.0"
"dbpedia_4651","Kaggle_339377","0.8756351851851852"
"dbpedia_3298","Kaggle_80167","1.0"
"dbpedia_1512","Kaggle_5685400","1.0"
"dbpedia_3918","Kaggle_155361","1.0"
"dbpedia_1020","Kaggle_184444","0.9237654320987655"
"dbpedia_2564","Kaggle_6641","1.0"
"dbpedia_1230","Kaggle_530049","0.9114981481481482"
"dbpedia_1424","Kaggle_10609","1.0"
"dbpedia_3481","Kaggle_94275","1.0"
"dbpedia_4094","Kaggle_70466","0.8945473251028806"
"dbpedia_848","Kaggle_216709","0.9450183187461836"
"dbpedia_3619","Kaggle_22977","0.9571500464162737"
"dbpedia_255","Kaggle_445535","0.8812500000000001"
"dbpedia_1119","Kaggle_17412","1.0"
"dbpedia_1642","Kaggle_85498","0.9505831753899985"
"dbpedia_746","Kaggle_15547","1.0"
"dbpedia_446","Kaggle_108398","1.0"
"dbpedia_4561","Kaggle_7007986","0.9083333333333332"
"dbpedia_4814","Kaggle_183202","0.8808774594907408"
"dbpedia_4474","Kaggle_11467","1.0"
"dbpedia_172","Kaggle_7016","1.0"
"dbpedia_1327","Kaggle_56522","0.9814814814814815"
"dbpedia_2001","Kaggle_86495","1.0"
"dbpedia_1351","Kaggle_101485","1.0"
"dbpedia_93","Kaggle_147327","1.0"
"dbpedia_3414","Kaggle_2687212","0.9470703125"
"dbpedia_57","Kaggle_42698","1.0"
"dbpedia_1231","Kaggle_148565","0.9458550727662297"
"dbpedia_2467","Kaggle_394991","0.8952833333333332"
"dbpedia_4741","Kaggle_9853","1.0"
"dbpedia_1605","Kaggle_43032","1.0"
"dbpedia_2594","Kaggle_60852","1.0"
"dbpedia_2674","Kaggle_9236","0.8945473251028806"
"dbpedia_274","Kaggle_34762","1.0"
"dbpedia_547","Kaggle_96895","1.0"
"dbpedia_4163","Kaggle_529256","0.9231153645833332"
"dbpedia_2428","Kaggle_4580","0.9029039790519383"
"dbpedia_3873","Kaggle_19897","1.0"
"dbpedia_4798","Kaggle_199072","0.89929130859375"
"dbpedia_3334","Kaggle_92102","0.8921282798833818"
"dbpedia_3706","Kaggle_311038","1.0"
"dbpedia_2204","Kaggle_124426","0.9670893916377316"
"dbpedia_1232","Kaggle_4689","1.0"
"dbpedia_2843","Kaggle_91285","1.0"
"dbpedia_2596","Kaggle_41049","1.0"
"dbpedia_1805","Kaggle_175156","1.0"
"dbpedia_3501","Kaggle_91428","0.9731481481481482"
"dbpedia_1683","Kaggle_106834","0.9418579101562501"
"dbpedia_3818","Kaggle_140285","0.9198206753899987"
"dbpedia_1165","Kaggle_52358","0.9479862562299871"
"dbpedia_4323","Kaggle_13990","0.8812500000000001"
"dbpedia_480","Kaggle_149684","1.0"
"dbpedia_315","Kaggle_9172","1.0"
"dbpedia_4499","Kaggle_86363","1.0"
"dbpedia_1650","Kaggle_49625","1.0"
"dbpedia_3616","Kaggle_32566","1.0"
"dbpedia_2711","Kaggle_8670","1.0"
"dbpedia_1589","Kaggle_64884","1.0"
"dbpedia_2074","Kaggle_140","1.0"
"dbpedia_2891","Kaggle_21340","1.0"
"dbpedia_4116","Kaggle_239696","0.90944367486852"
"dbpedia_4821","Kaggle_1970","1.0"
"dbpedia_2033","Kaggle_11222","1.0"
"dbpedia_1821","Kaggle_3395","0.9193506370802288"
"dbpedia_398","Kaggle_25959","0.9254875"
"dbpedia_795","Kaggle_1256","1.0"
"dbpedia_4784","Kaggle_127610","0.8766651536739263"
"dbpedia_2595","Kaggle_104932","1.0"
"dbpedia_154","Kaggle_9575","1.0"
"dbpedia_827","Kaggle_4643466","0.8965740474385785"
"dbpedia_1044","Kaggle_93646","0.9305002314814815"
"dbpedia_3370","Kaggle_60342","1.0"
"dbpedia_2255","Kaggle_4941","1.0"
"dbpedia_1545","Kaggle_26147","1.0"
"dbpedia_3522","Kaggle_34487","1.0"
"dbpedia_2487","Kaggle_6993","1.0"
"dbpedia_3607","Kaggle_67630","0.9814814814814815"
"dbpedia_693","Kaggle_6769","0.9442730814814814"
"dbpedia_1929","Kaggle_278283","0.8770503291377315"
"dbpedia_2759","Kaggle_32268","1.0"
"dbpedia_20","Kaggle_3491038","1.0"
"dbpedia_2563","Kaggle_380345","0.9510127314814815"
"dbpedia_888","Kaggle_6719","1.0"
"dbpedia_4583","Kaggle_68062","1.0"
"dbpedia_1639","Kaggle_2839","1.0"
"dbpedia_2927","Kaggle_11344","1.0"
"dbpedia_3893","Kaggle_45346","0.9418579101562501"
"dbpedia_1713","Kaggle_2322","1.0"
"dbpedia_2969","Kaggle_43427","1.0"
"dbpedia_2897","Kaggle_84673","0.9384000000000001"
"dbpedia_959","Kaggle_16294","1.0"
"dbpedia_2093","Kaggle_2977590","0.9028456048084148"
"dbpedia_338","Kaggle_69116","0.9305002314814815"
"dbpedia_783","Kaggle_191515","1.0"
"dbpedia_4257","Kaggle_30025","1.0"
"dbpedia_3666","Kaggle_258284","0.9450183187461836"
"dbpedia_3438","Kaggle_9119","1.0"
"dbpedia_2153","Kaggle_2979920","1.0"
"dbpedia_1813","Kaggle_20980","1.0"
"dbpedia_517","Kaggle_17","1.0"
"dbpedia_177","Kaggle_101618","1.0"
"dbpedia_2450","Kaggle_14996","0.9384295781506525"
"dbpedia_459","Kaggle_6852577","1.0"
"dbpedia_3101","Kaggle_603","0.9097469742077081"
"dbpedia_134","Kaggle_163387","1.0"
"dbpedia_3444","Kaggle_210840","0.9565190472215265"
"dbpedia_1060","Kaggle_216","1.0"
"dbpedia_244","Kaggle_36895","1.0"
"dbpedia_3702","Kaggle_1700","1.0"
"dbpedia_2935","Kaggle_2461","1.0"
"dbpedia_468","Kaggle_30710","0.970249800227665"
"dbpedia_36","Kaggle_405996","1.0"
"dbpedia_280","Kaggle_123375","1.0"
"dbpedia_3417","Kaggle_80788","1.0"
"dbpedia_3259","Kaggle_250401","1.0"
"dbpedia_145","Kaggle_269264","1.0"
"dbpedia_2133","Kaggle_144228","0.9127640335648147"
"dbpedia_3981","Kaggle_120323","0.9520833333333332"
"dbpedia_750","Kaggle_134766","0.9265395043731779"
"dbpedia_3915","Kaggle_5274123","0.8993403165886399"
"dbpedia_1744","Kaggle_1141","1.0"
"dbpedia_3874","Kaggle_14015","1.0"
"dbpedia_1857","Kaggle_15580","0.9587430882179403"
"dbpedia_2814","Kaggle_232984","0.8995587764699334"
"dbpedia_256","Kaggle_77361","0.8812500000000001"
"dbpedia_980","Kaggle_3455525","1.0"
"dbpedia_4011","Kaggle_322574","1.0"
"dbpedia_3192","Kaggle_424619","1.0"
"dbpedia_4122","Kaggle_9950","1.0"
"dbpedia_4220","Kaggle_19820","1.0"
"dbpedia_2793","Kaggle_199213","0.9518377332726444"
"dbpedia_684","Kaggle_10234","1.0"
"dbpedia_306","Kaggle_2769577","0.9185450111505294"
"dbpedia_2443","Kaggle_104092","0.9598342511607817"
"dbpedia_549","Kaggle_66647","0.938377700617284"
"dbpedia_45","Kaggle_139996","0.9391995919442085"
"dbpedia_7","Kaggle_2473580","1.0"
"dbpedia_3456","Kaggle_7525","1.0"
"dbpedia_4828","Kaggle_69692","1.0"
"dbpedia_3187","Kaggle_15467","0.9418004918981481"
"dbpedia_2827","Kaggle_929","1.0"
"dbpedia_902","Kaggle_26935","1.0"
"dbpedia_3014","Kaggle_13300","0.9148499999999999"
"dbpedia_381","Kaggle_98530","0.9670893916377316"
"dbpedia_1815","Kaggle_314267","0.92865"
"dbpedia_2954","Kaggle_511049","0.913341924757214"
"dbpedia_4636","Kaggle_291524","0.9598342511607817"
"dbpedia_2230","Kaggle_68115","1.0"
"dbpedia_3235","Kaggle_20792","1.0"
"dbpedia_1025","Kaggle_185","1.0"
"dbpedia_4597","Kaggle_18911","1.0"
"dbpedia_841","Kaggle_63858","0.9155700194363459"
"dbpedia_2844","Kaggle_255892","1.0"
"dbpedia_264","Kaggle_255305","0.92578125"
"dbpedia_4205","Kaggle_6397","1.0"
"dbpedia_3557","Kaggle_36617","0.969870699708455"
"dbpedia_365","Kaggle_106478","0.9083333333333332"
"dbpedia_3129","Kaggle_30389","1.0"
"dbpedia_852","Kaggle_1733","1.0"
"dbpedia_1299","Kaggle_151922","0.91273125"
"dbpedia_1712","Kaggle_538480","0.8804687499999999"
"dbpedia_2731","Kaggle_660","1.0"
"dbpedia_2824","Kaggle_99233","1.0"
"dbpedia_727","Kaggle_114770","1.0"
"dbpedia_1280","Kaggle_12155","1.0"
"dbpedia_3864","Kaggle_51563","1.0"
"dbpedia_230","Kaggle_7213","0.8850854403660734"
"dbpedia_1291","Kaggle_5534825","0.8870448338643604"
"dbpedia_3627","Kaggle_304011","1.0"
"dbpedia_1647","Kaggle_110267","1.0"
"dbpedia_164","Kaggle_246911","1.0"
"dbpedia_4719","Kaggle_255116","1.0"
"dbpedia_160","Kaggle_24801","0.9197788065843621"
"dbpedia_1056","Kaggle_40742","1.0"
"dbpedia_454","Kaggle_402032","0.9159663447627314"
"dbpedia_2540","Kaggle_303","1.0"
"dbpedia_3650","Kaggle_2761","0.8804056499999999"
"dbpedia_3247","Kaggle_40640","1.0"
"dbpedia_2773","Kaggle_2129478","0.8944073849170358"
"dbpedia_2075","Kaggle_2984","1.0"
"dbpedia_1486","Kaggle_132555","1.0"
"dbpedia_825","Kaggle_115783","1.0"
"dbpedia_2353","Kaggle_131677","1.0"
"dbpedia_4413","Kaggle_191399","1.0"
"dbpedia_3615","Kaggle_191182","0.9224081378523526"
"dbpedia_2065","Kaggle_29562","1.0"
"dbpedia_3638","Kaggle_140005","1.0"
"dbpedia_3911","Kaggle_4092375","1.0"
"dbpedia_4336","Kaggle_106089","0.9305002314814815"
"dbpedia_1942","Kaggle_3364","0.9598342511607817"
"dbpedia_820","Kaggle_10773","0.9553206997084549"
"dbpedia_1658","Kaggle_11993","1.0"
"dbpedia_4757","Kaggle_7835","1.0"
"dbpedia_2977","Kaggle_5279","1.0"
"dbpedia_2884","Kaggle_15525","0.9083333333333332"
"dbpedia_4657","Kaggle_240544","1.0"
"dbpedia_1574","Kaggle_116576","1.0"
"dbpedia_301","Kaggle_16535","1.0"
"dbpedia_542","Kaggle_10860","0.8914723032069972"
"dbpedia_192","Kaggle_5203541","1.0"
"dbpedia_18","Kaggle_5967","1.0"
"dbpedia_773","Kaggle_2018","1.0"
"dbpedia_1532","Kaggle_84273","1.0"
"dbpedia_2558","Kaggle_201301","0.9346027696793002"
"dbpedia_806","Kaggle_33845","1.0"
"dbpedia_1725","Kaggle_16627","1.0"
"dbpedia_375","Kaggle_231953","0.9510127314814815"
"dbpedia_4034","Kaggle_2738","1.0"
"dbpedia_639","Kaggle_18236","1.0"
"dbpedia_2729","Kaggle_2908164","1.0"
"dbpedia_238","Kaggle_6534898","1.0"
"dbpedia_1685","Kaggle_23728","0.900686647617121"
"dbpedia_4514","Kaggle_190878","1.0"
"dbpedia_2825","Kaggle_1308","1.0"
"dbpedia_4283","Kaggle_18089","1.0"
"dbpedia_661","Kaggle_66435","1.0"
"dbpedia_3423","Kaggle_100286","0.8989252314814814"
"dbpedia_4385","Kaggle_75547","1.0"
"dbpedia_400","Kaggle_9697","1.0"
"dbpedia_3236","Kaggle_776308","1.0"
"dbpedia_3514","Kaggle_2477180","1.0"
"dbpedia_3747","Kaggle_3068888","1.0"
"dbpedia_1322","Kaggle_451","0.8989252314814814"
"dbpedia_3938","Kaggle_11300","0.9159663447627314"
"dbpedia_3225","Kaggle_8154","1.0"
"dbpedia_123","Kaggle_41424","0.9159663447627314"
"dbpedia_2787","Kaggle_107217","0.99609375"
"dbpedia_3275","Kaggle_49185","1.0"
"dbpedia_2101","Kaggle_69465","1.0"
"dbpedia_1819","Kaggle_11069","0.9195216049382715"
"dbpedia_4646","Kaggle_384076","0.970249800227665"
"dbpedia_3586","Kaggle_553","1.0"
"dbpedia_26","Kaggle_6864","1.0"
"dbpedia_1656","Kaggle_41314","1.0"
"dbpedia_1257","Kaggle_49284","1.0"
"dbpedia_2838","Kaggle_308248","1.0"
"dbpedia_4753","Kaggle_1361","0.8872685185185184"
"dbpedia_30","Kaggle_277602","0.8921282798833818"
"dbpedia_239","Kaggle_313","1.0"
"dbpedia_2179","Kaggle_14968","0.9814814814814815"
"dbpedia_56","Kaggle_188414","1.0"
"dbpedia_492","Kaggle_24833","1.0"
"dbpedia_3252","Kaggle_37788","0.9450183187461836"
"dbpedia_2911","Kaggle_53614","1.0"
"dbpedia_4308","Kaggle_1668","1.0"
"dbpedia_284","Kaggle_1690","1.0"
"dbpedia_811","Kaggle_20070","0.9466271346448861"
"dbpedia_1488","Kaggle_146577","1.0"
"dbpedia_2456","Kaggle_74588","1.0"
"dbpedia_402","Kaggle_366861","1.0"
"dbpedia_2182","Kaggle_51954","0.9349399416909621"
"dbpedia_33","Kaggle_174","1.0"
"dbpedia_1930","Kaggle_74371","0.8831018518518519"
"dbpedia_286","Kaggle_25939","0.9148499999999999"
"dbpedia_1378","Kaggle_111732","1.0"
"dbpedia_2771","Kaggle_4383","0.9159663447627314"
"dbpedia_2645","Kaggle_59637","1.0"
"dbpedia_2052","Kaggle_11323","0.8765770385742188"
"dbpedia_4812","Kaggle_40578","0.9556479584955916"
"dbpedia_2234","Kaggle_2771","1.0"
"dbpedia_1400","Kaggle_116424","0.99609375"
"dbpedia_4734","Kaggle_8290","1.0"
"dbpedia_136","Kaggle_36061","1.0"
"dbpedia_3398","Kaggle_6846657","0.8872685185185184"
"dbpedia_1362","Kaggle_414662","0.903700845907636"
"dbpedia_2701","Kaggle_41558","1.0"
"dbpedia_705","Kaggle_80126","1.0"
"dbpedia_2705","Kaggle_4435","0.98170166015625"
"dbpedia_3430","Kaggle_45440","1.0"
"dbpedia_1701","Kaggle_95832","1.0"
"dbpedia_867","Kaggle_68128","1.0"
"dbpedia_1260","Kaggle_29099","0.965625"
"dbpedia_2256","Kaggle_27690","1.0"
"dbpedia_4621","Kaggle_55611","0.9325617283950618"
"dbpedia_4436","Kaggle_11769","1.0"
"dbpedia_2362","Kaggle_174634","1.0"
"dbpedia_4168","Kaggle_19683","1.0"
"dbpedia_2274","Kaggle_181146","0.9598342511607817"
"dbpedia_325","Kaggle_123540","1.0"
"dbpedia_4682","Kaggle_713259","1.0"
"dbpedia_1785","Kaggle_7575","0.965625"
"dbpedia_4475","Kaggle_250724","0.9200259044409768"
"dbpedia_2046","Kaggle_160336","1.0"
"dbpedia_4422","Kaggle_431","1.0"
"dbpedia_1039","Kaggle_27133","1.0"
"dbpedia_3852","Kaggle_39161","0.9148499999999999"
"dbpedia_1464","Kaggle_16668","1.0"
"dbpedia_2738","Kaggle_148467","1.0"
"dbpedia_4265","Kaggle_4176","1.0"
"dbpedia_1972","Kaggle_166514","0.9294625743026976"
"dbpedia_4723","Kaggle_215255","1.0"
"dbpedia_2194","Kaggle_28572","0.9083333333333332"
"dbpedia_4800","Kaggle_118529","1.0"
"dbpedia_988","Kaggle_12645","1.0"
"dbpedia_4128","Kaggle_90730","0.95625"
"dbpedia_1311","Kaggle_110840","1.0"
"dbpedia_899","Kaggle_74476","0.941290915635766"
"dbpedia_4638","Kaggle_96450","1.0"
"dbpedia_3988","Kaggle_310320","1.0"
"dbpedia_992","Kaggle_81776","0.970249800227665"
"dbpedia_440","Kaggle_2874","1.0"
"dbpedia_1029","Kaggle_9599","1.0"
"dbpedia_3304","Kaggle_194311","1.0"
"dbpedia_740","Kaggle_7050101","1.0"
"dbpedia_3149","Kaggle_44845","1.0"
"dbpedia_518","Kaggle_7005540","1.0"
"dbpedia_223","Kaggle_85597","0.9662543191879928"
"dbpedia_1335","Kaggle_4046787","1.0"
"dbpedia_2426","Kaggle_24356","1.0"
"dbpedia_2186","Kaggle_151401","1.0"
"dbpedia_3224","Kaggle_26007","1.0"
"dbpedia_363","Kaggle_56513","1.0"
"dbpedia_1251","Kaggle_1199","1.0"
"dbpedia_1398","Kaggle_428576","0.9598342511607817"
"dbpedia_1765","Kaggle_93373","0.875643349100668"
"dbpedia_1615","Kaggle_14843","0.9577932098765433"
"dbpedia_4317","Kaggle_165008","0.9418579101562501"
"dbpedia_1623","Kaggle_333273","1.0"
"dbpedia_3676","Kaggle_16336","0.9064814814814816"
"dbpedia_2479","Kaggle_392281","1.0"
"dbpedia_1293","Kaggle_2309650","0.957718110462727"
"dbpedia_1892","Kaggle_105446","0.9155786814814814"
"dbpedia_1973","Kaggle_12118","0.8881104432757325"
"dbpedia_687","Kaggle_1140","1.0"
"dbpedia_3596","Kaggle_213971","1.0"
"dbpedia_4707","Kaggle_257275","0.9731481481481482"
"dbpedia_2912","Kaggle_242539","1.0"
"dbpedia_926","Kaggle_962","1.0"
"dbpedia_1289","Kaggle_14173","0.8870448338643604"
"dbpedia_1745","Kaggle_324163","1.0"
"dbpedia_147","Kaggle_36765","0.8812500000000001"
"dbpedia_893","Kaggle_3840","1.0"
"dbpedia_3191","Kaggle_994933","1.0"
"dbpedia_3838","Kaggle_22052","1.0"
"dbpedia_1420","Kaggle_11289","0.9632616"
"dbpedia_785","Kaggle_171132","1.0"
"dbpedia_1406","Kaggle_948","0.9443722222222222"
"dbpedia_2132","Kaggle_69198","1.0"
"dbpedia_3983","Kaggle_40094","0.953811860462727"
"dbpedia_1888","Kaggle_8502","1.0"
"dbpedia_3673","Kaggle_243410","0.9273763020833332"
"dbpedia_347","Kaggle_535911","1.0"
"dbpedia_3517","Kaggle_39282","1.0"
"dbpedia_3785","Kaggle_32595","1.0"
"dbpedia_2474","Kaggle_154438","1.0"
"dbpedia_3446","Kaggle_70624","0.9877604166666667"
"dbpedia_2027","Kaggle_166389","1.0"
"dbpedia_1576","Kaggle_28219","0.9526118011706097"
"dbpedia_4139","Kaggle_30036","1.0"
"dbpedia_465","Kaggle_1259876","1.0"
"dbpedia_1027","Kaggle_2428","1.0"
"dbpedia_2670","Kaggle_102680","1.0"
"dbpedia_917","Kaggle_365376","0.9418004918981481"
"dbpedia_1520","Kaggle_163098","1.0"
"dbpedia_3643","Kaggle_11883","1.0"
"dbpedia_799","Kaggle_5043","0.9814814814814815"
"dbpedia_242","Kaggle_327266","1.0"
"dbpedia_1210","Kaggle_221937","1.0"
"dbpedia_770","Kaggle_45372","0.9148499999999999"
"dbpedia_3998","Kaggle_25329","1.0"
"dbpedia_34","Kaggle_1507856","1.0"
"dbpedia_2053","Kaggle_48650","1.0"
"dbpedia_2418","Kaggle_333","1.0"
"dbpedia_4","Kaggle_19489","0.9280770862898963"
"dbpedia_4817","Kaggle_5158","0.965625"
"dbpedia_1264","Kaggle_990","1.0"
"dbpedia_3141","Kaggle_126068","1.0"
"dbpedia_1385","Kaggle_76483","0.9509259259259258"
"dbpedia_3104","Kaggle_103694","1.0"
"dbpedia_4482","Kaggle_93864","0.9029039790519383"
"dbpedia_3880","Kaggle_358834","0.9651331753899985"
"dbpedia_3443","Kaggle_38873","1.0"
"dbpedia_847","Kaggle_166107","1.0"
"dbpedia_2882","Kaggle_290659","0.92578125"
"dbpedia_4539","Kaggle_106792","1.0"
"dbpedia_4350","Kaggle_346352","0.9636314814814816"
"dbpedia_4770","Kaggle_298741","1.0"
"dbpedia_1088","Kaggle_166911","1.0"
"dbpedia_407","Kaggle_813","1.0"
"dbpedia_1055","Kaggle_29882","0.9636314814814816"
"dbpedia_3594","Kaggle_22657","1.0"
"dbpedia_4132","Kaggle_18190","1.0"
"dbpedia_2669","Kaggle_48383","1.0"
"dbpedia_4174","Kaggle_36608","1.0"
"dbpedia_4141","Kaggle_86340","1.0"
"dbpedia_924","Kaggle_341510","0.8820669501643809"
"dbpedia_334","Kaggle_78043","0.8754551661356396"
"dbpedia_3400","Kaggle_262377","1.0"
"dbpedia_1523","Kaggle_107447","0.9587430882179403"
"dbpedia_4277","Kaggle_9815","1.0"
"dbpedia_432","Kaggle_230253","1.0"
"dbpedia_2560","Kaggle_28774","1.0"
"dbpedia_921","Kaggle_1180185","1.0"
"dbpedia_4203","Kaggle_321891","0.9200259044409768"
"dbpedia_4235","Kaggle_89527","1.0"
"dbpedia_1565","Kaggle_3656","0.9967937499999999"
"dbpedia_4599","Kaggle_5454693","0.9178206997084548"
"dbpedia_2205","Kaggle_23412","1.0"
"dbpedia_3963","Kaggle_56696","0.9510127314814815"
"dbpedia_2712","Kaggle_86175","1.0"
"dbpedia_3825","Kaggle_20725","0.9510127314814815"
"dbpedia_4811","Kaggle_16400","1.0"
"dbpedia_4006","Kaggle_15012","0.9384000000000001"
"dbpedia_1219","Kaggle_14246","1.0"
"dbpedia_4631","Kaggle_106488","0.9708000000000001"
"dbpedia_3631","Kaggle_336210","0.9065000000000001"
"dbpedia_3244","Kaggle_6856","1.0"
"dbpedia_4747","Kaggle_41980","0.9598342511607817"
"dbpedia_1855","Kaggle_5210","1.0"
"dbpedia_2384","Kaggle_137483","0.8952833333333332"
"dbpedia_2403","Kaggle_82420","1.0"
"dbpedia_3870","Kaggle_24266","1.0"
"dbpedia_2174","Kaggle_45718","0.8824814814814815"
"dbpedia_2072","Kaggle_2218","1.0"
"dbpedia_2394","Kaggle_150904","1.0"
"dbpedia_1149","Kaggle_79296","0.9305786132812499"
"dbpedia_3987","Kaggle_780766","1.0"
"dbpedia_1823","Kaggle_194858","0.9335648148148147"
"dbpedia_387","Kaggle_40153","0.9292220062628226"
"dbpedia_587","Kaggle_122293","1.0"
"dbpedia_1453","Kaggle_281094","1.0"
"dbpedia_3758","Kaggle_604","1.0"
"dbpedia_2298","Kaggle_6811520","0.9928874999999999"
"dbpedia_4533","Kaggle_47923","0.8854351851851853"
"dbpedia_308","Kaggle_4396","1.0"
"dbpedia_2228","Kaggle_127216","1.0"
"dbpedia_3989","Kaggle_257439","1.0"
"dbpedia_114","Kaggle_66717","0.8872685185185184"
"dbpedia_519","Kaggle_5879491","1.0"
"dbpedia_3760","Kaggle_1576","1.0"
"dbpedia_3116","Kaggle_1820","1.0"
"dbpedia_470","Kaggle_1941604","1.0"
"dbpedia_3352","Kaggle_222244","1.0"
"dbpedia_366","Kaggle_517555","0.8921282798833818"
"dbpedia_4428","Kaggle_12036","1.0"
"dbpedia_983","Kaggle_252114","0.9059369777777777"
"dbpedia_4369","Kaggle_100795","1.0"
"dbpedia_807","Kaggle_2862","1.0"
"dbpedia_2478","Kaggle_100605","0.9400814814814814"
"dbpedia_1024","Kaggle_4274","1.0"
"dbpedia_2081","Kaggle_28596","1.0"
"dbpedia_167","Kaggle_1600","1.0"
"dbpedia_3687","Kaggle_504006","1.0"
"dbpedia_1944","Kaggle_93704","1.0"
"dbpedia_4543","Kaggle_14027","0.9616203125"
"dbpedia_4473","Kaggle_45186","1.0"
"dbpedia_4733","Kaggle_2442","1.0"
"dbpedia_989","Kaggle_43377","1.0"
"dbpedia_1126","Kaggle_30558","1.0"
"dbpedia_3291","Kaggle_584","1.0"
"dbpedia_4487","Kaggle_777","1.0"
"dbpedia_1851","Kaggle_34526","1.0"
"dbpedia_1427","Kaggle_271174","0.970249800227665"
"dbpedia_2753","Kaggle_23250","1.0"
"dbpedia_790","Kaggle_149520","0.9731481481481482"
"dbpedia_2663","Kaggle_208056","1.0"
"dbpedia_3221","Kaggle_1736498","0.9020590379008746"
"dbpedia_739","Kaggle_83405","0.9207275948788295"
"dbpedia_4312","Kaggle_298288","1.0"
"dbpedia_220","Kaggle_300121","0.9636314814814816"
"dbpedia_1613","Kaggle_222376","0.9636314814814816"
"dbpedia_916","Kaggle_1410","0.8965030321216277"
"dbpedia_728","Kaggle_3648","1.0"
"dbpedia_4255","Kaggle_25192","1.0"
"dbpedia_4221","Kaggle_1676","0.9479166666666667"
"dbpedia_2956","Kaggle_8983","1.0"
"dbpedia_23","Kaggle_1715","1.0"
"dbpedia_4479","Kaggle_9008","1.0"
"dbpedia_4666","Kaggle_47857","0.9520833333333332"
"dbpedia_3461","Kaggle_5068","1.0"
"dbpedia_2313","Kaggle_17676","1.0"
"dbpedia_3959","Kaggle_3994","1.0"
"dbpedia_3655","Kaggle_5084","1.0"
"dbpedia_879","Kaggle_646","0.9097469742077081"
"dbpedia_4447","Kaggle_3028669","1.0"
"dbpedia_2898","Kaggle_69956","1.0"
"dbpedia_2070","Kaggle_54445","1.0"
"dbpedia_464","Kaggle_4008","0.9400814814814814"
"dbpedia_324","Kaggle_123254","0.8958000000000002"
"dbpedia_1550","Kaggle_101","0.950634032203004"
"dbpedia_133","Kaggle_4915332","1.0"
"dbpedia_2704","Kaggle_519","1.0"
"dbpedia_2462","Kaggle_8674","1.0"
"dbpedia_467","Kaggle_287339","1.0"
"dbpedia_1013","Kaggle_36992","1.0"
"dbpedia_3358","Kaggle_86287","0.8937851851851851"
"dbpedia_1286","Kaggle_106396","1.0"
"dbpedia_1808","Kaggle_28664","0.9346027696793002"
"dbpedia_4372","Kaggle_100092","1.0"
"dbpedia_3708","Kaggle_493778","0.9732925415039062"
"dbpedia_3137","Kaggle_29325","1.0"
"dbpedia_3265","Kaggle_40776","1.0"
"dbpedia_1229","Kaggle_462337","1.0"
"dbpedia_1863","Kaggle_118280","1.0"
"dbpedia_4449","Kaggle_4555","1.0"
"dbpedia_4721","Kaggle_30091","1.0"
"dbpedia_305","Kaggle_141295","0.9185450111505294"
"dbpedia_1909","Kaggle_27012","1.0"
"dbpedia_3390","Kaggle_85883","0.9083333333333332"
"dbpedia_84","Kaggle_234268","0.89574375"
"dbpedia_4496","Kaggle_11618","1.0"
"dbpedia_2797","Kaggle_93161","1.0"
"dbpedia_2241","Kaggle_32656","1.0"
"dbpedia_3621","Kaggle_176623","0.8772616067364588"
"dbpedia_2135","Kaggle_21597","0.9299714570564867"
"dbpedia_3850","Kaggle_48261","1.0"
"dbpedia_1875","Kaggle_19137","1.0"
"dbpedia_3863","Kaggle_6164","0.9556479584955916"
"dbpedia_3003","Kaggle_240879","1.0"
"dbpedia_3824","Kaggle_15331","1.0"
"dbpedia_3359","Kaggle_262558","0.9305002314814815"
"dbpedia_703","Kaggle_12808","1.0"
"dbpedia_3170","Kaggle_35012","1.0"
"dbpedia_1473","Kaggle_22361","1.0"
"dbpedia_86","Kaggle_195922","1.0"
"dbpedia_1271","Kaggle_53065","0.9636314814814816"
"dbpedia_2408","Kaggle_919","1.0"
"dbpedia_4760","Kaggle_7589","1.0"
"dbpedia_3299","Kaggle_46654","0.9155786814814814"
"dbpedia_2300","Kaggle_21201","1.0"
"dbpedia_4106","Kaggle_13768","1.0"
"dbpedia_2431","Kaggle_42351","0.9640398738041931"
"dbpedia_749","Kaggle_2716","1.0"
"dbpedia_289","Kaggle_38669","1.0"
"dbpedia_3980","Kaggle_57699","0.9305002314814815"
"dbpedia_2392","Kaggle_125425","1.0"
"dbpedia_2454","Kaggle_123385","1.0"
"dbpedia_3194","Kaggle_1852739","1.0"
"dbpedia_1747","Kaggle_5700266","1.0"
"dbpedia_364","Kaggle_1972","1.0"
"dbpedia_4296","Kaggle_30431","0.9928874999999999"
"dbpedia_1121","Kaggle_38516","1.0"
"dbpedia_1845","Kaggle_50341","1.0"
"dbpedia_186","Kaggle_135545","1.0"
"dbpedia_1404","Kaggle_150199","1.0"
"dbpedia_285","Kaggle_5887","0.9556479584955916"
"dbpedia_2580","Kaggle_4208","1.0"
"dbpedia_1801","Kaggle_141444","0.8963125743026976"
"dbpedia_4478","Kaggle_52196","1.0"
"dbpedia_4531","Kaggle_178424","1.0"
"dbpedia_4242","Kaggle_31871","0.9634834390717877"
"dbpedia_1288","Kaggle_29633","0.97690329218107"
"dbpedia_2410","Kaggle_24937","1.0"
"dbpedia_719","Kaggle_28170","1.0"
"dbpedia_767","Kaggle_18068","0.9400814814814814"
"dbpedia_4684","Kaggle_515833","0.9677440557841791"
"dbpedia_170","Kaggle_174593","1.0"
"dbpedia_4330","Kaggle_133592","1.0"
"dbpedia_1644","Kaggle_131287","1.0"
"dbpedia_840","Kaggle_76491","1.0"
