"dataworld_1048","Kaggle_106396","0.95"
"dataworld_417","Kaggle_1199","0.95"
"dataworld_1900","Kaggle_11527","0.95"
"dataworld_111","Kaggle_158925","0.95"
"dataworld_134","Kaggle_164","0.95"
"dataworld_1920","Kaggle_3297","0.95"
"dataworld_373","Kaggle_420836","1.0"
"dataworld_196","Kaggle_4978789","0.95"
"dataworld_566","Kaggle_413232","1.0"
"dataworld_99","Kaggle_48","0.95"
"dataworld_1717","Kaggle_1686","0.95"
"dataworld_996","Kaggle_20242","0.95"
"dataworld_1792","Kaggle_19305","0.95"
"dataworld_1471","Kaggle_4984880","0.95"
"dataworld_766","Kaggle_2567","0.95"
"dataworld_1044","Kaggle_1142","0.95"
"dataworld_1145","Kaggle_239","0.95"
"dataworld_478","Kaggle_261347","0.95"
"dataworld_1667","Kaggle_2597394","0.95"
"dataworld_779","Kaggle_676","0.95"
"dataworld_938","Kaggle_2779","0.95"
"dataworld_1766","Kaggle_23541","0.95"
"dataworld_393","Kaggle_376","0.95"
"dataworld_796","Kaggle_6702","0.95"
"dataworld_39","Kaggle_295943","1.0"
"dataworld_419","Kaggle_3645961","0.95"
"dataworld_198","Kaggle_2459","0.95"
"dataworld_550","Kaggle_267","0.95"
"dataworld_928","Kaggle_4755","0.95"
"dataworld_1295","Kaggle_10408","0.95"
"dataworld_1601","Kaggle_65744","1.0"
"dataworld_243","Kaggle_119604","0.95"
"dataworld_1910","Kaggle_22144","0.95"
"dataworld_667","Kaggle_3447","0.95"
"dataworld_494","Kaggle_4303","0.95"
"dataworld_60","Kaggle_5089958","0.95"
"dataworld_1349","Kaggle_10385","0.95"
"dataworld_1106","Kaggle_306525","0.95"
"dataworld_1590","Kaggle_553","0.95"
"dataworld_1468","Kaggle_196526","1.0"
"dataworld_1217","Kaggle_1986615","0.95"
"dataworld_1589","Kaggle_96885","0.95"
"dataworld_54","Kaggle_83966","1.0"
"dataworld_699","Kaggle_680765","0.95"
"dataworld_993","Kaggle_1452","0.95"
"dataworld_309","Kaggle_429","0.95"
"dataworld_1421","Kaggle_374141","1.0"
"dataworld_1746","Kaggle_6594","0.95"
"dataworld_769","Kaggle_12293","0.95"
"dataworld_746","Kaggle_4072091","0.95"
"dataworld_1888","Kaggle_316316","0.95"
"dataworld_312","Kaggle_21363","0.95"
"dataworld_539","Kaggle_4351","0.95"
"dataworld_1704","Kaggle_3793","0.95"
"dataworld_1036","Kaggle_135905","1.0"
"dataworld_1666","Kaggle_6906","0.95"
"dataworld_1510","Kaggle_4125","0.95"
"dataworld_1000","Kaggle_34323","0.95"
"dataworld_1532","Kaggle_9709","0.95"
"dataworld_272","Kaggle_104369","0.95"
"dataworld_1183","Kaggle_55401","0.95"
"dataworld_55","Kaggle_185","0.95"
"dataworld_952","Kaggle_265042","0.95"
"dataworld_1853","Kaggle_13133","0.95"
"dataworld_455","Kaggle_143","0.95"
"dataworld_447","Kaggle_65051","0.95"
"dataworld_903","Kaggle_1703","0.95"
"dataworld_600","Kaggle_72592","1.0"
"dataworld_378","Kaggle_1111","0.95"
"dataworld_321","Kaggle_138518","0.95"
"dataworld_990","Kaggle_11323","0.95"
"dataworld_921","Kaggle_2506","0.95"
"dataworld_780","Kaggle_4935860","0.95"
"dataworld_704","Kaggle_683539","0.95"
"dataworld_22","Kaggle_330666","1.0"
"dataworld_141","Kaggle_4225105","0.95"
"dataworld_527","Kaggle_154206","0.95"
"dataworld_440","Kaggle_489","0.95"
"dataworld_397","Kaggle_6894","0.95"
"dataworld_509","Kaggle_1321","0.95"
"dataworld_1844","Kaggle_11557","0.95"
"dataworld_950","Kaggle_38963","0.95"
"dataworld_551","Kaggle_1255","0.95"
"dataworld_170","Kaggle_64197","0.95"
"dataworld_481","Kaggle_6222","0.95"
"dataworld_1845","Kaggle_3276","0.95"
"dataworld_1843","Kaggle_4011733","0.95"
"dataworld_399","Kaggle_2346","0.95"
"dataworld_1067","Kaggle_1634","0.95"
"dataworld_229","Kaggle_2046","0.95"
"dataworld_948","Kaggle_320644","0.95"
"dataworld_1534","Kaggle_220772","1.0"
"dataworld_283","Kaggle_39618","1.0"
"dataworld_1672","Kaggle_16909","0.95"
"dataworld_182","Kaggle_3710","0.95"
"dataworld_1418","Kaggle_11093","0.95"
"dataworld_1722","Kaggle_59650","0.95"
"dataworld_1361","Kaggle_3865","0.95"
"dataworld_972","Kaggle_1589","0.95"
"dataworld_1644","Kaggle_2456","0.95"
"dataworld_1325","Kaggle_95084","0.95"
"dataworld_683","Kaggle_74049","0.95"
"dataworld_859","Kaggle_1173594","1.0"
"dataworld_1410","Kaggle_16628","0.95"
"dataworld_610","Kaggle_70780","0.95"
"dataworld_1570","Kaggle_3696284","0.95"
"dataworld_991","Kaggle_1256","0.95"
"dataworld_1862","Kaggle_6940","0.95"
"dataworld_1422","Kaggle_311674","0.95"
"dataworld_1256","Kaggle_72964","0.95"
"dataworld_696","Kaggle_603","0.95"
"dataworld_892","Kaggle_2224","0.95"
"dataworld_1061","Kaggle_27737","0.95"
"dataworld_1800","Kaggle_204206","0.95"
"dataworld_461","Kaggle_4971","0.95"
"dataworld_179","Kaggle_92420","0.95"
"dataworld_340","Kaggle_3189489","0.95"
"dataworld_886","Kaggle_338","0.95"
"dataworld_261","Kaggle_5186","0.95"
"dataworld_159","Kaggle_118836","0.95"
"dataworld_554","Kaggle_1573","0.95"
"dataworld_1455","Kaggle_44791","0.95"
"dataworld_1195","Kaggle_506","0.95"
"dataworld_1017","Kaggle_3612","0.95"
"dataworld_428","Kaggle_694","0.95"
"dataworld_828","Kaggle_6439","0.95"
"dataworld_1440","Kaggle_43197","0.95"
"dataworld_1896","Kaggle_245294","1.0"
"dataworld_101","Kaggle_2807480","0.95"
"dataworld_513","Kaggle_1357","0.95"
"dataworld_1331","Kaggle_296165","0.95"
"dataworld_202","Kaggle_105788","0.95"
"dataworld_595","Kaggle_24059","0.95"
"dataworld_1275","Kaggle_1890","0.95"
"dataworld_83","Kaggle_492914","1.0"
"dataworld_573","Kaggle_55322","0.95"
"dataworld_1124","Kaggle_9119","0.95"
"dataworld_124","Kaggle_333761","1.0"
"dataworld_1141","Kaggle_5663466","0.95"
"dataworld_1065","Kaggle_12860","0.95"
"dataworld_1870","Kaggle_64566","0.95"
"dataworld_1574","Kaggle_5141803","0.95"
"dataworld_1245","Kaggle_150322","0.95"
"dataworld_163","Kaggle_150642","1.0"
"dataworld_907","Kaggle_525367","1.0"
"dataworld_720","Kaggle_777","0.95"
"dataworld_1531","Kaggle_113123","1.0"
"dataworld_1923","Kaggle_35904","0.95"
"dataworld_1859","Kaggle_488176","0.95"
"dataworld_1335","Kaggle_231224","1.0"
"dataworld_298","Kaggle_140","0.95"
"dataworld_276","Kaggle_69531","0.95"
"dataworld_520","Kaggle_2895935","0.95"
"dataworld_1748","Kaggle_124451","0.95"
"dataworld_1239","Kaggle_904","0.95"
"dataworld_666","Kaggle_136887","1.0"
"dataworld_1670","Kaggle_1113","0.95"
"dataworld_1120","Kaggle_6961","0.95"
"dataworld_1720","Kaggle_12157","0.95"
"dataworld_1385","Kaggle_51231","0.95"
"dataworld_1617","Kaggle_3364","0.95"
"dataworld_310","Kaggle_266886","1.0"
"dataworld_677","Kaggle_679","0.95"
"dataworld_1289","Kaggle_260040","0.95"
"dataworld_1165","Kaggle_43140","0.95"
"dataworld_1841","Kaggle_25634","1.0"
"dataworld_1539","Kaggle_2218582","0.95"
"dataworld_1243","Kaggle_1657","0.95"
"dataworld_1230","Kaggle_100337","0.95"
"dataworld_1723","Kaggle_43480","0.95"
"dataworld_1657","Kaggle_25122","0.95"
"dataworld_350","Kaggle_1218","0.95"
"dataworld_326","Kaggle_100487","0.95"
"dataworld_49","Kaggle_90556","0.95"
"dataworld_1405","Kaggle_14557","0.95"
"dataworld_116","Kaggle_6000287","0.95"
"dataworld_925","Kaggle_1999","0.95"
"dataworld_1205","Kaggle_60323","0.95"
"dataworld_1578","Kaggle_801","0.95"
"dataworld_1131","Kaggle_2401","0.95"
"dataworld_1785","Kaggle_97867","0.95"
"dataworld_1282","Kaggle_1444","0.95"
"dataworld_912","Kaggle_1795","0.95"
"dataworld_361","Kaggle_161815","1.0"
"dataworld_477","Kaggle_551","0.95"
"dataworld_1389","Kaggle_10615","0.95"
"dataworld_672","Kaggle_4113","0.95"
"dataworld_916","Kaggle_203293","0.95"
"dataworld_959","Kaggle_1704","0.95"
"dataworld_1576","Kaggle_64940","0.95"
"dataworld_1716","Kaggle_187853","0.95"
"dataworld_1875","Kaggle_16889","0.95"
"dataworld_5","Kaggle_17807","0.95"
"dataworld_521","Kaggle_419739","1.0"
"dataworld_1754","Kaggle_21597","0.95"
"dataworld_1506","Kaggle_4212826","0.95"
"dataworld_1838","Kaggle_18840","0.95"
"dataworld_385","Kaggle_98","0.95"
"dataworld_36","Kaggle_6611334","0.95"
"dataworld_1313","Kaggle_204961","1.0"
"dataworld_348","Kaggle_165","0.95"
"dataworld_669","Kaggle_5279","0.95"
"dataworld_1620","Kaggle_12679","0.95"
"dataworld_156","Kaggle_256","0.95"
"dataworld_1357","Kaggle_19683","0.95"
"dataworld_425","Kaggle_54184","0.95"
"dataworld_128","Kaggle_314242","0.95"
"dataworld_363","Kaggle_3708","0.95"
"dataworld_716","Kaggle_6456","0.95"
"dataworld_411","Kaggle_4491","0.95"
"dataworld_37","Kaggle_503","0.95"
"dataworld_1521","Kaggle_5459","0.95"
"dataworld_14","Kaggle_213599","1.0"
"dataworld_730","Kaggle_3695","0.95"
"dataworld_1726","Kaggle_16811","0.95"
"dataworld_1260","Kaggle_158193","1.0"
"dataworld_90","Kaggle_377182","1.0"
"dataworld_1403","Kaggle_364897","1.0"
"dataworld_679","Kaggle_4829","0.95"
"dataworld_786","Kaggle_5901238","0.95"
"dataworld_1191","Kaggle_549859","0.95"
"dataworld_422","Kaggle_450136","1.0"
"dataworld_1414","Kaggle_32105","0.95"
"dataworld_821","Kaggle_34862","0.95"
"dataworld_1772","Kaggle_5091","0.95"
"dataworld_1470","Kaggle_542350","0.95"
"dataworld_967","Kaggle_67249","0.95"
"dataworld_1263","Kaggle_2276","0.95"
"dataworld_1557","Kaggle_2669540","0.95"
"dataworld_1294","Kaggle_2453","0.95"
"dataworld_1661","Kaggle_3551","0.95"
"dataworld_522","Kaggle_84254","1.0"
"dataworld_1700","Kaggle_75357","0.95"
"dataworld_1384","Kaggle_4879","0.95"
"dataworld_1288","Kaggle_36245","0.95"
"dataworld_703","Kaggle_255305","0.95"
"dataworld_1113","Kaggle_415370","1.0"
"dataworld_1517","Kaggle_7505","0.95"
"dataworld_249","Kaggle_339026","0.95"
"dataworld_325","Kaggle_261505","0.95"
"dataworld_626","Kaggle_6072","0.95"
"dataworld_1043","Kaggle_1560","0.95"
"dataworld_1013","Kaggle_144089","0.95"
"dataworld_734","Kaggle_62040","0.95"
"dataworld_1549","Kaggle_145598","0.95"
"dataworld_245","Kaggle_145065","0.95"
"dataworld_1480","Kaggle_18815","0.95"
"dataworld_899","Kaggle_368622","0.95"
"dataworld_1409","Kaggle_26403","0.95"
"dataworld_1747","Kaggle_3640755","0.95"
"dataworld_1146","Kaggle_44091","0.95"
"dataworld_1803","Kaggle_2434720","0.95"
"dataworld_1528","Kaggle_20571","0.95"
"dataworld_371","Kaggle_27271","0.95"
"dataworld_1265","Kaggle_36763","1.0"
"dataworld_1140","Kaggle_216027","1.0"
"dataworld_776","Kaggle_25885","0.95"
"dataworld_1577","Kaggle_2868","0.95"
"dataworld_217","Kaggle_206078","0.95"
"dataworld_1339","Kaggle_82705","0.95"
"dataworld_1116","Kaggle_1956","0.95"
"dataworld_254","Kaggle_2125","0.95"
"dataworld_289","Kaggle_171617","0.95"
"dataworld_1689","Kaggle_33005","0.95"
"dataworld_794","Kaggle_444596","0.95"
"dataworld_1348","Kaggle_1609726","0.95"
"dataworld_1749","Kaggle_164207","1.0"
"dataworld_879","Kaggle_2227","0.95"
"dataworld_262","Kaggle_45949","0.95"
"dataworld_200","Kaggle_268096","1.0"
"dataworld_726","Kaggle_6065","0.95"
"dataworld_1015","Kaggle_492","0.95"
"dataworld_100","Kaggle_388617","0.95"
"dataworld_1329","Kaggle_531730","1.0"
"dataworld_739","Kaggle_7180","0.95"
"dataworld_1408","Kaggle_2919","1.0"
"dataworld_1162","Kaggle_1458","0.95"
"dataworld_707","Kaggle_481","0.95"
"dataworld_1328","Kaggle_678540","0.95"
"dataworld_1121","Kaggle_2066549","0.95"
"dataworld_867","Kaggle_8101","0.95"
"dataworld_232","Kaggle_510","0.95"
"dataworld_1605","Kaggle_9613","1.0"
"dataworld_1166","Kaggle_43168","0.95"
"dataworld_863","Kaggle_26","0.95"
"dataworld_339","Kaggle_189","0.95"
"dataworld_1575","Kaggle_4460","0.95"
"dataworld_620","Kaggle_6722091","0.95"
"dataworld_1388","Kaggle_5171","0.95"
"dataworld_482","Kaggle_983","0.95"
"dataworld_214","Kaggle_72925","0.95"
"dataworld_313","Kaggle_80767","0.95"
"dataworld_1212","Kaggle_336895","0.95"
"dataworld_1880","Kaggle_4193","0.95"
"dataworld_1093","Kaggle_2460","0.95"
"dataworld_806","Kaggle_2609","0.95"
"dataworld_225","Kaggle_360459","0.95"
"dataworld_1411","Kaggle_90917","0.95"
"dataworld_628","Kaggle_9534","0.95"
"dataworld_545","Kaggle_2323","0.95"
"dataworld_1108","Kaggle_2317","0.95"
"dataworld_767","Kaggle_5127449","0.95"
"dataworld_401","Kaggle_941","0.95"
"dataworld_73","Kaggle_540","0.95"
"dataworld_1033","Kaggle_99","0.95"
"dataworld_142","Kaggle_155361","0.95"
"dataworld_1210","Kaggle_4656217","0.95"
"dataworld_1053","Kaggle_154012","0.95"
"dataworld_1317","Kaggle_789","0.95"
"dataworld_1181","Kaggle_4311","1.0"
"dataworld_1850","Kaggle_11655","0.95"
"dataworld_717","Kaggle_728","0.95"
"dataworld_423","Kaggle_15406","0.95"
"dataworld_1914","Kaggle_3222","0.95"
"dataworld_1679","Kaggle_2349927","0.95"
"dataworld_1071","Kaggle_65398","0.95"
"dataworld_861","Kaggle_21665","0.95"
"dataworld_578","Kaggle_2764","0.95"
"dataworld_1740","Kaggle_127753","0.95"
"dataworld_137","Kaggle_104924","1.0"
"dataworld_300","Kaggle_367137","0.95"
"dataworld_1189","Kaggle_134077","0.95"
"dataworld_441","Kaggle_76953","1.0"
"dataworld_1148","Kaggle_3512","0.95"
"dataworld_788","Kaggle_14527","0.95"
"dataworld_1464","Kaggle_1173","0.95"
"dataworld_62","Kaggle_3749","0.95"
"dataworld_814","Kaggle_108163","0.95"
"dataworld_834","Kaggle_601942","0.95"
"dataworld_6","Kaggle_1019698","0.95"
"dataworld_110","Kaggle_2188","0.95"
"dataworld_239","Kaggle_43468","0.95"
"dataworld_1463","Kaggle_23488","0.95"
"dataworld_84","Kaggle_208","0.95"
"dataworld_1049","Kaggle_222244","0.95"
"dataworld_1561","Kaggle_22547","0.95"
"dataworld_1553","Kaggle_24080","0.95"
"dataworld_977","Kaggle_1544","0.95"
"dataworld_1678","Kaggle_69222","0.95"
"dataworld_1109","Kaggle_299908","1.0"
"dataworld_1706","Kaggle_2322","0.95"
"dataworld_1224","Kaggle_582","0.95"
"dataworld_197","Kaggle_4945","1.0"
"dataworld_424","Kaggle_2996537","0.95"
"dataworld_194","Kaggle_86106","0.95"
"dataworld_1435","Kaggle_2523","0.95"
"dataworld_381","Kaggle_106615","0.95"
"dataworld_987","Kaggle_237248","1.0"
"dataworld_1160","Kaggle_4284","0.95"
"dataworld_438","Kaggle_1711","0.95"
"dataworld_847","Kaggle_42615","1.0"
"dataworld_1151","Kaggle_110593","0.95"
"dataworld_827","Kaggle_70094","0.95"
"dataworld_636","Kaggle_101398","0.95"
"dataworld_1227","Kaggle_1243","0.95"
"dataworld_997","Kaggle_911","0.95"
"dataworld_248","Kaggle_5765670","0.95"
"dataworld_971","Kaggle_2527","0.95"
"dataworld_1072","Kaggle_749965","0.95"
"dataworld_367","Kaggle_536210","0.95"
"dataworld_1513","Kaggle_13444","0.95"
"dataworld_1759","Kaggle_50863","0.95"
"dataworld_1341","Kaggle_2019","0.95"
"dataworld_448","Kaggle_138579","0.95"
"dataworld_231","Kaggle_64347","0.95"
"dataworld_603","Kaggle_433755","0.95"
"dataworld_41","Kaggle_209","0.95"
"dataworld_228","Kaggle_563","0.95"
"dataworld_1613","Kaggle_275424","0.95"
"dataworld_1621","Kaggle_4549","0.95"
"dataworld_915","Kaggle_69242","0.95"
"dataworld_195","Kaggle_143365","1.0"
"dataworld_1580","Kaggle_1914","0.95"
"dataworld_1398","Kaggle_3213","0.95"
"dataworld_653","Kaggle_5699","0.95"
"dataworld_1366","Kaggle_4008","0.95"
"dataworld_597","Kaggle_6297","0.95"
"dataworld_1175","Kaggle_2111","0.95"
"dataworld_76","Kaggle_151246","1.0"
"dataworld_1359","Kaggle_1149","0.95"
"dataworld_924","Kaggle_11069","0.95"
"dataworld_619","Kaggle_6534784","0.95"
"dataworld_784","Kaggle_20066","0.95"
"dataworld_42","Kaggle_142634","1.0"
"dataworld_1250","Kaggle_40273","0.95"
"dataworld_1084","Kaggle_73979","0.95"
"dataworld_1457","Kaggle_174130","0.95"
"dataworld_306","Kaggle_26369","0.95"
"dataworld_1292","Kaggle_4369","0.95"
"dataworld_1192","Kaggle_6978003","0.95"
"dataworld_1846","Kaggle_2350","0.95"
"dataworld_219","Kaggle_59467","1.0"
"dataworld_1495","Kaggle_3727113","0.95"
"dataworld_1272","Kaggle_105192","0.95"
"dataworld_519","Kaggle_5238","0.95"
"dataworld_1713","Kaggle_5029664","0.95"
"dataworld_106","Kaggle_453723","1.0"
"dataworld_16","Kaggle_33902","0.95"
"dataworld_152","Kaggle_345","0.95"
"dataworld_1059","Kaggle_984","0.95"
"dataworld_582","Kaggle_88029","0.95"
"dataworld_885","Kaggle_1105","0.95"
"dataworld_1629","Kaggle_3097","0.95"
"dataworld_457","Kaggle_297823","1.0"
"dataworld_1436","Kaggle_76977","1.0"
"dataworld_562","Kaggle_234466","0.95"
"dataworld_238","Kaggle_75792","0.95"
"dataworld_1606","Kaggle_6147281","0.95"
"dataworld_1540","Kaggle_115427","0.95"
"dataworld_265","Kaggle_4046787","0.95"
"dataworld_65","Kaggle_379146","1.0"
"dataworld_833","Kaggle_3017","0.95"
"dataworld_501","Kaggle_83956","0.95"
"dataworld_1512","Kaggle_111364","0.95"
"dataworld_625","Kaggle_71154","0.95"
"dataworld_319","Kaggle_3693447","0.95"
"dataworld_1208","Kaggle_29011","0.95"
"dataworld_822","Kaggle_106930","1.0"
"dataworld_638","Kaggle_1349","0.95"
"dataworld_64","Kaggle_172","0.95"
"dataworld_842","Kaggle_63382","0.95"
"dataworld_1687","Kaggle_257357","0.95"
"dataworld_1709","Kaggle_17728","0.95"
"dataworld_839","Kaggle_35811","0.95"
"dataworld_1062","Kaggle_210784","1.0"
"dataworld_911","Kaggle_20111","0.95"
"dataworld_1088","Kaggle_345453","0.95"
"dataworld_20","Kaggle_128","0.95"
"dataworld_599","Kaggle_343","0.95"
"dataworld_943","Kaggle_3683699","0.95"
"dataworld_460","Kaggle_794","0.95"
"dataworld_1796","Kaggle_4022","0.95"
"dataworld_1567","Kaggle_2124","0.95"
"dataworld_1177","Kaggle_69772","0.95"
"dataworld_697","Kaggle_6515","0.95"
"dataworld_1825","Kaggle_9035","0.95"
"dataworld_1168","Kaggle_385343","0.95"
"dataworld_852","Kaggle_6662209","0.95"
"dataworld_1508","Kaggle_420676","0.95"
"dataworld_524","Kaggle_76","0.95"
"dataworld_1139","Kaggle_1955","0.95"
"dataworld_1378","Kaggle_120567","0.95"
"dataworld_92","Kaggle_34","0.95"
"dataworld_1064","Kaggle_25437","1.0"
"dataworld_346","Kaggle_849","0.95"
"dataworld_29","Kaggle_173973","1.0"
"dataworld_935","Kaggle_22671","0.95"
"dataworld_1487","Kaggle_1226","0.95"
"dataworld_1835","Kaggle_29574","0.95"
"dataworld_404","Kaggle_5758459","0.95"
"dataworld_1164","Kaggle_600430","0.95"
"dataworld_465","Kaggle_54830","0.95"
"dataworld_171","Kaggle_627","0.95"
"dataworld_1125","Kaggle_640","0.95"
"dataworld_365","Kaggle_4263","0.95"
"dataworld_1650","Kaggle_6792","0.95"
"dataworld_843","Kaggle_269","0.95"
"dataworld_1680","Kaggle_1056","0.95"
"dataworld_919","Kaggle_135495","0.95"
"dataworld_1815","Kaggle_363175","0.95"
"dataworld_1241","Kaggle_89335","0.95"
"dataworld_953","Kaggle_1384","0.95"
"dataworld_674","Kaggle_412860","1.0"
"dataworld_1058","Kaggle_4007","0.95"
"dataworld_322","Kaggle_336558","1.0"
"dataworld_1569","Kaggle_15367","0.95"
"dataworld_1635","Kaggle_11903","0.95"
"dataworld_1379","Kaggle_6023","0.95"
"dataworld_354","Kaggle_3330362","0.95"
"dataworld_387","Kaggle_95372","1.0"
"dataworld_594","Kaggle_152827","1.0"
"dataworld_1571","Kaggle_423807","0.95"
"dataworld_742","Kaggle_2751","0.95"
"dataworld_535","Kaggle_2199","0.95"
"dataworld_1745","Kaggle_28780","0.95"
"dataworld_1264","Kaggle_10392","0.95"
"dataworld_1246","Kaggle_203170","0.95"
"dataworld_1083","Kaggle_42443","0.95"
"dataworld_951","Kaggle_180386","1.0"
"dataworld_813","Kaggle_346652","0.95"
"dataworld_804","Kaggle_474","0.95"
"dataworld_862","Kaggle_498096","1.0"
"dataworld_296","Kaggle_30323","0.95"
"dataworld_114","Kaggle_197735","1.0"
"dataworld_1204","Kaggle_189404","0.95"
"dataworld_1386","Kaggle_19750","0.95"
"dataworld_958","Kaggle_2531643","0.95"
"dataworld_962","Kaggle_2217","0.95"
"dataworld_1299","Kaggle_84061","0.95"
"dataworld_1714","Kaggle_10177","0.95"
"dataworld_546","Kaggle_356120","1.0"
"dataworld_941","Kaggle_160364","1.0"
"dataworld_615","Kaggle_21662","1.0"
"dataworld_1060","Kaggle_3414","0.95"
"dataworld_86","Kaggle_426411","0.95"
"dataworld_125","Kaggle_1512","0.95"
"dataworld_1676","Kaggle_4861","0.95"
"dataworld_390","Kaggle_800071","0.95"
"dataworld_875","Kaggle_228","0.95"
"dataworld_1526","Kaggle_6522263","0.95"
"dataworld_414","Kaggle_375595","0.95"
"dataworld_317","Kaggle_80993","0.95"
"dataworld_1234","Kaggle_5703","0.95"
"dataworld_1769","Kaggle_1683156","0.95"
"dataworld_1868","Kaggle_10415","0.95"
"dataworld_1781","Kaggle_2037943","0.95"
"dataworld_250","Kaggle_135363","1.0"
"dataworld_888","Kaggle_4981","0.95"
"dataworld_132","Kaggle_6137","0.95"
"dataworld_1112","Kaggle_2602","0.95"
"dataworld_487","Kaggle_440","0.95"
"dataworld_1316","Kaggle_65600","0.95"
"dataworld_43","Kaggle_10044","0.95"
"dataworld_1498","Kaggle_1348","0.95"
"dataworld_1038","Kaggle_5610","0.95"
"dataworld_1428","Kaggle_6525","0.95"
"dataworld_1291","Kaggle_181906","0.95"
"dataworld_139","Kaggle_2940747","0.95"
"dataworld_426","Kaggle_81124","1.0"
"dataworld_1909","Kaggle_415921","1.0"
"dataworld_328","Kaggle_11100","0.95"
"dataworld_1242","Kaggle_241301","1.0"
"dataworld_864","Kaggle_6329","0.95"
"dataworld_278","Kaggle_1966","0.95"
"dataworld_507","Kaggle_778779","0.95"
"dataworld_825","Kaggle_2833","0.95"
"dataworld_253","Kaggle_49005","0.95"
"dataworld_1616","Kaggle_9274","0.95"
"dataworld_1515","Kaggle_163945","0.95"
"dataworld_430","Kaggle_264928","1.0"
"dataworld_1869","Kaggle_21975","0.95"
"dataworld_31","Kaggle_284206","1.0"
"dataworld_105","Kaggle_3291","1.0"
"dataworld_1762","Kaggle_78362","0.95"
"dataworld_1851","Kaggle_13908","0.95"
"dataworld_334","Kaggle_744","0.95"
"dataworld_1758","Kaggle_35333","0.95"
"dataworld_791","Kaggle_10772","0.95"
"dataworld_635","Kaggle_265603","0.95"
"dataworld_342","Kaggle_10888","0.95"
"dataworld_57","Kaggle_6055","0.95"
"dataworld_25","Kaggle_3890307","0.95"
"dataworld_1585","Kaggle_77372","0.95"
"dataworld_1147","Kaggle_261695","0.95"
"dataworld_1915","Kaggle_42299","1.0"
"dataworld_968","Kaggle_809","0.95"
"dataworld_458","Kaggle_9135","0.95"
"dataworld_377","Kaggle_966534","0.95"
"dataworld_191","Kaggle_24679","0.95"
"dataworld_178","Kaggle_1656149","0.95"
"dataworld_748","Kaggle_10364","0.95"
"dataworld_432","Kaggle_48463","0.95"
"dataworld_1374","Kaggle_218569","1.0"
"dataworld_1248","Kaggle_3269629","0.95"
"dataworld_752","Kaggle_756","0.95"
"dataworld_451","Kaggle_27598","1.0"
"dataworld_542","Kaggle_660","0.95"
"dataworld_157","Kaggle_86378","0.95"
"dataworld_727","Kaggle_295","0.95"
"dataworld_663","Kaggle_4167","0.95"
"dataworld_1437","Kaggle_4144","0.95"
"dataworld_574","Kaggle_2520951","1.0"
"dataworld_499","Kaggle_431","0.95"
"dataworld_1479","Kaggle_639","0.95"
"dataworld_1280","Kaggle_8129","1.0"
"dataworld_1190","Kaggle_733","0.95"
"dataworld_1874","Kaggle_31841","0.95"
"dataworld_1344","Kaggle_1202","0.95"
"dataworld_120","Kaggle_3218","0.95"
"dataworld_331","Kaggle_146","0.95"
"dataworld_1042","Kaggle_527623","0.95"
"dataworld_1782","Kaggle_524463","0.95"
"dataworld_173","Kaggle_22102","0.95"
"dataworld_1024","Kaggle_3169","0.95"
"dataworld_1579","Kaggle_7574","0.95"
"dataworld_1489","Kaggle_1274","0.95"
"dataworld_1201","Kaggle_93899","0.95"
"dataworld_986","Kaggle_16286","0.95"
"dataworld_673","Kaggle_242","0.95"
"dataworld_1073","Kaggle_14314","0.95"
"dataworld_17","Kaggle_14113","0.95"
"dataworld_1326","Kaggle_8175","0.95"
"dataworld_408","Kaggle_22887","0.95"
"dataworld_1119","Kaggle_4345","0.95"
"dataworld_1493","Kaggle_3674","0.95"
"dataworld_565","Kaggle_395811","0.95"
"dataworld_1732","Kaggle_384419","0.95"
"dataworld_75","Kaggle_136194","0.95"
"dataworld_1918","Kaggle_2818","0.95"
"dataworld_866","Kaggle_330136","0.95"
"dataworld_1296","Kaggle_97057","0.95"
"dataworld_558","Kaggle_5671143","0.95"
"dataworld_922","Kaggle_2992130","0.95"
"dataworld_221","Kaggle_780766","0.95"
"dataworld_453","Kaggle_3984","0.95"
"dataworld_627","Kaggle_208688","0.95"
"dataworld_1911","Kaggle_123663","0.95"
"dataworld_257","Kaggle_2325","0.95"
"dataworld_1244","Kaggle_186994","0.95"
"dataworld_1142","Kaggle_20347","0.95"
"dataworld_1063","Kaggle_6653","0.95"
"dataworld_1087","Kaggle_37194","0.95"
"dataworld_402","Kaggle_118093","0.95"
"dataworld_273","Kaggle_464271","1.0"
"dataworld_247","Kaggle_320","0.95"
"dataworld_337","Kaggle_6084","0.95"
"dataworld_1885","Kaggle_14824","0.95"
"dataworld_1104","Kaggle_643","0.95"
"dataworld_1443","Kaggle_6884995","0.95"
"dataworld_1041","Kaggle_39858","0.95"
"dataworld_1170","Kaggle_23243","0.95"
"dataworld_642","Kaggle_689","0.95"
"dataworld_1563","Kaggle_232355","0.95"
"dataworld_268","Kaggle_2274","0.95"
"dataworld_1407","Kaggle_14781","0.95"
"dataworld_1196","Kaggle_10296","0.95"
"dataworld_1163","Kaggle_7107947","0.95"
"dataworld_1158","Kaggle_17658","0.95"
"dataworld_975","Kaggle_1387","0.95"
"dataworld_961","Kaggle_95070","0.95"
"dataworld_549","Kaggle_4950650","0.95"
"dataworld_1091","Kaggle_245","0.95"
"dataworld_1777","Kaggle_41737","0.95"
"dataworld_832","Kaggle_167298","0.95"
"dataworld_634","Kaggle_946","0.95"
"dataworld_150","Kaggle_189671","1.0"
"dataworld_1134","Kaggle_14995","0.95"
"dataworld_624","Kaggle_9799","0.95"
"dataworld_1394","Kaggle_332014","1.0"
"dataworld_12","Kaggle_219768","1.0"
"dataworld_1370","Kaggle_6452","0.95"
"dataworld_492","Kaggle_4743","0.95"
"dataworld_1161","Kaggle_784","0.95"
"dataworld_836","Kaggle_135457","1.0"
"dataworld_366","Kaggle_6269817","0.95"
"dataworld_89","Kaggle_240208","1.0"
"dataworld_1610","Kaggle_1884","0.95"
"dataworld_374","Kaggle_29518","0.95"
"dataworld_1301","Kaggle_170118","1.0"
"dataworld_1586","Kaggle_1705","0.95"
"dataworld_112","Kaggle_45720","0.95"
"dataworld_412","Kaggle_1322","0.95"
"dataworld_1600","Kaggle_403746","1.0"
"dataworld_183","Kaggle_829","1.0"
"dataworld_1319","Kaggle_1491","0.95"
"dataworld_870","Kaggle_3746","0.95"
"dataworld_826","Kaggle_11746","0.95"
"dataworld_1149","Kaggle_392806","0.95"
"dataworld_1347","Kaggle_6242","0.95"
"dataworld_1491","Kaggle_113","0.95"
"dataworld_1094","Kaggle_9882","0.95"
"dataworld_889","Kaggle_2040","0.95"
"dataworld_1238","Kaggle_2097573","0.95"
"dataworld_665","Kaggle_4840847","0.95"
"dataworld_662","Kaggle_78471","0.95"
"dataworld_778","Kaggle_209036","1.0"
"dataworld_874","Kaggle_32690","1.0"
"dataworld_999","Kaggle_238020","0.95"
"dataworld_1707","Kaggle_5768810","0.95"
"dataworld_1078","Kaggle_1018274","0.95"
"dataworld_1636","Kaggle_3459","0.95"
"dataworld_1211","Kaggle_3038","0.95"
"dataworld_756","Kaggle_3840","0.95"
"dataworld_1171","Kaggle_183377","1.0"
"dataworld_267","Kaggle_30737","0.95"
"dataworld_844","Kaggle_3144370","0.95"
"dataworld_1488","Kaggle_292","0.95"
"dataworld_775","Kaggle_10860","0.95"
"dataworld_28","Kaggle_17","0.95"
"dataworld_1496","Kaggle_3175","0.95"
"dataworld_1833","Kaggle_7251","0.95"
"dataworld_1821","Kaggle_1842","0.95"
"dataworld_1659","Kaggle_37915","0.95"
"dataworld_816","Kaggle_393569","0.95"
"dataworld_1451","Kaggle_3624","0.95"
"dataworld_1603","Kaggle_2588","0.95"
"dataworld_59","Kaggle_73659","0.95"
"dataworld_252","Kaggle_484002","0.95"
"dataworld_1630","Kaggle_19977","1.0"
"dataworld_1213","Kaggle_288319","1.0"
"dataworld_724","Kaggle_124592","0.95"
"dataworld_1808","Kaggle_152092","0.95"
"dataworld_1663","Kaggle_26526","0.95"
"dataworld_1283","Kaggle_503595","0.95"
"dataworld_525","Kaggle_76737","0.95"
"dataworld_308","Kaggle_30899","0.95"
"dataworld_1074","Kaggle_5753","0.95"
"dataworld_255","Kaggle_1316","0.95"
"dataworld_147","Kaggle_58638","1.0"
"dataworld_1778","Kaggle_38632","0.95"
"dataworld_605","Kaggle_9092","1.0"
"dataworld_479","Kaggle_632","0.95"
"dataworld_1397","Kaggle_8566","0.95"
"dataworld_1432","Kaggle_7020","0.95"
"dataworld_758","Kaggle_301010","1.0"
"dataworld_368","Kaggle_1652","0.95"
"dataworld_185","Kaggle_223","0.95"
"dataworld_407","Kaggle_2692739","0.95"
"dataworld_651","Kaggle_148746","0.95"
"dataworld_177","Kaggle_69971","0.95"
"dataworld_292","Kaggle_201234","0.95"
"dataworld_985","Kaggle_7195","0.95"
"dataworld_1199","Kaggle_87519","0.95"
"dataworld_1887","Kaggle_2265","0.95"
"dataworld_444","Kaggle_101857","1.0"
"dataworld_1656","Kaggle_9506","0.95"
"dataworld_1503","Kaggle_4339","0.95"
"dataworld_802","Kaggle_293273","0.95"
"dataworld_848","Kaggle_373","0.95"
"dataworld_1438","Kaggle_68144","0.95"
"dataworld_271","Kaggle_25497","0.95"
"dataworld_13","Kaggle_105","0.95"
"dataworld_1312","Kaggle_94164","0.95"
"dataworld_801","Kaggle_546","0.95"
"dataworld_109","Kaggle_158729","0.95"
"dataworld_1922","Kaggle_1488105","0.95"
"dataworld_74","Kaggle_5406013","0.95"
"dataworld_1200","Kaggle_4921","0.95"
"dataworld_269","Kaggle_35743","1.0"
"dataworld_277","Kaggle_118833","1.0"
"dataworld_67","Kaggle_147","0.95"
"dataworld_583","Kaggle_34737","0.95"
"dataworld_1231","Kaggle_202041","0.95"
"dataworld_164","Kaggle_13639","0.95"
"dataworld_1381","Kaggle_7650","0.95"
"dataworld_1806","Kaggle_207663","0.95"
"dataworld_107","Kaggle_6558","0.95"
"dataworld_304","Kaggle_50622","0.95"
"dataworld_108","Kaggle_275882","0.95"
"dataworld_469","Kaggle_36451","0.95"
"dataworld_1021","Kaggle_105968","1.0"
"dataworld_510","Kaggle_1576","0.95"
"dataworld_169","Kaggle_94","0.95"
"dataworld_718","Kaggle_4577","0.95"
"dataworld_1103","Kaggle_98654","0.95"
"dataworld_1873","Kaggle_12469","0.95"
"dataworld_98","Kaggle_1285822","0.95"
"dataworld_1688","Kaggle_4253","0.95"
"dataworld_1413","Kaggle_993","0.95"
"dataworld_1598","Kaggle_3445964","0.95"
"dataworld_314","Kaggle_518","0.95"
"dataworld_463","Kaggle_146408","1.0"
"dataworld_452","Kaggle_59462","1.0"
"dataworld_355","Kaggle_310","0.95"
"dataworld_376","Kaggle_2390295","0.95"
"dataworld_560","Kaggle_4752","0.95"
"dataworld_1743","Kaggle_1075","0.95"
"dataworld_1548","Kaggle_306534","0.95"
"dataworld_9","Kaggle_53485","0.95"
"dataworld_633","Kaggle_1246","0.95"
"dataworld_590","Kaggle_141755","0.95"
"dataworld_1086","Kaggle_120209","1.0"
"dataworld_1425","Kaggle_1895149","0.95"
"dataworld_1308","Kaggle_4911","0.95"
"dataworld_1365","Kaggle_368514","0.95"
"dataworld_1390","Kaggle_69072","0.95"
"dataworld_1904","Kaggle_8320","0.95"
"dataworld_611","Kaggle_1459","0.95"
"dataworld_154","Kaggle_20277","0.95"
"dataworld_1332","Kaggle_161023","0.95"
"dataworld_614","Kaggle_71018","0.95"
"dataworld_266","Kaggle_6033295","0.95"
"dataworld_750","Kaggle_6873566","0.95"
"dataworld_206","Kaggle_166","0.95"
"dataworld_140","Kaggle_48424","1.0"
"dataworld_736","Kaggle_391372","1.0"
"dataworld_770","Kaggle_28241","0.95"
"dataworld_932","Kaggle_501905","1.0"
"dataworld_845","Kaggle_7836","0.95"
"dataworld_1285","Kaggle_3228","0.95"
"dataworld_1276","Kaggle_3347","0.95"
"dataworld_534","Kaggle_1266","0.95"
"dataworld_1593","Kaggle_17165","0.95"
"dataworld_670","Kaggle_458124","1.0"
"dataworld_345","Kaggle_509549","1.0"
"dataworld_1111","Kaggle_49034","0.95"
"dataworld_572","Kaggle_89","0.95"
"dataworld_858","Kaggle_3454","0.95"
"dataworld_233","Kaggle_1049","0.95"
"dataworld_1375","Kaggle_545511","0.95"
"dataworld_1460","Kaggle_136","0.95"
"dataworld_1152","Kaggle_9697","0.95"
"dataworld_184","Kaggle_313","0.95"
"dataworld_563","Kaggle_148166","0.95"
"dataworld_1622","Kaggle_81719","0.95"
"dataworld_180","Kaggle_2711","0.95"
"dataworld_530","Kaggle_3786","0.95"
"dataworld_654","Kaggle_5193243","0.95"
"dataworld_820","Kaggle_1969","0.95"
"dataworld_468","Kaggle_22331","1.0"
"dataworld_305","Kaggle_6411107","0.95"
"dataworld_1791","Kaggle_34074","0.95"
"dataworld_1098","Kaggle_122978","1.0"
"dataworld_1306","Kaggle_57569","0.95"
"dataworld_1626","Kaggle_121529","0.95"
"dataworld_805","Kaggle_17896","0.95"
"dataworld_1588","Kaggle_31440","0.95"
"dataworld_1518","Kaggle_1587","0.95"
"dataworld_1373","Kaggle_331","0.95"
"dataworld_1069","Kaggle_469333","0.95"
"dataworld_1582","Kaggle_428025","1.0"
"dataworld_829","Kaggle_6618511","0.95"
"dataworld_133","Kaggle_2452","0.95"
"dataworld_537","Kaggle_2454","0.95"
"dataworld_1537","Kaggle_16722","0.95"
"dataworld_176","Kaggle_73714","0.95"
"dataworld_772","Kaggle_7766","0.95"
"dataworld_857","Kaggle_1921","0.95"
"dataworld_1051","Kaggle_594","0.95"
"dataworld_103","Kaggle_10121","0.95"
"dataworld_688","Kaggle_334543","0.95"
"dataworld_38","Kaggle_132","0.95"
"dataworld_1089","Kaggle_9363","0.95"
"dataworld_749","Kaggle_591085","0.95"
"dataworld_1186","Kaggle_295219","0.95"
"dataworld_1461","Kaggle_1988","0.95"
"dataworld_869","Kaggle_38041","0.95"
"dataworld_580","Kaggle_1523","0.95"
"dataworld_577","Kaggle_4368","0.95"
"dataworld_1516","Kaggle_2423","0.95"
"dataworld_227","Kaggle_1135","0.95"
"dataworld_650","Kaggle_455495","1.0"
"dataworld_77","Kaggle_509241","0.95"
"dataworld_410","Kaggle_3137","0.95"
"dataworld_130","Kaggle_338348","1.0"
"dataworld_738","Kaggle_425871","0.95"
"dataworld_1881","Kaggle_74299","0.95"
"dataworld_357","Kaggle_378","0.95"
"dataworld_936","Kaggle_265601","1.0"
"dataworld_553","Kaggle_816512","0.95"
"dataworld_1225","Kaggle_3174","0.95"
"dataworld_1818","Kaggle_19993","0.95"
"dataworld_307","Kaggle_9877","0.95"
"dataworld_1423","Kaggle_4495","0.95"
"dataworld_1811","Kaggle_60387","0.95"
"dataworld_431","Kaggle_2886","0.95"
"dataworld_1690","Kaggle_8072","0.95"
"dataworld_979","Kaggle_5750","0.95"
"dataworld_1784","Kaggle_15480","0.95"
"dataworld_883","Kaggle_291091","0.95"
"dataworld_480","Kaggle_60893","0.95"
"dataworld_1638","Kaggle_1545","0.95"
"dataworld_396","Kaggle_293300","0.95"
"dataworld_189","Kaggle_1870","0.95"
"dataworld_1684","Kaggle_352825","0.95"
"dataworld_175","Kaggle_1323","0.95"
"dataworld_810","Kaggle_108441","0.95"
"dataworld_259","Kaggle_368","0.95"
"dataworld_1278","Kaggle_3080750","0.95"
"dataworld_910","Kaggle_150199","0.95"
"dataworld_1102","Kaggle_170051","0.95"
"dataworld_1842","Kaggle_1628","0.95"
"dataworld_1903","Kaggle_91348","1.0"
"dataworld_725","Kaggle_6142697","0.95"
"dataworld_1817","Kaggle_1803560","0.95"
"dataworld_1642","Kaggle_28636","0.95"
"dataworld_1738","Kaggle_351612","1.0"
"dataworld_1854","Kaggle_2440590","0.95"
"dataworld_655","Kaggle_340741","1.0"
"dataworld_349","Kaggle_148834","1.0"
"dataworld_115","Kaggle_2645444","0.95"
"dataworld_329","Kaggle_1823","0.95"
"dataworld_1913","Kaggle_17666","0.95"
"dataworld_40","Kaggle_6460481","0.95"
"dataworld_544","Kaggle_149053","0.95"
"dataworld_621","Kaggle_3357","0.95"
"dataworld_579","Kaggle_964774","0.95"
"dataworld_1253","Kaggle_5264","0.95"
"dataworld_316","Kaggle_3849","0.95"
"dataworld_850","Kaggle_1197","0.95"
"dataworld_370","Kaggle_1538","0.95"
"dataworld_1895","Kaggle_4841066","0.95"
"dataworld_1221","Kaggle_2060153","0.95"
"dataworld_1364","Kaggle_12874","0.95"
"dataworld_1320","Kaggle_10187","0.95"
"dataworld_884","Kaggle_5417509","0.95"
"dataworld_538","Kaggle_2170","0.95"
"dataworld_1737","Kaggle_15000","0.95"
"dataworld_841","Kaggle_1213","0.95"
"dataworld_1271","Kaggle_2081","0.95"
"dataworld_416","Kaggle_113575","0.95"
"dataworld_174","Kaggle_143528","0.95"
"dataworld_358","Kaggle_1661","0.95"
"dataworld_687","Kaggle_17542","0.95"
"dataworld_882","Kaggle_30225","1.0"
"dataworld_1311","Kaggle_4834319","0.95"
"dataworld_1902","Kaggle_160646","1.0"
"dataworld_1542","Kaggle_9950","0.95"
"dataworld_906","Kaggle_2733","0.95"
"dataworld_1080","Kaggle_166307","0.95"
"dataworld_1014","Kaggle_5719","0.95"
"dataworld_761","Kaggle_5083660","0.95"
"dataworld_384","Kaggle_227049","0.95"
"dataworld_291","Kaggle_21863","1.0"
"dataworld_68","Kaggle_41","0.95"
"dataworld_1334","Kaggle_3249","0.95"
"dataworld_587","Kaggle_2114","0.95"
"dataworld_96","Kaggle_95705","0.95"
"dataworld_279","Kaggle_3115","0.95"
"dataworld_32","Kaggle_6459937","0.95"
"dataworld_335","Kaggle_3415785","0.95"
"dataworld_23","Kaggle_144947","0.95"
"dataworld_575","Kaggle_7774","0.95"
"dataworld_694","Kaggle_327640","0.95"
"dataworld_1566","Kaggle_78808","0.95"
"dataworld_282","Kaggle_3831409","0.95"
"dataworld_1318","Kaggle_747896","0.95"
"dataworld_1607","Kaggle_3113","0.95"
"dataworld_491","Kaggle_48922","0.95"
"dataworld_514","Kaggle_126599","0.95"
"dataworld_1699","Kaggle_9183","0.95"
"dataworld_1492","Kaggle_241278","0.95"
"dataworld_21","Kaggle_108","0.95"
"dataworld_891","Kaggle_191830","0.95"
"dataworld_187","Kaggle_166456","1.0"
"dataworld_512","Kaggle_8163","0.95"
"dataworld_1167","Kaggle_129878","1.0"
"dataworld_1872","Kaggle_212723","0.95"
"dataworld_1023","Kaggle_3176","0.95"
"dataworld_445","Kaggle_873","0.95"
"dataworld_1402","Kaggle_2498","0.95"
"dataworld_1076","Kaggle_14278","0.95"
"dataworld_523","Kaggle_3725","0.95"
"dataworld_1779","Kaggle_227172","0.95"
"dataworld_1129","Kaggle_301","0.95"
"dataworld_1640","Kaggle_13367","0.95"
"dataworld_900","Kaggle_52358","0.95"
"dataworld_1412","Kaggle_229695","0.95"
"dataworld_1130","Kaggle_5220445","0.95"
"dataworld_1611","Kaggle_62965","0.95"
"dataworld_400","Kaggle_34061","0.95"
"dataworld_1662","Kaggle_2481","0.95"
"dataworld_895","Kaggle_3586","0.95"
"dataworld_815","Kaggle_396850","1.0"
"dataworld_1137","Kaggle_1276","0.95"
"dataworld_85","Kaggle_4447959","0.95"
"dataworld_48","Kaggle_2689314","0.95"
"dataworld_1092","Kaggle_4926","0.95"
"dataworld_1595","Kaggle_4302","0.95"
"dataworld_1135","Kaggle_168038","0.95"
"dataworld_1652","Kaggle_4853","0.95"
"dataworld_347","Kaggle_4516","0.95"
"dataworld_1355","Kaggle_15317","0.95"
"dataworld_1550","Kaggle_49645","0.95"
"dataworld_830","Kaggle_7100","0.95"
"dataworld_341","Kaggle_333","0.95"
"dataworld_1032","Kaggle_1198","0.95"
"dataworld_1027","Kaggle_1190769","0.95"
"dataworld_584","Kaggle_2442540","0.95"
"dataworld_808","Kaggle_3660","0.95"
"dataworld_518","Kaggle_354499","0.95"
"dataworld_474","Kaggle_33637","0.95"
"dataworld_1469","Kaggle_307944","0.95"
"dataworld_787","Kaggle_6088","0.95"
"dataworld_721","Kaggle_6180","0.95"
"dataworld_1730","Kaggle_12530","0.95"
"dataworld_1547","Kaggle_49866","0.95"
"dataworld_280","Kaggle_366","0.95"
"dataworld_1136","Kaggle_61329","0.95"
"dataworld_1214","Kaggle_2852","0.95"
"dataworld_498","Kaggle_368353","0.95"
"dataworld_52","Kaggle_100630","1.0"
"dataworld_528","Kaggle_395088","1.0"
"dataworld_1502","Kaggle_44206","0.95"
"dataworld_1524","Kaggle_436873","0.95"
"dataworld_234","Kaggle_1304","0.95"
"dataworld_220","Kaggle_357","0.95"
"dataworld_878","Kaggle_953","0.95"
"dataworld_91","Kaggle_454033","1.0"
"dataworld_1184","Kaggle_28967","0.95"
"dataworld_144","Kaggle_18196","0.95"
"dataworld_860","Kaggle_65648","0.95"
"dataworld_1209","Kaggle_45051","0.95"
"dataworld_849","Kaggle_179453","0.95"
"dataworld_764","Kaggle_130724","0.95"
"dataworld_318","Kaggle_71945","0.95"
"dataworld_155","Kaggle_4426469","0.95"
"dataworld_714","Kaggle_390703","0.95"
"dataworld_705","Kaggle_8528","1.0"
"dataworld_1765","Kaggle_4640","0.95"
"dataworld_1303","Kaggle_3238104","0.95"
"dataworld_372","Kaggle_258650","0.95"
"dataworld_1169","Kaggle_912","0.95"
"dataworld_82","Kaggle_6744956","1.0"
"dataworld_1797","Kaggle_142821","1.0"
"dataworld_275","Kaggle_531794","1.0"
"dataworld_1262","Kaggle_532262","1.0"
"dataworld_392","Kaggle_71646","0.95"
"dataworld_753","Kaggle_299329","0.95"
"dataworld_35","Kaggle_490","0.95"
"dataworld_934","Kaggle_3034","0.95"
"dataworld_1466","Kaggle_895","0.95"
"dataworld_148","Kaggle_409","0.95"
"dataworld_433","Kaggle_507594","0.95"
"dataworld_913","Kaggle_262145","1.0"
"dataworld_719","Kaggle_147000","0.95"
"dataworld_1820","Kaggle_148918","1.0"
"dataworld_420","Kaggle_679434","0.95"
"dataworld_547","Kaggle_282283","0.95"
"dataworld_536","Kaggle_4440","0.95"
"dataworld_695","Kaggle_434","0.95"
"dataworld_1871","Kaggle_5896","0.95"
"dataworld_8","Kaggle_4522","0.95"
"dataworld_681","Kaggle_66939","0.95"
"dataworld_759","Kaggle_23172","0.95"
"dataworld_1358","Kaggle_22347","0.95"
"dataworld_1735","Kaggle_8421","0.95"
"dataworld_46","Kaggle_34771","1.0"
"dataworld_795","Kaggle_10896","0.95"
"dataworld_1290","Kaggle_487644","0.95"
"dataworld_831","Kaggle_15902","0.95"
"dataworld_1648","Kaggle_219058","0.95"
"dataworld_533","Kaggle_188443","1.0"
"dataworld_446","Kaggle_4331942","0.95"
"dataworld_1847","Kaggle_185038","0.95"
"dataworld_113","Kaggle_1870996","0.95"
"dataworld_1099","Kaggle_3211","0.95"
"dataworld_1001","Kaggle_3526","0.95"
"dataworld_97","Kaggle_76415","0.95"
"dataworld_684","Kaggle_263659","0.95"
"dataworld_285","Kaggle_2410","0.95"
"dataworld_1322","Kaggle_515","0.95"
"dataworld_1259","Kaggle_4016397","0.95"
"dataworld_1154","Kaggle_3209","0.95"
"dataworld_489","Kaggle_8075","0.95"
"dataworld_1583","Kaggle_4568","0.95"
"dataworld_1484","Kaggle_34982","0.95"
"dataworld_311","Kaggle_65404","1.0"
"dataworld_1194","Kaggle_48650","0.95"
"dataworld_1077","Kaggle_124199","1.0"
"dataworld_511","Kaggle_464669","1.0"
"dataworld_1522","Kaggle_2563","0.95"
"dataworld_649","Kaggle_142451","0.95"
"dataworld_668","Kaggle_3953709","0.95"
"dataworld_467","Kaggle_202060","1.0"
"dataworld_1633","Kaggle_10690","0.95"
"dataworld_1251","Kaggle_1158","0.95"
"dataworld_1396","Kaggle_50893","0.95"
"dataworld_680","Kaggle_31309","0.95"
"dataworld_379","Kaggle_1185","0.95"
"dataworld_1877","Kaggle_28414","0.95"
"dataworld_1182","Kaggle_338969","0.95"
"dataworld_1330","Kaggle_9795","1.0"
"dataworld_256","Kaggle_467445","0.95"
"dataworld_944","Kaggle_32268","0.95"
"dataworld_473","Kaggle_29592","0.95"
"dataworld_222","Kaggle_3713","0.95"
"dataworld_351","Kaggle_194309","0.95"
"dataworld_757","Kaggle_215347","0.95"
"dataworld_209","Kaggle_1680","0.95"
"dataworld_1693","Kaggle_18038","0.95"
"dataworld_1415","Kaggle_21232","0.95"
"dataworld_167","Kaggle_199","0.95"
"dataworld_881","Kaggle_34878","1.0"
"dataworld_1552","Kaggle_255912","1.0"
"dataworld_920","Kaggle_69540","0.95"
"dataworld_409","Kaggle_198","0.95"
"dataworld_933","Kaggle_5920","0.95"
"dataworld_493","Kaggle_502716","1.0"
"dataworld_1643","Kaggle_230499","0.95"
"dataworld_1474","Kaggle_449162","1.0"
"dataworld_242","Kaggle_9822","0.95"
"dataworld_70","Kaggle_4550390","0.95"
"dataworld_606","Kaggle_81329","0.95"
"dataworld_1698","Kaggle_11106","0.95"
"dataworld_104","Kaggle_161299","1.0"
"dataworld_526","Kaggle_211120","1.0"
"dataworld_1573","Kaggle_3069","0.95"
"dataworld_1750","Kaggle_56927","1.0"
"dataworld_1002","Kaggle_1488","0.95"
"dataworld_1363","Kaggle_4979","0.95"
"dataworld_1430","Kaggle_2040764","0.95"
"dataworld_1215","Kaggle_96587","0.95"
"dataworld_205","Kaggle_37521","0.95"
"dataworld_974","Kaggle_1583683","0.95"
"dataworld_1780","Kaggle_4176","0.95"
"dataworld_353","Kaggle_30244","0.95"
"dataworld_1584","Kaggle_43086","0.95"
"dataworld_117","Kaggle_297","0.95"
"dataworld_809","Kaggle_25567","0.95"
"dataworld_1810","Kaggle_36534","0.95"
"dataworld_1400","Kaggle_29598","0.95"
"dataworld_281","Kaggle_365","0.95"
"dataworld_1203","Kaggle_6691","0.95"
"dataworld_439","Kaggle_135","0.95"
"dataworld_1462","Kaggle_230253","0.95"
"dataworld_917","Kaggle_66636","1.0"
"dataworld_172","Kaggle_465331","1.0"
"dataworld_1207","Kaggle_1644","0.95"
"dataworld_1039","Kaggle_7555","0.95"
"dataworld_1822","Kaggle_526468","1.0"
"dataworld_1645","Kaggle_24587","0.95"
"dataworld_429","Kaggle_198046","1.0"
"dataworld_1173","Kaggle_24375","1.0"
"dataworld_1356","Kaggle_1308","0.95"
"dataworld_1807","Kaggle_85422","0.95"
"dataworld_1417","Kaggle_417","0.95"
"dataworld_570","Kaggle_6804866","0.95"
"dataworld_63","Kaggle_42815","0.95"
"dataworld_1085","Kaggle_238216","0.95"
"dataworld_1270","Kaggle_347138","0.95"
"dataworld_506","Kaggle_2367","0.95"
"dataworld_1126","Kaggle_4701","0.95"
"dataworld_765","Kaggle_38247","0.95"
"dataworld_338","Kaggle_15487","0.95"
"dataworld_504","Kaggle_151415","0.95"
"dataworld_1558","Kaggle_139107","0.95"
"dataworld_485","Kaggle_69183","0.95"
"dataworld_1157","Kaggle_139753","0.95"
"dataworld_1066","Kaggle_5314","0.95"
"dataworld_585","Kaggle_14312","0.95"
"dataworld_343","Kaggle_377","0.95"
"dataworld_332","Kaggle_393","0.95"
"dataworld_747","Kaggle_45572","0.95"
"dataworld_483","Kaggle_7070","0.95"
"dataworld_1350","Kaggle_5519","0.95"
"dataworld_19","Kaggle_54337","0.95"
"dataworld_1034","Kaggle_4613377","0.95"
"dataworld_1719","Kaggle_2082","0.95"
"dataworld_466","Kaggle_267010","0.95"
"dataworld_872","Kaggle_14843","0.95"
"dataworld_632","Kaggle_504786","0.95"
"dataworld_516","Kaggle_46965","0.95"
"dataworld_819","Kaggle_752","0.95"
"dataworld_1016","Kaggle_3127112","0.95"
"dataworld_406","Kaggle_24722","0.95"
"dataworld_1892","Kaggle_3049855","0.95"
"dataworld_413","Kaggle_42213","0.95"
"dataworld_1641","Kaggle_4102","0.95"
"dataworld_1858","Kaggle_990","0.95"
"dataworld_682","Kaggle_46954","0.95"
"dataworld_230","Kaggle_6715471","0.95"
"dataworld_1133","Kaggle_667291","0.95"
"dataworld_745","Kaggle_269230","1.0"
"dataworld_436","Kaggle_5640","0.95"
"dataworld_235","Kaggle_19419","0.95"
"dataworld_576","Kaggle_2756","0.95"
"dataworld_1371","Kaggle_2720","0.95"
"dataworld_1144","Kaggle_221223","0.95"
"dataworld_631","Kaggle_6440853","0.95"
"dataworld_1057","Kaggle_759","0.95"
"dataworld_939","Kaggle_2175","0.95"
"dataworld_701","Kaggle_15331","0.95"
"dataworld_702","Kaggle_44805","0.95"
"dataworld_1734","Kaggle_49805","0.95"
"dataworld_58","Kaggle_364","0.95"
"dataworld_1216","Kaggle_120817","0.95"
"dataworld_1257","Kaggle_1970","0.95"
"dataworld_1879","Kaggle_169693","0.95"
"dataworld_336","Kaggle_3313","0.95"
"dataworld_201","Kaggle_268710","1.0"
"dataworld_352","Kaggle_610","0.95"
"dataworld_945","Kaggle_6484","0.95"
"dataworld_327","Kaggle_72112","1.0"
"dataworld_1627","Kaggle_15007","0.95"
"dataworld_1855","Kaggle_125472","1.0"
"dataworld_1223","Kaggle_2154363","0.95"
"dataworld_1668","Kaggle_4227","0.95"
"dataworld_729","Kaggle_1730","0.95"
"dataworld_517","Kaggle_172762","0.95"
"dataworld_1346","Kaggle_248718","1.0"
"dataworld_1054","Kaggle_123375","0.95"
"dataworld_1901","Kaggle_9022","0.95"
"dataworld_1222","Kaggle_24537","0.95"
"dataworld_1393","Kaggle_7556","0.95"
"dataworld_87","Kaggle_50","0.95"
"dataworld_359","Kaggle_505032","0.95"
"dataworld_693","Kaggle_2237","0.95"
"dataworld_1416","Kaggle_3070","0.95"
"dataworld_1380","Kaggle_5087","0.95"
"dataworld_1832","Kaggle_6904","0.95"
"dataworld_792","Kaggle_7","0.95"
"dataworld_1529","Kaggle_969","0.95"
"dataworld_160","Kaggle_36695","0.95"
"dataworld_1220","Kaggle_98590","0.95"
"dataworld_375","Kaggle_154835","0.95"
"dataworld_789","Kaggle_336369","1.0"
"dataworld_1009","Kaggle_306493","0.95"
"dataworld_657","Kaggle_40777","0.95"
"dataworld_1827","Kaggle_9197","0.95"
"dataworld_1028","Kaggle_1421681","1.0"
"dataworld_503","Kaggle_444232","1.0"
"dataworld_675","Kaggle_1484","0.95"
"dataworld_817","Kaggle_3639925","0.95"
"dataworld_1006","Kaggle_66773","0.95"
"dataworld_1","Kaggle_64129","0.95"
"dataworld_1682","Kaggle_10162","0.95"
"dataworld_1018","Kaggle_311716","0.95"
"dataworld_1884","Kaggle_7882","0.95"
"dataworld_1268","Kaggle_4775","0.95"
"dataworld_1592","Kaggle_331883","0.95"
"dataworld_581","Kaggle_70011","0.95"
"dataworld_685","Kaggle_96947","1.0"
"dataworld_973","Kaggle_292766","1.0"
"dataworld_218","Kaggle_11640","0.95"
"dataworld_1609","Kaggle_7759","0.95"
"dataworld_1675","Kaggle_4319957","0.95"
"dataworld_190","Kaggle_451","0.95"
"dataworld_645","Kaggle_227052","0.95"
"dataworld_854","Kaggle_65435","0.95"
"dataworld_1614","Kaggle_370458","0.95"
"dataworld_1705","Kaggle_192268","0.95"
"dataworld_72","Kaggle_1498244","0.95"
"dataworld_1127","Kaggle_3595","0.95"
"dataworld_894","Kaggle_6009","0.95"
"dataworld_1273","Kaggle_64865","0.95"
"dataworld_162","Kaggle_843","0.95"
"dataworld_389","Kaggle_380696","0.95"
"dataworld_984","Kaggle_148193","1.0"
"dataworld_391","Kaggle_1886","0.95"
"dataworld_741","Kaggle_5246","0.95"
"dataworld_781","Kaggle_38443","0.95"
"dataworld_838","Kaggle_5165052","0.95"
"dataworld_192","Kaggle_255","0.95"
"dataworld_1628","Kaggle_2229","0.95"
"dataworld_926","Kaggle_973","0.95"
"dataworld_435","Kaggle_432430","1.0"
"dataworld_1081","Kaggle_920","0.95"
"dataworld_284","Kaggle_7478","0.95"
"dataworld_264","Kaggle_35923","0.95"
"dataworld_1050","Kaggle_3993","0.95"
"dataworld_755","Kaggle_71160","0.95"
"dataworld_418","Kaggle_115121","1.0"
"dataworld_957","Kaggle_4065490","0.95"
"dataworld_540","Kaggle_1375","0.95"
"dataworld_1433","Kaggle_6953","0.95"
"dataworld_602","Kaggle_14166","0.95"
"dataworld_1138","Kaggle_4144986","0.95"
"dataworld_978","Kaggle_5413","0.95"
"dataworld_1857","Kaggle_53564","0.95"
"dataworld_1485","Kaggle_463007","0.95"
"dataworld_1499","Kaggle_4580","0.95"
"dataworld_4","Kaggle_41590","0.95"
"dataworld_223","Kaggle_381526","1.0"
"dataworld_330","Kaggle_28515","0.95"
"dataworld_1324","Kaggle_38742","0.95"
"dataworld_1482","Kaggle_360239","0.95"
"dataworld_364","Kaggle_9912","0.95"
"dataworld_768","Kaggle_986","0.95"
"dataworld_927","Kaggle_7969","0.95"
"dataworld_690","Kaggle_380764","1.0"
"dataworld_30","Kaggle_164188","0.95"
"dataworld_1891","Kaggle_11998","0.95"
"dataworld_1647","Kaggle_86010","0.95"
"dataworld_700","Kaggle_263479","0.95"
"dataworld_773","Kaggle_194130","0.95"
"dataworld_1008","Kaggle_3686","0.95"
"dataworld_181","Kaggle_13055","1.0"
"dataworld_763","Kaggle_124091","0.95"
"dataworld_123","Kaggle_26935","0.95"
"dataworld_286","Kaggle_179397","1.0"
"dataworld_552","Kaggle_1368934","0.95"
"dataworld_1500","Kaggle_48670","0.95"
"dataworld_93","Kaggle_136750","0.95"
"dataworld_33","Kaggle_220057","0.95"
"dataworld_1876","Kaggle_219774","0.95"
"dataworld_812","Kaggle_112564","0.95"
"dataworld_486","Kaggle_817","0.95"
"dataworld_609","Kaggle_5317","0.95"
"dataworld_450","Kaggle_4451436","0.95"
"dataworld_405","Kaggle_54967","0.95"
"dataworld_1715","Kaggle_85035","1.0"
"dataworld_207","Kaggle_46375","0.95"
"dataworld_1143","Kaggle_107419","0.95"
"dataworld_1218","Kaggle_7604","0.95"
"dataworld_1801","Kaggle_11769","0.95"
"dataworld_1338","Kaggle_10605","0.95"
"dataworld_1172","Kaggle_81935","0.95"
"dataworld_1004","Kaggle_2462893","0.95"
"dataworld_151","Kaggle_18190","0.95"
"dataworld_947","Kaggle_1596","0.95"
"dataworld_1798","Kaggle_12618","0.95"
"dataworld_931","Kaggle_25344","0.95"
"dataworld_946","Kaggle_1759","0.95"
"dataworld_1591","Kaggle_443","0.95"
"dataworld_1188","Kaggle_5599404","0.95"
"dataworld_1003","Kaggle_1117877","0.95"
"dataworld_873","Kaggle_59171","1.0"
"dataworld_1691","Kaggle_9286","0.95"
"dataworld_442","Kaggle_5252","0.95"
"dataworld_287","Kaggle_420","0.95"
"dataworld_531","Kaggle_537","0.95"
"dataworld_293","Kaggle_457001","1.0"
"dataworld_290","Kaggle_501","0.95"
"dataworld_567","Kaggle_195481","0.95"
"dataworld_395","Kaggle_1498","0.95"
"dataworld_960","Kaggle_182248","0.95"
"dataworld_1731","Kaggle_34506","0.95"
"dataworld_1352","Kaggle_1047","0.95"
"dataworld_994","Kaggle_3545","0.95"
"dataworld_1559","Kaggle_4933694","0.95"
"dataworld_437","Kaggle_6027","0.95"
"dataworld_18","Kaggle_1608507","0.95"
"dataworld_236","Kaggle_1016","0.95"
"dataworld_970","Kaggle_2378","0.95"
"dataworld_260","Kaggle_76490","0.95"
"dataworld_143","Kaggle_145","0.95"
"dataworld_146","Kaggle_461899","1.0"
"dataworld_301","Kaggle_8290","0.95"
"dataworld_1816","Kaggle_3077","0.95"
"dataworld_1916","Kaggle_146306","0.95"
"dataworld_623","Kaggle_13455","0.95"
"dataworld_462","Kaggle_532926","1.0"
"dataworld_496","Kaggle_1771","0.95"
"dataworld_1293","Kaggle_16679","0.95"
"dataworld_1467","Kaggle_2368","0.95"
"dataworld_1454","Kaggle_253085","0.95"
"dataworld_502","Kaggle_1685560","0.95"
"dataworld_1906","Kaggle_16675","0.95"
"dataworld_1281","Kaggle_5164","0.95"
"dataworld_344","Kaggle_168848","1.0"
"dataworld_488","Kaggle_188733","0.95"
"dataworld_515","Kaggle_943","0.95"
"dataworld_118","Kaggle_837958","0.95"
"dataworld_1219","Kaggle_123291","0.95"
"dataworld_1298","Kaggle_4913","0.95"
"dataworld_226","Kaggle_363431","0.95"
"dataworld_571","Kaggle_30025","0.95"
"dataworld_240","Kaggle_397","0.95"
"dataworld_324","Kaggle_338498","0.95"
"dataworld_762","Kaggle_14","0.95"
"dataworld_1052","Kaggle_249","0.95"
"dataworld_646","Kaggle_110380","1.0"
"dataworld_644","Kaggle_5626","0.95"
"dataworld_136","Kaggle_770","0.95"
"dataworld_678","Kaggle_1701","0.95"
"dataworld_1459","Kaggle_6534898","0.95"
"dataworld_203","Kaggle_214","0.95"
"dataworld_811","Kaggle_6723","0.95"
"dataworld_837","Kaggle_26626","0.95"
"dataworld_1655","Kaggle_98567","0.95"
"dataworld_1202","Kaggle_2041622","0.95"
"dataworld_1519","Kaggle_94470","0.95"
"dataworld_1307","Kaggle_3147","0.95"
"dataworld_66","Kaggle_29","0.95"
"dataworld_855","Kaggle_204083","0.95"
"dataworld_1279","Kaggle_329703","1.0"
"dataworld_754","Kaggle_345942","1.0"
"dataworld_785","Kaggle_61103","0.95"
"dataworld_1353","Kaggle_8388","0.95"
"dataworld_1556","Kaggle_22134","0.95"
"dataworld_596","Kaggle_1291","0.95"
"dataworld_964","Kaggle_22565","0.95"
"dataworld_541","Kaggle_2356194","0.95"
"dataworld_71","Kaggle_509","0.95"
"dataworld_1249","Kaggle_5603","0.95"
"dataworld_871","Kaggle_217850","0.95"
"dataworld_1277","Kaggle_25410","0.95"
"dataworld_95","Kaggle_369139","1.0"
"dataworld_1739","Kaggle_1107","0.95"
"dataworld_1155","Kaggle_523093","0.95"
"dataworld_303","Kaggle_5237505","0.95"
"dataworld_471","Kaggle_5042701","0.95"
"dataworld_940","Kaggle_101898","0.95"
"dataworld_629","Kaggle_100552","0.95"
"dataworld_251","Kaggle_1448201","0.95"
"dataworld_1007","Kaggle_9545","0.95"
"dataworld_215","Kaggle_2036","0.95"
"dataworld_1360","Kaggle_8153","0.95"
"dataworld_622","Kaggle_2773261","0.95"
"dataworld_80","Kaggle_382539","0.95"
"dataworld_1343","Kaggle_74027","0.95"
"dataworld_1255","Kaggle_275248","0.95"
"dataworld_1115","Kaggle_6155939","0.95"
"dataworld_689","Kaggle_14636","0.95"
"dataworld_490","Kaggle_11185","0.95"
"dataworld_394","Kaggle_350909","0.95"
"dataworld_10","Kaggle_294025","1.0"
"dataworld_713","Kaggle_69184","0.95"
"dataworld_1450","Kaggle_972","0.95"
"dataworld_320","Kaggle_1526","0.95"
"dataworld_102","Kaggle_336618","1.0"
"dataworld_1753","Kaggle_11618","0.95"
"dataworld_818","Kaggle_17289","0.95"
"dataworld_246","Kaggle_559","0.95"
"dataworld_1475","Kaggle_64390","0.95"
"dataworld_1037","Kaggle_7039773","0.95"
"dataworld_1261","Kaggle_2045","0.95"
"dataworld_258","Kaggle_136819","1.0"
"dataworld_212","Kaggle_3862","0.95"
"dataworld_94","Kaggle_500906","1.0"
"dataworld_380","Kaggle_154517","0.95"
"dataworld_1233","Kaggle_292899","1.0"
"dataworld_50","Kaggle_22","0.95"
"dataworld_302","Kaggle_69877","0.95"
"dataworld_807","Kaggle_103429","0.95"
"dataworld_78","Kaggle_181858","1.0"
"dataworld_1694","Kaggle_2709","0.95"
"dataworld_1236","Kaggle_5464","0.95"
"dataworld_902","Kaggle_206484","0.95"
"dataworld_1035","Kaggle_120263","0.95"
"dataworld_981","Kaggle_4681","0.95"
"dataworld_1315","Kaggle_1699","0.95"
"dataworld_686","Kaggle_5853611","0.95"
"dataworld_1406","Kaggle_351011","0.95"
"dataworld_1269","Kaggle_341510","0.95"
"dataworld_1683","Kaggle_14280","0.95"
"dataworld_1757","Kaggle_1574955","0.95"
"dataworld_475","Kaggle_6502332","0.95"
"dataworld_897","Kaggle_35982","0.95"
"dataworld_121","Kaggle_10925","0.95"
"dataworld_1458","Kaggle_128502","0.95"
"dataworld_24","Kaggle_325417","0.95"
"dataworld_728","Kaggle_20809","0.95"
"dataworld_421","Kaggle_90449","0.95"
"dataworld_1247","Kaggle_1409","0.95"
"dataworld_168","Kaggle_4521127","0.95"
