dbpedia_2685+Kaggle_25462,0.75
dbpedia_365+Kaggle_106478,0.8
Kaggle_133592+dbpedia_4330,0.8
Kaggle_310580+dbpedia_1162,0.8
Kaggle_5727+dbpedia_2949,0.8
dbpedia_254+Kaggle_140624,0.8
dbpedia_1399+Kaggle_128948,0.8
dbpedia_255+Kaggle_445535,0.8
dbpedia_4116+Kaggle_239696,0.8
Kaggle_1578356+dbpedia_2565,0.8
Kaggle_18537+dbpedia_3982,0.8
Kaggle_17658+dbpedia_3730,0.8
Kaggle_8947+dbpedia_3052,0.8
Kaggle_185163+dbpedia_4679,0.8
Kaggle_149231+dbpedia_1163,0.8
Kaggle_325775+dbpedia_858,0.8
dbpedia_257+Kaggle_5794360,0.8
dbpedia_918+Kaggle_4637697,0.8
dbpedia_687+Kaggle_1140,0.8
Kaggle_66196+dbpedia_4057,0.8
dbpedia_917+Kaggle_365376,0.8
dbpedia_3877+Kaggle_113307,0.8
dbpedia_2054+Kaggle_101055,0.8
dbpedia_189+Kaggle_24609,0.8
Kaggle_5877+dbpedia_503,1.0
dbpedia_3331+Kaggle_5162,1.0
dbpedia_950+Kaggle_223891,1.0
dbpedia_121+Kaggle_1817070,1.0
dbpedia_398+Kaggle_25959,1.0
dbpedia_3213+Kaggle_28383,1.0
dbpedia_2160+Kaggle_53739,1.0
dbpedia_981+Kaggle_8473,1.0
dbpedia_3758+Kaggle_604,1.0
dbpedia_3587+Kaggle_55721,1.0
dbpedia_2790+Kaggle_796367,1.0
Kaggle_5534825+dbpedia_1291,1.0
Kaggle_65051+dbpedia_2035,1.0
dbpedia_2512+Kaggle_377856,1.0
Kaggle_787+dbpedia_1043,1.0
dbpedia_4656+Kaggle_66755,1.0
Kaggle_3227+dbpedia_4660,1.0
Kaggle_18901+dbpedia_1282,1.0
Kaggle_43427+dbpedia_2969,1.0
Kaggle_5059441+dbpedia_3487,1.0
Kaggle_2741+dbpedia_1237,1.0
dbpedia_3914+Kaggle_190,1.0
Kaggle_4447959+dbpedia_3313,1.0
Kaggle_2769577+dbpedia_306,1.0
dbpedia_136+Kaggle_36061,1.0
dbpedia_122+Kaggle_10080,1.0
Kaggle_91428+dbpedia_3501,1.0
dbpedia_683+Kaggle_298167,1.0
Kaggle_4689+dbpedia_1232,1.0
Kaggle_15525+dbpedia_2884,1.0
Kaggle_175156+dbpedia_1805,1.0
Kaggle_349259+dbpedia_2056,1.0
Kaggle_1118+dbpedia_1770,1.0
dbpedia_1651+Kaggle_55996,1.0
Kaggle_57737+dbpedia_2388,1.0
Kaggle_13797+dbpedia_41,1.0
dbpedia_1102+Kaggle_27618,1.0
Kaggle_221046+dbpedia_4702,1.0
Kaggle_373+dbpedia_4570,1.0
dbpedia_2978+Kaggle_35999,1.0
Kaggle_110271+dbpedia_744,1.0
dbpedia_4657+Kaggle_240544,1.0
Kaggle_64106+dbpedia_3489,1.0
dbpedia_2878+Kaggle_306380,1.0
dbpedia_4670+Kaggle_294577,1.0
Kaggle_86287+dbpedia_3358,1.0
dbpedia_1771+Kaggle_1340,1.0
dbpedia_4701+Kaggle_82468,1.0
Kaggle_31766+dbpedia_3474,1.0
dbpedia_1007+Kaggle_5886240,1.0
dbpedia_1437+Kaggle_4022,1.0
Kaggle_32591+dbpedia_3012,1.0
Kaggle_22052+dbpedia_3838,1.0
dbpedia_3617+Kaggle_956684,1.0
Kaggle_13282+dbpedia_712,1.0
dbpedia_634+Kaggle_115175,1.0
dbpedia_16+Kaggle_56026,1.0
dbpedia_3320+Kaggle_19298,1.0
Kaggle_459851+dbpedia_3808,1.0
Kaggle_171132+dbpedia_785,1.0
dbpedia_2650+Kaggle_33242,1.0
Kaggle_4841066+dbpedia_1350,1.0
Kaggle_202416+dbpedia_697,1.0
dbpedia_2713+Kaggle_3845,1.0
Kaggle_4488+dbpedia_1005,1.0
Kaggle_9815+dbpedia_4277,1.0
dbpedia_199+Kaggle_161892,1.0
dbpedia_300+Kaggle_2568,1.0
dbpedia_3330+Kaggle_23110,1.0
Kaggle_39116+dbpedia_3909,1.0
Kaggle_22168+dbpedia_2890,1.0
Kaggle_21232+dbpedia_180,1.0
dbpedia_2058+Kaggle_47327,1.0
Kaggle_381975+dbpedia_150,1.0
Kaggle_7678+dbpedia_3143,1.0
dbpedia_1870+Kaggle_5663466,1.0
dbpedia_1049+Kaggle_509,1.0
dbpedia_2930+Kaggle_18995,1.0
dbpedia_384+Kaggle_93030,1.0
Kaggle_19820+dbpedia_4220,1.0
Kaggle_49625+dbpedia_1650,1.0
Kaggle_3491038+dbpedia_20,1.0
dbpedia_3913+Kaggle_8214,1.0
Kaggle_2751+dbpedia_1253,1.0
Kaggle_276198+dbpedia_4097,1.0
dbpedia_133+Kaggle_4915332,1.0
dbpedia_1234+Kaggle_19750,1.0
dbpedia_2475+Kaggle_202808,1.0
Kaggle_7367+dbpedia_2849,1.0
dbpedia_1669+Kaggle_31439,1.0
Kaggle_9022+dbpedia_3176,1.0
Kaggle_176685+dbpedia_3379,1.0
dbpedia_4723+Kaggle_215255,1.0
dbpedia_94+Kaggle_2782035,1.0
dbpedia_4639+Kaggle_12610,1.0
Kaggle_262260+dbpedia_4289,1.0
dbpedia_673+Kaggle_113707,1.0
dbpedia_205+Kaggle_21817,1.0
dbpedia_1356+Kaggle_46436,1.0
dbpedia_2615+Kaggle_32461,1.0
dbpedia_1504+Kaggle_6372,1.0
dbpedia_220+Kaggle_300121,1.0
dbpedia_3400+Kaggle_262377,1.0
Kaggle_19897+dbpedia_3873,1.0
Kaggle_6861+dbpedia_1031,1.0
Kaggle_5327+dbpedia_1064,1.0
dbpedia_3423+Kaggle_100286,1.0
dbpedia_579+Kaggle_11956,1.0
Kaggle_14843+dbpedia_1615,1.0
Kaggle_60852+dbpedia_2594,1.0
dbpedia_1471+Kaggle_6852710,1.0
dbpedia_3883+Kaggle_330229,1.0
Kaggle_14941+dbpedia_706,1.0
Kaggle_438522+dbpedia_2125,1.0
dbpedia_2368+Kaggle_36310,1.0
Kaggle_281702+dbpedia_1582,1.0
Kaggle_2129478+dbpedia_2773,1.0
dbpedia_86+Kaggle_195922,1.0
Kaggle_5368+dbpedia_3399,1.0
dbpedia_4279+Kaggle_152,1.0
Kaggle_5330+dbpedia_2809,1.0
dbpedia_1812+Kaggle_2745,1.0
Kaggle_346352+dbpedia_4350,1.0
dbpedia_4272+Kaggle_6579,1.0
Kaggle_166155+dbpedia_2520,1.0
Kaggle_3831409+dbpedia_1459,1.0
Kaggle_257+dbpedia_2297,1.0
Kaggle_125425+dbpedia_2392,1.0
dbpedia_3979+Kaggle_19233,1.0
Kaggle_23199+dbpedia_2522,1.0
Kaggle_71646+dbpedia_2032,1.0
Kaggle_25976+dbpedia_4240,1.0
dbpedia_1668+Kaggle_6361462,1.0
Kaggle_188243+dbpedia_1454,1.0
Kaggle_37+dbpedia_1611,1.0
Kaggle_291448+dbpedia_2805,1.0
Kaggle_47934+dbpedia_3488,1.0
dbpedia_4306+Kaggle_238,1.0
Kaggle_278283+dbpedia_1929,1.0
Kaggle_3999+dbpedia_2134,1.0
dbpedia_552+Kaggle_5990,1.0
dbpedia_2204+Kaggle_124426,1.0
dbpedia_2099+Kaggle_58459,1.0
dbpedia_4742+Kaggle_112593,1.0
Kaggle_24420+dbpedia_182,1.0
dbpedia_3329+Kaggle_19873,1.0
Kaggle_339377+dbpedia_4651,1.0
Kaggle_151257+dbpedia_3875,1.0
dbpedia_4501+Kaggle_22316,1.0
Kaggle_509417+dbpedia_2038,1.0
dbpedia_1799+Kaggle_16722,1.0
dbpedia_2769+Kaggle_344217,1.0
dbpedia_42+Kaggle_8301,1.0
Kaggle_155416+dbpedia_3970,1.0
dbpedia_1278+Kaggle_2734322,1.0
dbpedia_1888+Kaggle_8502,1.0
dbpedia_211+Kaggle_37431,1.0
Kaggle_6776+dbpedia_1358,1.0
dbpedia_3182+Kaggle_8101,1.0
Kaggle_131612+dbpedia_1353,1.0
Kaggle_5171+dbpedia_3369,1.0
Kaggle_107868+dbpedia_1839,1.0
Kaggle_8690+dbpedia_803,1.0
Kaggle_29904+dbpedia_3972,1.0
dbpedia_1351+Kaggle_101485,1.0
Kaggle_11323+dbpedia_2052,1.0
Kaggle_30091+dbpedia_4721,1.0
dbpedia_4492+Kaggle_328108,1.0
Kaggle_36556+dbpedia_3819,1.0
Kaggle_9728+dbpedia_218,1.0
dbpedia_2448+Kaggle_34129,1.0
Kaggle_24801+dbpedia_160,1.0
Kaggle_621902+dbpedia_4510,1.0
dbpedia_585+Kaggle_200302,1.0
Kaggle_104932+dbpedia_2595,1.0
dbpedia_641+Kaggle_11625,1.0
dbpedia_1809+Kaggle_188240,1.0
dbpedia_30+Kaggle_277602,1.0
dbpedia_3900+Kaggle_474,1.0
dbpedia_299+Kaggle_327,1.0
Kaggle_6999+dbpedia_3295,1.0
dbpedia_3269+Kaggle_45331,1.0
Kaggle_577143+dbpedia_3566,1.0
Kaggle_139289+dbpedia_897,1.0
Kaggle_149684+dbpedia_480,1.0
Kaggle_222454+dbpedia_2696,1.0
Kaggle_133783+dbpedia_1490,1.0
dbpedia_3966+Kaggle_14769,1.0
dbpedia_4265+Kaggle_4176,1.0
Kaggle_46274+dbpedia_998,1.0
Kaggle_168+dbpedia_2794,1.0
dbpedia_778+Kaggle_129310,1.0
dbpedia_1355+Kaggle_38793,1.0
dbpedia_996+Kaggle_27135,1.0
Kaggle_4375052+dbpedia_1553,1.0
dbpedia_4623+Kaggle_189240,1.0
dbpedia_1835+Kaggle_163402,1.0
Kaggle_85883+dbpedia_3390,1.0
Kaggle_267299+dbpedia_1885,1.0
dbpedia_3416+Kaggle_4469083,1.0
dbpedia_4307+Kaggle_36403,1.0
Kaggle_333107+dbpedia_4457,1.0
dbpedia_3271+Kaggle_9647,1.0
dbpedia_2447+Kaggle_35711,1.0
dbpedia_243+Kaggle_3700,1.0
Kaggle_91285+dbpedia_2843,1.0
dbpedia_4293+Kaggle_338551,1.0
Kaggle_2019+dbpedia_392,1.0
Kaggle_19384+dbpedia_2976,1.0
Kaggle_262558+dbpedia_3359,1.0
dbpedia_96+Kaggle_12208,1.0
dbpedia_1113+Kaggle_24307,1.0
dbpedia_3837+Kaggle_2168,1.0
Kaggle_1941604+dbpedia_470,1.0
dbpedia_3146+Kaggle_98040,1.0
dbpedia_4083+Kaggle_92420,1.0
Kaggle_11467+dbpedia_4474,1.0
dbpedia_3793+Kaggle_387057,1.0
dbpedia_3266+Kaggle_66247,1.0
Kaggle_52239+dbpedia_2269,1.0
dbpedia_2195+Kaggle_185427,1.0
Kaggle_53614+dbpedia_2911,1.0
dbpedia_561+Kaggle_50492,1.0
Kaggle_140959+dbpedia_2990,1.0
Kaggle_2747+dbpedia_736,1.0
Kaggle_78871+dbpedia_1063,1.0
dbpedia_2723+Kaggle_13328,1.0
dbpedia_1210+Kaggle_221937,1.0
Kaggle_81511+dbpedia_4640,1.0
dbpedia_2680+Kaggle_11582,1.0
Kaggle_36228+dbpedia_640,1.0
Kaggle_3984+dbpedia_3257,1.0
Kaggle_14312+dbpedia_2464,1.0
dbpedia_4629+Kaggle_61168,1.0
dbpedia_400+Kaggle_9697,1.0
dbpedia_2528+Kaggle_58924,1.0
dbpedia_4724+Kaggle_10415,1.0
Kaggle_4369+dbpedia_1586,1.0
Kaggle_2442540+dbpedia_3999,1.0
Kaggle_20198+dbpedia_2095,1.0
dbpedia_3247+Kaggle_40640,1.0
Kaggle_2349927+dbpedia_759,1.0
Kaggle_29429+dbpedia_1682,1.0
Kaggle_14978+dbpedia_1045,1.0
Kaggle_21299+dbpedia_3833,1.0
Kaggle_94275+dbpedia_3481,1.0
dbpedia_1279+Kaggle_1291,1.0
Kaggle_34737+dbpedia_4396,1.0
Kaggle_3644+dbpedia_1395,1.0
dbpedia_4128+Kaggle_90730,1.0
dbpedia_821+Kaggle_9861,1.0
Kaggle_4711347+dbpedia_332,1.0
dbpedia_3512+Kaggle_436057,1.0
dbpedia_684+Kaggle_10234,1.0
Kaggle_97378+dbpedia_4328,1.0
dbpedia_2262+Kaggle_177527,1.0
Kaggle_1436+dbpedia_3372,1.0
Kaggle_176623+dbpedia_3621,1.0
Kaggle_5613626+dbpedia_4534,1.0
Kaggle_88630+dbpedia_3099,1.0
Kaggle_14280+dbpedia_4459,1.0
dbpedia_4323+Kaggle_13990,1.0
Kaggle_3316+dbpedia_2299,1.0
Kaggle_12036+dbpedia_4428,1.0
dbpedia_1104+Kaggle_1121842,1.0
Kaggle_278431+dbpedia_637,1.0
Kaggle_30934+dbpedia_209,1.0
Kaggle_123375+dbpedia_280,1.0
Kaggle_34322+dbpedia_832,1.0
Kaggle_326485+dbpedia_1584,1.0
dbpedia_1406+Kaggle_948,1.0
Kaggle_43491+dbpedia_484,1.0
Kaggle_6534898+dbpedia_238,1.0
Kaggle_4507182+dbpedia_958,1.0
Kaggle_16535+dbpedia_301,1.0
dbpedia_2539+Kaggle_6497387,1.0
Kaggle_4785+dbpedia_2785,1.0
Kaggle_24266+dbpedia_3870,1.0
Kaggle_10412+dbpedia_3892,1.0
Kaggle_338865+dbpedia_787,1.0
Kaggle_6043075+dbpedia_4207,1.0
Kaggle_726955+dbpedia_3951,1.0
Kaggle_87682+dbpedia_4650,1.0
Kaggle_17428+dbpedia_4653,1.0
dbpedia_2850+Kaggle_93899,1.0
Kaggle_338235+dbpedia_4776,1.0
dbpedia_3869+Kaggle_54148,1.0
dbpedia_4631+Kaggle_106488,1.0
Kaggle_149819+dbpedia_3153,1.0
dbpedia_2264+Kaggle_14095,1.0
Kaggle_178495+dbpedia_3196,1.0
Kaggle_249921+dbpedia_1254,1.0
Kaggle_45032+dbpedia_2263,1.0
Kaggle_150904+dbpedia_2394,1.0
Kaggle_29237+dbpedia_629,1.0
dbpedia_2138+Kaggle_179848,1.0
dbpedia_554+Kaggle_9908,1.0
Kaggle_127865+dbpedia_1499,1.0
Kaggle_92823+dbpedia_259,1.0
Kaggle_16294+dbpedia_959,1.0
dbpedia_3996+Kaggle_158788,1.0
dbpedia_753+Kaggle_281477,1.0
Kaggle_640+dbpedia_4807,1.0
dbpedia_1105+Kaggle_101439,1.0
dbpedia_4187+Kaggle_25497,1.0
dbpedia_3300+Kaggle_145798,1.0
dbpedia_3353+Kaggle_249807,1.0
Kaggle_646+dbpedia_879,1.0
Kaggle_89988+dbpedia_3962,1.0
Kaggle_141295+dbpedia_305,1.0
Kaggle_68482+dbpedia_2706,1.0
dbpedia_1973+Kaggle_12118,1.0
dbpedia_3886+Kaggle_4440,1.0
Kaggle_3743+dbpedia_1381,1.0
Kaggle_5823+dbpedia_4703,1.0
Kaggle_205761+dbpedia_2126,1.0
Kaggle_74060+dbpedia_3246,1.0
Kaggle_7138256+dbpedia_4562,1.0
Kaggle_10890+dbpedia_1484,1.0
dbpedia_3233+Kaggle_47546,1.0
dbpedia_1470+Kaggle_39632,1.0
Kaggle_2852+dbpedia_3207,1.0
Kaggle_69692+dbpedia_4828,1.0
dbpedia_775+Kaggle_43440,1.0
Kaggle_23713+dbpedia_669,1.0
dbpedia_4598+Kaggle_4781,1.0
Kaggle_1623639+dbpedia_411,1.0
Kaggle_2557870+dbpedia_4806,1.0
Kaggle_351609+dbpedia_2235,1.0
Kaggle_237116+dbpedia_4149,1.0
dbpedia_3150+Kaggle_19400,1.0
Kaggle_4357+dbpedia_44,1.0
dbpedia_1644+Kaggle_131287,1.0
dbpedia_2219+Kaggle_10771,1.0
Kaggle_265282+dbpedia_1783,1.0
Kaggle_332395+dbpedia_2272,1.0
dbpedia_4294+Kaggle_1503155,1.0
Kaggle_78172+dbpedia_1811,1.0
Kaggle_89527+dbpedia_4235,1.0
dbpedia_284+Kaggle_1690,1.0
dbpedia_3988+Kaggle_310320,1.0
Kaggle_12293+dbpedia_3728,1.0
Kaggle_5967+dbpedia_18,1.0
Kaggle_99860+dbpedia_1302,1.0
dbpedia_3882+Kaggle_146278,1.0
dbpedia_3016+Kaggle_492399,1.0
Kaggle_12840+dbpedia_2689,1.0
Kaggle_39659+dbpedia_2870,1.0
dbpedia_388+Kaggle_102539,1.0
Kaggle_50302+dbpedia_1832,1.0
Kaggle_133829+dbpedia_3829,1.0
Kaggle_5712438+dbpedia_2187,1.0
dbpedia_1625+Kaggle_13651,1.0
dbpedia_1944+Kaggle_93704,1.0
Kaggle_6393+dbpedia_2524,1.0
Kaggle_6677+dbpedia_4204,1.0
Kaggle_4619718+dbpedia_3385,1.0
dbpedia_632+Kaggle_559,1.0
Kaggle_1127+dbpedia_3949,1.0
dbpedia_4406+Kaggle_26214,1.0
Kaggle_189066+dbpedia_1869,1.0
Kaggle_11289+dbpedia_1420,1.0
dbpedia_812+Kaggle_381,1.0
dbpedia_1647+Kaggle_110267,1.0
dbpedia_1895+Kaggle_249575,1.0
dbpedia_2091+Kaggle_49100,1.0
Kaggle_16922+dbpedia_413,1.0
Kaggle_303+dbpedia_2540,1.0
dbpedia_2810+Kaggle_111887,1.0
dbpedia_2745+Kaggle_6937745,1.0
Kaggle_4747571+dbpedia_690,1.0
Kaggle_610+dbpedia_1738,1.0
Kaggle_101036+dbpedia_3042,1.0
Kaggle_4302+dbpedia_1052,1.0
dbpedia_2527+Kaggle_17725,1.0
dbpedia_3276+Kaggle_55795,1.0
Kaggle_153648+dbpedia_1354,1.0
Kaggle_314267+dbpedia_1815,1.0
Kaggle_122132+dbpedia_4292,1.0
dbpedia_2824+Kaggle_99233,1.0
Kaggle_1855+dbpedia_2496,1.0
Kaggle_29292+dbpedia_4158,1.0
dbpedia_2761+Kaggle_13154,1.0
dbpedia_340+Kaggle_72539,1.0
Kaggle_12102+dbpedia_1433,1.0
Kaggle_5220445+dbpedia_227,1.0
dbpedia_3386+Kaggle_23968,1.0
dbpedia_2212+Kaggle_77687,1.0
Kaggle_551836+dbpedia_1248,1.0
dbpedia_297+Kaggle_429314,1.0
dbpedia_3315+Kaggle_17657,1.0
Kaggle_71589+dbpedia_747,1.0
Kaggle_83405+dbpedia_739,1.0
dbpedia_2209+Kaggle_38001,1.0
dbpedia_4070+Kaggle_16891,1.0
Kaggle_11222+dbpedia_2033,1.0
Kaggle_430083+dbpedia_3349,1.0
Kaggle_33989+dbpedia_3402,1.0
dbpedia_2014+Kaggle_4960,1.0
Kaggle_34061+dbpedia_3211,1.0
dbpedia_831+Kaggle_450019,1.0
Kaggle_1172+dbpedia_4135,1.0
dbpedia_3800+Kaggle_105192,1.0
Kaggle_3994+dbpedia_3959,1.0
dbpedia_4402+Kaggle_1549,1.0
Kaggle_38516+dbpedia_1121,1.0
dbpedia_2787+Kaggle_107217,1.0
Kaggle_255116+dbpedia_4719,1.0
Kaggle_136750+dbpedia_844,1.0
dbpedia_3397+Kaggle_192268,1.0
Kaggle_1036+dbpedia_393,1.0
dbpedia_274+Kaggle_34762,1.0
Kaggle_1622129+dbpedia_2178,1.0
Kaggle_44945+dbpedia_1708,1.0
Kaggle_4303+dbpedia_4225,1.0
dbpedia_4094+Kaggle_70466,1.0
dbpedia_363+Kaggle_56513,1.0
dbpedia_3998+Kaggle_25329,1.0
dbpedia_232+Kaggle_177581,1.0
dbpedia_719+Kaggle_28170,1.0
dbpedia_2659+Kaggle_694,1.0
dbpedia_887+Kaggle_16255,1.0
Kaggle_10129+dbpedia_291,1.0
Kaggle_484751+dbpedia_3953,1.0
Kaggle_76162+dbpedia_3297,1.0
Kaggle_4743+dbpedia_1347,1.0
Kaggle_34562+dbpedia_685,1.0
dbpedia_1324+Kaggle_6890,1.0
Kaggle_148467+dbpedia_2738,1.0
dbpedia_141+Kaggle_1729,1.0
dbpedia_3547+Kaggle_95407,1.0
dbpedia_4636+Kaggle_291524,1.0
Kaggle_20450+dbpedia_200,1.0
Kaggle_130875+dbpedia_4774,1.0
dbpedia_3770+Kaggle_5089,1.0
Kaggle_179453+dbpedia_4819,1.0
dbpedia_353+Kaggle_10994,1.0
dbpedia_3431+Kaggle_347762,1.0
dbpedia_2533+Kaggle_161006,1.0
Kaggle_9828+dbpedia_1285,1.0
Kaggle_12645+dbpedia_988,1.0
Kaggle_4923+dbpedia_3552,1.0
Kaggle_2442+dbpedia_4733,1.0
dbpedia_1912+Kaggle_47419,1.0
Kaggle_380345+dbpedia_2563,1.0
Kaggle_68128+dbpedia_867,1.0
Kaggle_5185+dbpedia_4761,1.0
Kaggle_3927281+dbpedia_2629,1.0
Kaggle_300099+dbpedia_3043,1.0
Kaggle_107954+dbpedia_2172,1.0
dbpedia_4205+Kaggle_6397,1.0
Kaggle_1733+dbpedia_852,1.0
dbpedia_2053+Kaggle_48650,1.0
Kaggle_287339+dbpedia_467,1.0
Kaggle_124451+dbpedia_1671,1.0
Kaggle_45718+dbpedia_2174,1.0
dbpedia_3947+Kaggle_12454,1.0
Kaggle_91179+dbpedia_68,1.0
Kaggle_105788+dbpedia_3645,1.0
Kaggle_20066+dbpedia_1144,1.0
Kaggle_324163+dbpedia_1745,1.0
dbpedia_3026+Kaggle_789551,1.0
Kaggle_7274+dbpedia_3294,1.0
dbpedia_1785+Kaggle_7575,1.0
Kaggle_52358+dbpedia_1165,1.0
dbpedia_994+Kaggle_16342,1.0
dbpedia_3169+Kaggle_226796,1.0
dbpedia_3348+Kaggle_76,1.0
Kaggle_537463+dbpedia_107,1.0
dbpedia_1311+Kaggle_110840,1.0
Kaggle_307+dbpedia_3342,1.0
Kaggle_28843+dbpedia_4751,1.0
dbpedia_991+Kaggle_16172,1.0
Kaggle_30431+dbpedia_4296,1.0
Kaggle_2840477+dbpedia_2019,1.0
dbpedia_2089+Kaggle_1044,1.0
Kaggle_36765+dbpedia_147,1.0
dbpedia_1326+Kaggle_22984,1.0
dbpedia_4211+Kaggle_449537,1.0
dbpedia_3735+Kaggle_22530,1.0
Kaggle_327266+dbpedia_242,1.0
dbpedia_3906+Kaggle_51685,1.0
Kaggle_22657+dbpedia_3594,1.0
dbpedia_3524+Kaggle_83799,1.0
dbpedia_1129+Kaggle_172747,1.0
dbpedia_3139+Kaggle_38051,1.0
dbpedia_2811+Kaggle_2551,1.0
dbpedia_427+Kaggle_165392,1.0
Kaggle_1970+dbpedia_4821,1.0
Kaggle_2125+dbpedia_1238,1.0
dbpedia_1764+Kaggle_181927,1.0
Kaggle_12171+dbpedia_3816,1.0
dbpedia_843+Kaggle_186,1.0
dbpedia_4432+Kaggle_1295,1.0
Kaggle_4047976+dbpedia_644,1.0
Kaggle_43843+dbpedia_4018,1.0
Kaggle_93864+dbpedia_4482,1.0
dbpedia_1501+Kaggle_25010,1.0
dbpedia_1421+Kaggle_1759,1.0
Kaggle_112186+dbpedia_60,1.0
dbpedia_2686+Kaggle_87839,1.0
dbpedia_1744+Kaggle_1141,1.0
Kaggle_98014+dbpedia_616,1.0
Kaggle_124+dbpedia_1143,1.0
Kaggle_2040764+dbpedia_2028,1.0
Kaggle_12387+dbpedia_3115,1.0
dbpedia_3381+Kaggle_224465,1.0
Kaggle_24537+dbpedia_668,1.0
Kaggle_185338+dbpedia_1948,1.0
Kaggle_20251+dbpedia_1220,1.0
Kaggle_65152+dbpedia_912,1.0
dbpedia_29+Kaggle_6415967,1.0
Kaggle_229148+dbpedia_4509,1.0
dbpedia_56+Kaggle_188414,1.0
dbpedia_1775+Kaggle_13192,1.0
Kaggle_28572+dbpedia_2194,1.0
Kaggle_38931+dbpedia_4058,1.0
dbpedia_4584+Kaggle_241981,1.0
Kaggle_184382+dbpedia_91,1.0
Kaggle_115717+dbpedia_2461,1.0
Kaggle_14975+dbpedia_1786,1.0
dbpedia_1334+Kaggle_24509,1.0
Kaggle_464448+dbpedia_4048,1.0
dbpedia_1522+Kaggle_345917,1.0
dbpedia_2704+Kaggle_519,1.0
dbpedia_2353+Kaggle_131677,1.0
dbpedia_1910+Kaggle_100037,1.0
dbpedia_1834+Kaggle_21057,1.0
dbpedia_308+Kaggle_4396,1.0
Kaggle_14799+dbpedia_4740,1.0
dbpedia_4358+Kaggle_7772,1.0
dbpedia_8+Kaggle_4041209,1.0
dbpedia_885+Kaggle_9036,1.0
dbpedia_3563+Kaggle_4143,1.0
dbpedia_2912+Kaggle_242539,1.0
dbpedia_1070+Kaggle_45177,1.0
Kaggle_336837+dbpedia_1880,1.0
Kaggle_31871+dbpedia_4242,1.0
dbpedia_2879+Kaggle_93088,1.0
dbpedia_1688+Kaggle_188100,1.0
Kaggle_75060+dbpedia_1333,1.0
Kaggle_660+dbpedia_2731,1.0
dbpedia_1623+Kaggle_333273,1.0
Kaggle_49124+dbpedia_507,1.0
dbpedia_264+Kaggle_255305,1.0
Kaggle_80126+dbpedia_705,1.0
dbpedia_4784+Kaggle_127610,1.0
dbpedia_1012+Kaggle_287105,1.0
dbpedia_2313+Kaggle_17676,1.0
dbpedia_4458+Kaggle_5948,1.0
Kaggle_8217+dbpedia_1690,1.0
dbpedia_2479+Kaggle_392281,1.0
dbpedia_3963+Kaggle_56696,1.0
dbpedia_4814+Kaggle_183202,1.0
Kaggle_5671143+dbpedia_3110,1.0
Kaggle_20670+dbpedia_1552,1.0
dbpedia_949+Kaggle_409607,1.0
Kaggle_45572+dbpedia_2059,1.0
dbpedia_1060+Kaggle_216,1.0
Kaggle_109980+dbpedia_2166,1.0
dbpedia_2700+Kaggle_62917,1.0
Kaggle_75547+dbpedia_4385,1.0
dbpedia_387+Kaggle_40153,1.0
dbpedia_1977+Kaggle_15652,1.0
Kaggle_87770+dbpedia_1918,1.0
Kaggle_128359+dbpedia_2858,1.0
dbpedia_4194+Kaggle_196017,1.0
Kaggle_390124+dbpedia_4127,1.0
dbpedia_740+Kaggle_7050101,1.0
Kaggle_100092+dbpedia_4372,1.0
dbpedia_808+Kaggle_65022,1.0
dbpedia_1029+Kaggle_9599,1.0
dbpedia_3202+Kaggle_12070,1.0
dbpedia_1315+Kaggle_1067,1.0
Kaggle_21752+dbpedia_4552,1.0
dbpedia_3789+Kaggle_3165,1.0
Kaggle_320833+dbpedia_3646,1.0
dbpedia_2752+Kaggle_27173,1.0
dbpedia_1742+Kaggle_2655678,1.0
dbpedia_198+Kaggle_92478,1.0
dbpedia_1575+Kaggle_7180,1.0
Kaggle_257275+dbpedia_4707,1.0
dbpedia_1276+Kaggle_1151,1.0
Kaggle_346259+dbpedia_631,1.0
Kaggle_27859+dbpedia_614,1.0
dbpedia_286+Kaggle_25939,1.0
dbpedia_1630+Kaggle_291,1.0
dbpedia_3746+Kaggle_78697,1.0
Kaggle_357968+dbpedia_945,1.0
Kaggle_371347+dbpedia_1853,1.0
Kaggle_66184+dbpedia_2302,1.0
dbpedia_767+Kaggle_18068,1.0
dbpedia_1103+Kaggle_155594,1.0
Kaggle_3371+dbpedia_4542,1.0
Kaggle_71892+dbpedia_1975,1.0
Kaggle_9323+dbpedia_2904,1.0
Kaggle_198255+dbpedia_4731,1.0
dbpedia_3105+Kaggle_120275,1.0
dbpedia_1457+Kaggle_15285,1.0
dbpedia_565+Kaggle_100509,1.0
dbpedia_2566+Kaggle_10513,1.0
dbpedia_1423+Kaggle_132206,1.0
dbpedia_4212+Kaggle_647,1.0
dbpedia_4746+Kaggle_69113,1.0
dbpedia_1098+Kaggle_28241,1.0
dbpedia_3549+Kaggle_29433,1.0
Kaggle_29539+dbpedia_1534,1.0
dbpedia_3868+Kaggle_49429,1.0
dbpedia_4093+Kaggle_14895,1.0
dbpedia_2444+Kaggle_3693447,1.0
Kaggle_1732+dbpedia_360,1.0
dbpedia_2725+Kaggle_11899,1.0
dbpedia_2065+Kaggle_29562,1.0
Kaggle_1676+dbpedia_4221,1.0
Kaggle_67171+dbpedia_4249,1.0
dbpedia_4455+Kaggle_17210,1.0
Kaggle_84397+dbpedia_3100,1.0
Kaggle_86495+dbpedia_2001,1.0
dbpedia_1039+Kaggle_27133,1.0
Kaggle_45175+dbpedia_878,1.0
Kaggle_173868+dbpedia_3378,1.0
dbpedia_2940+Kaggle_240773,1.0
dbpedia_2205+Kaggle_23412,1.0
dbpedia_853+Kaggle_4491,1.0
dbpedia_213+Kaggle_69348,1.0
dbpedia_4126+Kaggle_251671,1.0
dbpedia_55+Kaggle_38649,1.0
dbpedia_1548+Kaggle_5018,1.0
dbpedia_4335+Kaggle_153423,1.0
dbpedia_1520+Kaggle_163098,1.0
dbpedia_4738+Kaggle_111719,1.0
Kaggle_6254328+dbpedia_2603,1.0
Kaggle_137483+dbpedia_2384,1.0
Kaggle_240412+dbpedia_3471,1.0
Kaggle_14965+dbpedia_4710,1.0
Kaggle_962597+dbpedia_2914,1.0
Kaggle_8280+dbpedia_2162,1.0
dbpedia_1810+Kaggle_18470,1.0
dbpedia_3055+Kaggle_285698,1.0
Kaggle_395231+dbpedia_2472,1.0
dbpedia_1006+Kaggle_615,1.0
Kaggle_1321+dbpedia_3425,1.0
Kaggle_40094+dbpedia_3983,1.0
dbpedia_2180+Kaggle_4712,1.0
Kaggle_3258+dbpedia_178,1.0
dbpedia_3225+Kaggle_8154,1.0
dbpedia_174+Kaggle_5261,1.0
dbpedia_4308+Kaggle_1668,1.0
dbpedia_4206+Kaggle_8109,1.0
dbpedia_972+Kaggle_383229,1.0
dbpedia_344+Kaggle_12053,1.0
dbpedia_4269+Kaggle_507,1.0
Kaggle_1276+dbpedia_4503,1.0
dbpedia_2422+Kaggle_367373,1.0
dbpedia_2956+Kaggle_8983,1.0
Kaggle_76491+dbpedia_840,1.0
dbpedia_1268+Kaggle_41196,1.0
dbpedia_1857+Kaggle_15580,1.0
dbpedia_4673+Kaggle_284013,1.0
Kaggle_48391+dbpedia_4423,1.0
Kaggle_30710+dbpedia_468,1.0
dbpedia_1323+Kaggle_23285,1.0
dbpedia_2753+Kaggle_23250,1.0
Kaggle_880302+dbpedia_4278,1.0
dbpedia_3610+Kaggle_277269,1.0
Kaggle_7007986+dbpedia_4561,1.0
Kaggle_189823+dbpedia_1817,1.0
dbpedia_164+Kaggle_246911,1.0
dbpedia_1930+Kaggle_74371,1.0
dbpedia_66+Kaggle_325417,1.0
Kaggle_12302+dbpedia_237,1.0
dbpedia_1689+Kaggle_211606,1.0
dbpedia_2130+Kaggle_48363,1.0
Kaggle_2761+dbpedia_3650,1.0
dbpedia_1972+Kaggle_166514,1.0
dbpedia_1216+Kaggle_100284,1.0
Kaggle_74588+dbpedia_2456,1.0
Kaggle_43571+dbpedia_140,1.0
dbpedia_3314+Kaggle_27907,1.0
Kaggle_144892+dbpedia_3693,1.0
dbpedia_2487+Kaggle_6993,1.0
dbpedia_2513+Kaggle_55056,1.0
dbpedia_3744+Kaggle_104724,1.0
Kaggle_961+dbpedia_3373,1.0
Kaggle_23673+dbpedia_477,1.0
Kaggle_222244+dbpedia_3352,1.0
Kaggle_103087+dbpedia_1580,1.0
dbpedia_752+Kaggle_311364,1.0
Kaggle_340912+dbpedia_2198,1.0
dbpedia_3251+Kaggle_78138,1.0
dbpedia_723+Kaggle_822,1.0
dbpedia_1229+Kaggle_462337,1.0
dbpedia_1390+Kaggle_38582,1.0
Kaggle_11300+dbpedia_3938,1.0
Kaggle_85012+dbpedia_642,1.0
dbpedia_3902+Kaggle_21456,1.0
dbpedia_1899+Kaggle_193393,1.0
dbpedia_2645+Kaggle_59637,1.0
dbpedia_138+Kaggle_33336,1.0
Kaggle_66592+dbpedia_4581,1.0
dbpedia_2072+Kaggle_2218,1.0
Kaggle_42174+dbpedia_3460,1.0
Kaggle_1365+dbpedia_1632,1.0
Kaggle_6329+dbpedia_1958,1.0
dbpedia_3635+Kaggle_14561,1.0
Kaggle_39844+dbpedia_781,1.0
Kaggle_69183+dbpedia_4354,1.0
dbpedia_1722+Kaggle_14113,1.0
Kaggle_101599+dbpedia_3351,1.0
dbpedia_1633+Kaggle_286048,1.0
Kaggle_67630+dbpedia_3607,1.0
dbpedia_3724+Kaggle_59897,1.0
dbpedia_1385+Kaggle_76483,1.0
Kaggle_15055+dbpedia_1050,1.0
dbpedia_4317+Kaggle_165008,1.0
Kaggle_440+dbpedia_3943,1.0
dbpedia_3356+Kaggle_45663,1.0
dbpedia_4105+Kaggle_23546,1.0
dbpedia_737+Kaggle_229474,1.0
dbpedia_2836+Kaggle_342237,1.0
dbpedia_2768+Kaggle_69859,1.0
Kaggle_3972+dbpedia_1489,1.0
dbpedia_3687+Kaggle_504006,1.0
dbpedia_2854+Kaggle_65600,1.0
Kaggle_483845+dbpedia_481,1.0
Kaggle_154745+dbpedia_2159,1.0
dbpedia_4757+Kaggle_7835,1.0
dbpedia_4539+Kaggle_106792,1.0
Kaggle_7815+dbpedia_2720,1.0
Kaggle_15813+dbpedia_4608,1.0
Kaggle_5841910+dbpedia_4395,1.0
Kaggle_188524+dbpedia_2916,1.0
dbpedia_355+Kaggle_152783,1.0
Kaggle_28960+dbpedia_826,1.0
dbpedia_1048+Kaggle_140064,1.0
dbpedia_501+Kaggle_392045,1.0
Kaggle_325660+dbpedia_343,1.0
dbpedia_4258+Kaggle_91,1.0
Kaggle_3825058+dbpedia_4788,1.0
Kaggle_6398881+dbpedia_1292,1.0
Kaggle_76781+dbpedia_2043,1.0
dbpedia_3879+Kaggle_24515,1.0
Kaggle_18437+dbpedia_1850,1.0
Kaggle_70907+dbpedia_2481,1.0
Kaggle_41049+dbpedia_2596,1.0
Kaggle_99220+dbpedia_304,1.0
Kaggle_18898+dbpedia_1057,1.0
Kaggle_132439+dbpedia_4045,1.0
Kaggle_32656+dbpedia_2241,1.0
dbpedia_186+Kaggle_135545,1.0
dbpedia_4169+Kaggle_316829,1.0
dbpedia_2954+Kaggle_511049,1.0
dbpedia_1026+Kaggle_18500,1.0
dbpedia_871+Kaggle_5774536,1.0
dbpedia_983+Kaggle_252114,1.0
Kaggle_24187+dbpedia_3174,1.0
dbpedia_222+Kaggle_3209,1.0
Kaggle_5688+dbpedia_3360,1.0
Kaggle_972+dbpedia_3125,1.0
Kaggle_10071+dbpedia_1375,1.0
Kaggle_525811+dbpedia_1195,1.0
dbpedia_401+Kaggle_303647,1.0
Kaggle_218197+dbpedia_2434,1.0
dbpedia_3887+Kaggle_16503,1.0
dbpedia_317+Kaggle_2287,1.0
Kaggle_51290+dbpedia_4014,1.0
dbpedia_3472+Kaggle_8001,1.0
dbpedia_4019+Kaggle_4855,1.0
Kaggle_7150+dbpedia_12,1.0
Kaggle_198769+dbpedia_1693,1.0
dbpedia_1267+Kaggle_1177783,1.0
dbpedia_2432+Kaggle_12121,1.0
Kaggle_40+dbpedia_976,1.0
dbpedia_3338+Kaggle_168595,1.0
Kaggle_25192+dbpedia_4255,1.0
Kaggle_227849+dbpedia_3718,1.0
dbpedia_230+Kaggle_7213,1.0
Kaggle_1259876+dbpedia_465,1.0
Kaggle_11742+dbpedia_2606,1.0
Kaggle_149520+dbpedia_790,1.0
dbpedia_3499+Kaggle_44400,1.0
Kaggle_523601+dbpedia_700,1.0
dbpedia_4101+Kaggle_13340,1.0
Kaggle_85284+dbpedia_1480,1.0
dbpedia_4245+Kaggle_79783,1.0
dbpedia_570+Kaggle_165261,1.0
dbpedia_2598+Kaggle_48805,1.0
Kaggle_362584+dbpedia_2993,1.0
Kaggle_13300+dbpedia_3014,1.0
dbpedia_2663+Kaggle_208056,1.0
dbpedia_2462+Kaggle_8674,1.0
Kaggle_77802+dbpedia_2301,1.0
Kaggle_190946+dbpedia_4361,1.0
dbpedia_1443+Kaggle_190073,1.0
dbpedia_1097+Kaggle_525037,1.0
dbpedia_3144+Kaggle_43368,1.0
Kaggle_6476+dbpedia_3782,1.0
Kaggle_196244+dbpedia_1393,1.0
Kaggle_123130+dbpedia_2485,1.0
Kaggle_126695+dbpedia_3001,1.0
Kaggle_7589+dbpedia_4760,1.0
dbpedia_3093+Kaggle_482357,1.0
Kaggle_211091+dbpedia_2918,1.0
Kaggle_313+dbpedia_239,1.0
dbpedia_3216+Kaggle_2093,1.0
Kaggle_399825+dbpedia_4523,1.0
dbpedia_3967+Kaggle_80233,1.0
Kaggle_665+dbpedia_4693,1.0
Kaggle_45109+dbpedia_3497,1.0
Kaggle_204202+dbpedia_191,1.0
Kaggle_66647+dbpedia_549,1.0
dbpedia_1299+Kaggle_151922,1.0
dbpedia_3969+Kaggle_5620,1.0
dbpedia_1635+Kaggle_156301,1.0
dbpedia_1079+Kaggle_29276,1.0
dbpedia_3763+Kaggle_849,1.0
Kaggle_22500+dbpedia_4299,1.0
Kaggle_341510+dbpedia_924,1.0
Kaggle_9867+dbpedia_3376,1.0
dbpedia_569+Kaggle_57442,1.0
dbpedia_4006+Kaggle_15012,1.0
Kaggle_36015+dbpedia_3419,1.0
Kaggle_552+dbpedia_1913,1.0
dbpedia_4514+Kaggle_190878,1.0
dbpedia_691+Kaggle_7118,1.0
Kaggle_22+dbpedia_3871,1.0
Kaggle_6471+dbpedia_3508,1.0
dbpedia_4159+Kaggle_503595,1.0
Kaggle_3920+dbpedia_4145,1.0
Kaggle_136936+dbpedia_4563,1.0
dbpedia_550+Kaggle_8072,1.0
Kaggle_250724+dbpedia_4475,1.0
dbpedia_3129+Kaggle_30389,1.0
dbpedia_3149+Kaggle_44845,1.0
Kaggle_16194+dbpedia_3994,1.0
dbpedia_1576+Kaggle_28219,1.0
Kaggle_3840+dbpedia_893,1.0
Kaggle_6328+dbpedia_207,1.0
Kaggle_8+dbpedia_4681,1.0
dbpedia_3785+Kaggle_32595,1.0
Kaggle_10358+dbpedia_4692,1.0
Kaggle_2811+dbpedia_4333,1.0
dbpedia_3316+Kaggle_6793,1.0
Kaggle_281+dbpedia_3422,1.0
Kaggle_68062+dbpedia_4583,1.0
dbpedia_154+Kaggle_9575,1.0
Kaggle_394831+dbpedia_1961,1.0
Kaggle_17445+dbpedia_3123,1.0
dbpedia_1887+Kaggle_10369,1.0
Kaggle_210908+dbpedia_2656,1.0
Kaggle_169177+dbpedia_2240,1.0
Kaggle_9217+dbpedia_4829,1.0
Kaggle_30939+dbpedia_4000,1.0
Kaggle_360091+dbpedia_3583,1.0
Kaggle_22752+dbpedia_1422,1.0
Kaggle_97159+dbpedia_600,1.0
dbpedia_4367+Kaggle_4166,1.0
dbpedia_3751+Kaggle_407984,1.0
dbpedia_3968+Kaggle_105178,1.0
Kaggle_182574+dbpedia_181,1.0
dbpedia_3505+Kaggle_5341,1.0
dbpedia_3840+Kaggle_93190,1.0
dbpedia_2373+Kaggle_4632854,1.0
dbpedia_4236+Kaggle_121885,1.0
dbpedia_281+Kaggle_161763,1.0
dbpedia_3940+Kaggle_2601,1.0
dbpedia_167+Kaggle_1600,1.0
Kaggle_3027+dbpedia_4047,1.0
Kaggle_13114+dbpedia_487,1.0
Kaggle_5158+dbpedia_4817,1.0
dbpedia_1149+Kaggle_79296,1.0
Kaggle_1048607+dbpedia_4441,1.0
dbpedia_3292+Kaggle_789,1.0
dbpedia_1656+Kaggle_41314,1.0
Kaggle_3759+dbpedia_219,1.0
Kaggle_313241+dbpedia_1214,1.0
dbpedia_1845+Kaggle_50341,1.0
Kaggle_253+dbpedia_659,1.0
dbpedia_555+Kaggle_24261,1.0
dbpedia_2428+Kaggle_4580,1.0
Kaggle_51570+dbpedia_4683,1.0
Kaggle_35336+dbpedia_2421,1.0
dbpedia_378+Kaggle_417158,1.0
dbpedia_3779+Kaggle_112284,1.0
dbpedia_1118+Kaggle_14813,1.0
dbpedia_34+Kaggle_1507856,1.0
Kaggle_959132+dbpedia_606,1.0
dbpedia_3310+Kaggle_3793,1.0
dbpedia_2623+Kaggle_81689,1.0
dbpedia_3436+Kaggle_184343,1.0
Kaggle_24356+dbpedia_2426,1.0
dbpedia_708+Kaggle_308569,1.0
dbpedia_2390+Kaggle_131392,1.0
dbpedia_3062+Kaggle_237202,1.0
Kaggle_25885+dbpedia_4488,1.0
Kaggle_22740+dbpedia_377,1.0
dbpedia_1112+Kaggle_375078,1.0
Kaggle_100145+dbpedia_176,1.0
Kaggle_990+dbpedia_1264,1.0
dbpedia_2941+Kaggle_148721,1.0
dbpedia_2076+Kaggle_113475,1.0
dbpedia_2754+Kaggle_31,1.0
dbpedia_3846+Kaggle_48463,1.0
Kaggle_5000066+dbpedia_3279,1.0
Kaggle_3783429+dbpedia_4219,1.0
Kaggle_131769+dbpedia_3048,1.0
dbpedia_3194+Kaggle_1852739,1.0
dbpedia_285+Kaggle_5887,1.0
Kaggle_5659+dbpedia_495,1.0
dbpedia_1108+Kaggle_4670,1.0
dbpedia_870+Kaggle_58498,1.0
Kaggle_17803+dbpedia_4343,1.0
Kaggle_184444+dbpedia_1020,1.0
Kaggle_4478272+dbpedia_1259,1.0
Kaggle_17250+dbpedia_2651,1.0
Kaggle_14532+dbpedia_1010,1.0
Kaggle_2410+dbpedia_3894,1.0
Kaggle_22977+dbpedia_3619,1.0
dbpedia_2965+Kaggle_17843,1.0
Kaggle_2738+dbpedia_4034,1.0
dbpedia_2652+Kaggle_78830,1.0
Kaggle_110855+dbpedia_2150,1.0
dbpedia_1543+Kaggle_7264,1.0
Kaggle_28594+dbpedia_4453,1.0
dbpedia_3604+Kaggle_53385,1.0
dbpedia_2201+Kaggle_9344,1.0
dbpedia_3771+Kaggle_21407,1.0
dbpedia_2203+Kaggle_108357,1.0
dbpedia_175+Kaggle_184810,1.0
dbpedia_1541+Kaggle_22190,1.0
Kaggle_2653+dbpedia_4448,1.0
dbpedia_4489+Kaggle_1087,1.0
dbpedia_2669+Kaggle_48383,1.0
dbpedia_1055+Kaggle_29882,1.0
Kaggle_8290+dbpedia_4734,1.0
dbpedia_2410+Kaggle_24937,1.0
dbpedia_1746+Kaggle_49996,1.0
dbpedia_1574+Kaggle_116576,1.0
Kaggle_4031+dbpedia_1594,1.0
Kaggle_553+dbpedia_3586,1.0
dbpedia_323+Kaggle_162137,1.0
dbpedia_2105+Kaggle_18464,1.0
Kaggle_2919512+dbpedia_1917,1.0
dbpedia_2405+Kaggle_127374,1.0
Kaggle_106834+dbpedia_1683,1.0
Kaggle_15547+dbpedia_746,1.0
Kaggle_153306+dbpedia_2385,1.0
Kaggle_45186+dbpedia_4473,1.0
Kaggle_84673+dbpedia_2897,1.0
Kaggle_1697990+dbpedia_2011,1.0
Kaggle_23541+dbpedia_2419,1.0
dbpedia_1505+Kaggle_17923,1.0
Kaggle_132+dbpedia_420,1.0
dbpedia_3597+Kaggle_66531,1.0
dbpedia_3480+Kaggle_25950,1.0
Kaggle_3126+dbpedia_2971,1.0
dbpedia_880+Kaggle_291091,1.0
dbpedia_2545+Kaggle_282787,1.0
dbpedia_2171+Kaggle_26103,1.0
Kaggle_58673+dbpedia_605,1.0
dbpedia_2435+Kaggle_39322,1.0
Kaggle_28012+dbpedia_3572,1.0
Kaggle_93210+dbpedia_4424,1.0
dbpedia_2999+Kaggle_146734,1.0
Kaggle_89063+dbpedia_2980,1.0
dbpedia_1378+Kaggle_111732,1.0
dbpedia_2478+Kaggle_100605,1.0
Kaggle_5841+dbpedia_3732,1.0
dbpedia_847+Kaggle_166107,1.0
dbpedia_2624+Kaggle_21502,1.0
Kaggle_4932742+dbpedia_2173,1.0
dbpedia_2712+Kaggle_86175,1.0
dbpedia_2792+Kaggle_33168,1.0
dbpedia_3821+Kaggle_3964783,1.0
Kaggle_293081+dbpedia_319,1.0
Kaggle_2082+dbpedia_2034,1.0
dbpedia_4418+Kaggle_48933,1.0
dbpedia_1743+Kaggle_20005,1.0
dbpedia_2676+Kaggle_390,1.0
dbpedia_4601+Kaggle_3640755,1.0
Kaggle_102680+dbpedia_2670,1.0
dbpedia_3159+Kaggle_11400,1.0
Kaggle_8032+dbpedia_2057,1.0
Kaggle_30558+dbpedia_1126,1.0
dbpedia_651+Kaggle_71038,1.0
Kaggle_139996+dbpedia_45,1.0
Kaggle_105446+dbpedia_1892,1.0
Kaggle_162090+dbpedia_3629,1.0
dbpedia_4405+Kaggle_5177463,1.0
Kaggle_30244+dbpedia_3671,1.0
dbpedia_2027+Kaggle_166389,1.0
dbpedia_770+Kaggle_45372,1.0
Kaggle_291472+dbpedia_3173,1.0
Kaggle_10405+dbpedia_4020,1.0
dbpedia_3673+Kaggle_243410,1.0
dbpedia_1447+Kaggle_45425,1.0
Kaggle_63858+dbpedia_841,1.0
dbpedia_793+Kaggle_1966,1.0
Kaggle_2705+dbpedia_2692,1.0
dbpedia_1923+Kaggle_54683,1.0
dbpedia_1452+Kaggle_10371,1.0
Kaggle_199130+dbpedia_1727,1.0
Kaggle_30237+dbpedia_217,1.0
Kaggle_6846657+dbpedia_3398,1.0
dbpedia_1916+Kaggle_145645,1.0
Kaggle_107152+dbpedia_1062,1.0
Kaggle_14774+dbpedia_944,1.0
dbpedia_2951+Kaggle_61760,1.0
Kaggle_255915+dbpedia_1038,1.0
Kaggle_414662+dbpedia_1362,1.0
Kaggle_7268+dbpedia_1583,1.0
Kaggle_6909630+dbpedia_3382,1.0
Kaggle_962+dbpedia_926,1.0
dbpedia_1572+Kaggle_35372,1.0
Kaggle_190189+dbpedia_2925,1.0
dbpedia_890+Kaggle_13452,1.0
dbpedia_2516+Kaggle_26437,1.0
Kaggle_92808+dbpedia_3457,1.0
Kaggle_126068+dbpedia_3141,1.0
dbpedia_774+Kaggle_147461,1.0
dbpedia_3446+Kaggle_70624,1.0
dbpedia_4535+Kaggle_454726,1.0
Kaggle_21955+dbpedia_1581,1.0
dbpedia_4425+Kaggle_23724,1.0
Kaggle_135+dbpedia_4767,1.0
Kaggle_114770+dbpedia_727,1.0
Kaggle_770+dbpedia_4065,1.0
dbpedia_1932+Kaggle_10050,1.0
dbpedia_899+Kaggle_74476,1.0
dbpedia_4622+Kaggle_4702130,1.0
Kaggle_3710+dbpedia_1250,1.0
dbpedia_4440+Kaggle_3000,1.0
Kaggle_8702+dbpedia_1759,1.0
Kaggle_5203541+dbpedia_192,1.0
Kaggle_44805+dbpedia_520,1.0
Kaggle_137827+dbpedia_415,1.0
Kaggle_174634+dbpedia_2362,1.0
Kaggle_230253+dbpedia_432,1.0
dbpedia_4735+Kaggle_205589,1.0
Kaggle_713259+dbpedia_4682,1.0
Kaggle_538480+dbpedia_1712,1.0
Kaggle_11774+dbpedia_4079,1.0
Kaggle_40961+dbpedia_81,1.0
dbpedia_1493+Kaggle_21590,1.0
Kaggle_16280+dbpedia_1598,1.0
Kaggle_42658+dbpedia_813,1.0
dbpedia_1798+Kaggle_233220,1.0
dbpedia_2354+Kaggle_274456,1.0
dbpedia_1008+Kaggle_28802,1.0
Kaggle_4740250+dbpedia_409,1.0
dbpedia_4747+Kaggle_41980,1.0
Kaggle_18830+dbpedia_1570,1.0
dbpedia_3605+Kaggle_15268,1.0
Kaggle_37359+dbpedia_2079,1.0
Kaggle_29011+dbpedia_2371,1.0
dbpedia_4605+Kaggle_24531,1.0
dbpedia_1801+Kaggle_141444,1.0
Kaggle_69198+dbpedia_2132,1.0
Kaggle_8163+dbpedia_2920,1.0
dbpedia_2814+Kaggle_232984,1.0
Kaggle_1662+dbpedia_2106,1.0
Kaggle_50604+dbpedia_4729,1.0
Kaggle_2716+dbpedia_749,1.0
dbpedia_1287+Kaggle_9287,1.0
dbpedia_4725+Kaggle_3609,1.0
Kaggle_5879491+dbpedia_519,1.0
Kaggle_12808+dbpedia_703,1.0
Kaggle_32453+dbpedia_2628,1.0
dbpedia_811+Kaggle_20070,1.0
dbpedia_1074+Kaggle_54794,1.0
Kaggle_67194+dbpedia_2694,1.0
Kaggle_8628+dbpedia_541,1.0
Kaggle_123540+dbpedia_325,1.0
dbpedia_1014+Kaggle_74170,1.0
Kaggle_352486+dbpedia_1678,1.0
dbpedia_4823+Kaggle_176131,1.0
dbpedia_3116+Kaggle_1820,1.0
dbpedia_3540+Kaggle_26272,1.0
dbpedia_3775+Kaggle_19899,1.0
Kaggle_2979920+dbpedia_2153,1.0
Kaggle_16668+dbpedia_1464,1.0
Kaggle_213971+dbpedia_3596,1.0
Kaggle_392806+dbpedia_1171,1.0
dbpedia_1157+Kaggle_95802,1.0
Kaggle_7016+dbpedia_172,1.0
dbpedia_4409+Kaggle_9269,1.0
Kaggle_4274+dbpedia_1024,1.0
dbpedia_4282+Kaggle_455863,1.0
Kaggle_138134+dbpedia_2724,1.0
dbpedia_3319+Kaggle_2390295,1.0
Kaggle_2309650+dbpedia_1293,1.0
Kaggle_4555+dbpedia_4449,1.0
Kaggle_18911+dbpedia_4597,1.0
dbpedia_782+Kaggle_41565,1.0
dbpedia_1952+Kaggle_125159,1.0
dbpedia_295+Kaggle_2878,1.0
Kaggle_128+dbpedia_3332,1.0
Kaggle_2454+dbpedia_3272,1.0
Kaggle_3453001+dbpedia_3374,1.0
dbpedia_3698+Kaggle_19226,1.0
Kaggle_4208+dbpedia_2580,1.0
Kaggle_10035+dbpedia_798,1.0
Kaggle_93161+dbpedia_2797,1.0
dbpedia_3964+Kaggle_476444,1.0
dbpedia_2703+Kaggle_5687132,1.0
Kaggle_9357+dbpedia_3585,1.0
Kaggle_17996+dbpedia_824,1.0
Kaggle_7328+dbpedia_4454,1.0
Kaggle_12256+dbpedia_4031,1.0
Kaggle_53065+dbpedia_1271,1.0
Kaggle_21541+dbpedia_638,1.0
Kaggle_139498+dbpedia_2986,1.0
Kaggle_43032+dbpedia_1605,1.0
Kaggle_2200+dbpedia_772,1.0
dbpedia_51+Kaggle_112609,1.0
Kaggle_17427+dbpedia_2727,1.0
dbpedia_661+Kaggle_66435,1.0
dbpedia_670+Kaggle_24616,1.0
Kaggle_7969+dbpedia_1941,1.0
dbpedia_4700+Kaggle_5609339,1.0
dbpedia_2578+Kaggle_3458,1.0
dbpedia_2182+Kaggle_51954,1.0
Kaggle_54337+dbpedia_978,1.0
Kaggle_185055+dbpedia_1914,1.0
dbpedia_1486+Kaggle_132555,1.0
dbpedia_2766+Kaggle_418230,1.0
Kaggle_453722+dbpedia_1558,1.0
dbpedia_3344+Kaggle_81899,1.0
dbpedia_2403+Kaggle_82420,1.0
Kaggle_163387+dbpedia_134,1.0
dbpedia_2548+Kaggle_71786,1.0
Kaggle_7733+dbpedia_4442,1.0
dbpedia_1855+Kaggle_5210,1.0
Kaggle_59176+dbpedia_2161,1.0
dbpedia_1226+Kaggle_73979,1.0
Kaggle_25491+dbpedia_3739,1.0
Kaggle_107692+dbpedia_2865,1.0
dbpedia_1976+Kaggle_17244,1.0
dbpedia_3995+Kaggle_5800,1.0
Kaggle_50248+dbpedia_4316,1.0
dbpedia_111+Kaggle_490706,1.0
Kaggle_20724+dbpedia_607,1.0
dbpedia_2193+Kaggle_89679,1.0
Kaggle_4046787+dbpedia_1335,1.0
Kaggle_4941+dbpedia_2255,1.0
dbpedia_1747+Kaggle_5700266,1.0
Kaggle_3037248+dbpedia_4137,1.0
Kaggle_81658+dbpedia_216,1.0
Kaggle_29064+dbpedia_228,1.0
dbpedia_3410+Kaggle_42562,1.0
dbpedia_1658+Kaggle_11993,1.0
Kaggle_233874+dbpedia_1717,1.0
dbpedia_2190+Kaggle_119404,1.0
Kaggle_1650+dbpedia_2749,1.0
Kaggle_367183+dbpedia_835,1.0
dbpedia_3625+Kaggle_74652,1.0
Kaggle_1474986+dbpedia_3546,1.0
dbpedia_4248+Kaggle_161107,1.0
Kaggle_11344+dbpedia_2927,1.0
Kaggle_284553+dbpedia_4164,1.0
dbpedia_1643+Kaggle_47812,1.0
dbpedia_2467+Kaggle_394991,1.0
Kaggle_603+dbpedia_3101,1.0
dbpedia_2974+Kaggle_208066,1.0
dbpedia_825+Kaggle_115783,1.0
Kaggle_1750433+dbpedia_4256,1.0
dbpedia_619+Kaggle_134426,1.0
dbpedia_3011+Kaggle_4220,1.0
Kaggle_150083+dbpedia_624,1.0
Kaggle_81107+dbpedia_3817,1.0
Kaggle_71154+dbpedia_1753,1.0
dbpedia_3888+Kaggle_490688,1.0
dbpedia_848+Kaggle_216709,1.0
dbpedia_4556+Kaggle_325257,1.0
Kaggle_116424+dbpedia_1400,1.0
Kaggle_86363+dbpedia_4499,1.0
dbpedia_4491+Kaggle_2693,1.0
dbpedia_4713+Kaggle_17228,1.0
dbpedia_2714+Kaggle_131,1.0
Kaggle_498521+dbpedia_3519,1.0
dbpedia_799+Kaggle_5043,1.0
dbpedia_4168+Kaggle_19683,1.0
Kaggle_6856077+dbpedia_842,1.0
Kaggle_3597+dbpedia_2894,1.0
Kaggle_96895+dbpedia_547,1.0
dbpedia_2746+Kaggle_231570,1.0
dbpedia_4099+Kaggle_7882,1.0
dbpedia_120+Kaggle_70024,1.0
dbpedia_2621+Kaggle_2472,1.0
Kaggle_16547+dbpedia_3564,1.0
dbpedia_3391+Kaggle_28408,1.0
Kaggle_39161+dbpedia_3852,1.0
Kaggle_431+dbpedia_4422,1.0
dbpedia_2944+Kaggle_268678,1.0
Kaggle_191182+dbpedia_3615,1.0
Kaggle_1736498+dbpedia_3221,1.0
Kaggle_11883+dbpedia_3643,1.0
dbpedia_3511+Kaggle_18840,1.0
Kaggle_11069+dbpedia_1819,1.0
dbpedia_3167+Kaggle_7077,1.0
dbpedia_4638+Kaggle_96450,1.0
dbpedia_3557+Kaggle_36617,1.0
Kaggle_2423+dbpedia_1022,1.0
dbpedia_3921+Kaggle_4231,1.0
dbpedia_3936+Kaggle_20423,1.0
Kaggle_46828+dbpedia_654,1.0
dbpedia_4705+Kaggle_305370,1.0
dbpedia_4104+Kaggle_22759,1.0
Kaggle_17924+dbpedia_2103,1.0
dbpedia_3517+Kaggle_39282,1.0
Kaggle_247911+dbpedia_424,1.0
dbpedia_3711+Kaggle_9824,1.0
dbpedia_2457+Kaggle_1931,1.0
dbpedia_4114+Kaggle_142,1.0
Kaggle_6674887+dbpedia_4115,1.0
dbpedia_1260+Kaggle_29099,1.0
Kaggle_5584272+dbpedia_696,1.0
Kaggle_268321+dbpedia_3865,1.0
dbpedia_2994+Kaggle_284826,1.0
Kaggle_222376+dbpedia_1613,1.0
Kaggle_18236+dbpedia_639,1.0
Kaggle_134+dbpedia_3990,1.0
dbpedia_3674+Kaggle_33005,1.0
dbpedia_4413+Kaggle_191399,1.0
Kaggle_1256+dbpedia_795,1.0
Kaggle_919+dbpedia_2408,1.0
Kaggle_193475+dbpedia_3028,1.0
Kaggle_18983+dbpedia_4295,1.0
Kaggle_62836+dbpedia_2165,1.0
Kaggle_25677+dbpedia_3463,1.0
Kaggle_45346+dbpedia_3893,1.0
Kaggle_210454+dbpedia_724,1.0
Kaggle_21201+dbpedia_2300,1.0
Kaggle_6670629+dbpedia_1308,1.0
Kaggle_14714+dbpedia_3367,1.0
Kaggle_29490+dbpedia_204,1.0
Kaggle_26569+dbpedia_2683,1.0
dbpedia_545+Kaggle_45600,1.0
Kaggle_228+dbpedia_3096,1.0
dbpedia_1523+Kaggle_107447,1.0
dbpedia_2784+Kaggle_96742,1.0
dbpedia_1751+Kaggle_95192,1.0
Kaggle_3102+dbpedia_2003,1.0
dbpedia_4040+Kaggle_15032,1.0
Kaggle_201234+dbpedia_859,1.0
Kaggle_19954+dbpedia_1444,1.0
dbpedia_289+Kaggle_38669,1.0
dbpedia_3498+Kaggle_66313,1.0
dbpedia_4480+Kaggle_1665,1.0
Kaggle_283631+dbpedia_2741,1.0
dbpedia_4537+Kaggle_25735,1.0
Kaggle_777+dbpedia_4487,1.0
Kaggle_364815+dbpedia_3660,1.0
Kaggle_45440+dbpedia_3430,1.0
dbpedia_1873+Kaggle_16341,1.0
dbpedia_593+Kaggle_4568,1.0
dbpedia_3428+Kaggle_289309,1.0
Kaggle_12322+dbpedia_578,1.0
Kaggle_37788+dbpedia_3252,1.0
Kaggle_9516+dbpedia_2031,1.0
Kaggle_26007+dbpedia_3224,1.0
Kaggle_18514+dbpedia_3884,1.0
Kaggle_199213+dbpedia_2793,1.0
Kaggle_207171+dbpedia_3387,1.0
dbpedia_1025+Kaggle_185,1.0
Kaggle_105625+dbpedia_88,1.0
Kaggle_1129+dbpedia_2610,1.0
dbpedia_2889+Kaggle_66353,1.0
Kaggle_638694+dbpedia_173,1.0
dbpedia_2256+Kaggle_27690,1.0
Kaggle_20439+dbpedia_2098,1.0
dbpedia_1247+Kaggle_96947,1.0
Kaggle_18095+dbpedia_4023,1.0
Kaggle_1+dbpedia_2068,1.0
dbpedia_2490+Kaggle_241,1.0
dbpedia_1537+Kaggle_6250,1.0
Kaggle_18270+dbpedia_3574,1.0
dbpedia_2268+Kaggle_19129,1.0
dbpedia_2181+Kaggle_234150,1.0
dbpedia_3989+Kaggle_257439,1.0
Kaggle_653548+dbpedia_2154,1.0
dbpedia_1327+Kaggle_56522,1.0
Kaggle_42669+dbpedia_2992,1.0
Kaggle_4930+dbpedia_3534,1.0
dbpedia_3769+Kaggle_97793,1.0
Kaggle_258284+dbpedia_3666,1.0
Kaggle_24474+dbpedia_3492,1.0
dbpedia_1685+Kaggle_23728,1.0
dbpedia_1301+Kaggle_56601,1.0
Kaggle_94022+dbpedia_3228,1.0
dbpedia_1954+Kaggle_96719,1.0
dbpedia_3417+Kaggle_80788,1.0
dbpedia_1943+Kaggle_883773,1.0
Kaggle_96587+dbpedia_764,1.0
Kaggle_100795+dbpedia_4369,1.0
dbpedia_3192+Kaggle_424619,1.0
Kaggle_44656+dbpedia_3121,1.0
Kaggle_132940+dbpedia_4086,1.0
Kaggle_194164+dbpedia_4697,1.0
Kaggle_2615+dbpedia_2122,1.0
Kaggle_154206+dbpedia_4430,1.0
dbpedia_373+Kaggle_44748,1.0
Kaggle_1199+dbpedia_1251,1.0
Kaggle_2775+dbpedia_85,1.0
Kaggle_451+dbpedia_1322,1.0
dbpedia_1909+Kaggle_27012,1.0
dbpedia_4118+Kaggle_185402,1.0
Kaggle_267684+dbpedia_2871,1.0
dbpedia_233+Kaggle_24231,1.0
Kaggle_1596+dbpedia_1360,1.0
Kaggle_104092+dbpedia_2443,1.0
Kaggle_4631552+dbpedia_722,1.0
Kaggle_15352+dbpedia_745,1.0
Kaggle_45+dbpedia_1858,1.0
Kaggle_8670+dbpedia_2711,1.0
Kaggle_30025+dbpedia_4257,1.0
Kaggle_157112+dbpedia_4433,1.0
Kaggle_318437+dbpedia_14,1.0
Kaggle_169547+dbpedia_3140,1.0
dbpedia_660+Kaggle_11081,1.0
Kaggle_118280+dbpedia_1863,1.0
dbpedia_1397+Kaggle_323900,1.0
Kaggle_377+dbpedia_2806,1.0
Kaggle_18262+dbpedia_4674,1.0
Kaggle_407175+dbpedia_1040,1.0
dbpedia_2874+Kaggle_3269349,1.0
dbpedia_2866+Kaggle_17479,1.0
Kaggle_538307+dbpedia_1610,1.0
dbpedia_1636+Kaggle_17838,1.0
dbpedia_3616+Kaggle_32566,1.0
dbpedia_7+Kaggle_2473580,1.0
dbpedia_3911+Kaggle_4092375,1.0
dbpedia_1246+Kaggle_25108,1.0
dbpedia_1219+Kaggle_14246,1.0
dbpedia_2573+Kaggle_31056,1.0
Kaggle_34177+dbpedia_1686,1.0
dbpedia_3370+Kaggle_60342,1.0
dbpedia_2868+Kaggle_2567,1.0
Kaggle_984+dbpedia_2197,1.0
Kaggle_31841+dbpedia_845,1.0
dbpedia_1767+Kaggle_6024,1.0
Kaggle_190462+dbpedia_2184,1.0
dbpedia_17+Kaggle_6928003,1.0
Kaggle_33445+dbpedia_4241,1.0
dbpedia_1680+Kaggle_268950,1.0
Kaggle_20792+dbpedia_3235,1.0
dbpedia_4658+Kaggle_21570,1.0
Kaggle_7112648+dbpedia_58,1.0
dbpedia_2348+Kaggle_30250,1.0
Kaggle_41637+dbpedia_2036,1.0
Kaggle_225223+dbpedia_4142,1.0
Kaggle_34+dbpedia_649,1.0
Kaggle_63778+dbpedia_2834,1.0
Kaggle_1870+dbpedia_4576,1.0
Kaggle_7005540+dbpedia_518,1.0
dbpedia_4579+Kaggle_114659,1.0
dbpedia_4476+Kaggle_8545,1.0
Kaggle_4072843+dbpedia_2465,1.0
Kaggle_174593+dbpedia_170,1.0
Kaggle_22134+dbpedia_508,1.0
dbpedia_4611+Kaggle_43757,1.0
Kaggle_95584+dbpedia_3971,1.0
Kaggle_148565+dbpedia_1231,1.0
dbpedia_464+Kaggle_4008,1.0
Kaggle_4345+dbpedia_1585,1.0
Kaggle_3213346+dbpedia_3592,1.0
Kaggle_121529+dbpedia_4315,1.0
Kaggle_2401+dbpedia_3412,1.0
dbpedia_771+Kaggle_1248,1.0
dbpedia_102+Kaggle_6819,1.0
dbpedia_888+Kaggle_6719,1.0
dbpedia_987+Kaggle_89105,1.0
dbpedia_3854+Kaggle_8421,1.0
Kaggle_40742+dbpedia_1056,1.0
Kaggle_140285+dbpedia_3818,1.0
dbpedia_4645+Kaggle_60573,1.0
dbpedia_3384+Kaggle_53872,1.0
dbpedia_1257+Kaggle_49284,1.0
dbpedia_1965+Kaggle_1598521,1.0
dbpedia_2364+Kaggle_443207,1.0
dbpedia_273+Kaggle_561503,1.0
Kaggle_14138+dbpedia_4550,1.0
dbpedia_2975+Kaggle_873,1.0
Kaggle_93373+dbpedia_1765,1.0
Kaggle_10773+dbpedia_820,1.0
dbpedia_960+Kaggle_202041,1.0
Kaggle_3240+dbpedia_1528,1.0
Kaggle_4840+dbpedia_4210,1.0
Kaggle_32386+dbpedia_1295,1.0
dbpedia_4090+Kaggle_6027164,1.0
Kaggle_406800+dbpedia_4484,1.0
dbpedia_583+Kaggle_41761,1.0
dbpedia_3626+Kaggle_46954,1.0
dbpedia_1224+Kaggle_23698,1.0
dbpedia_1349+Kaggle_294,1.0
Kaggle_16108+dbpedia_4832,1.0
dbpedia_474+Kaggle_122884,1.0
Kaggle_8369+dbpedia_2010,1.0
Kaggle_5454693+dbpedia_4599,1.0
Kaggle_14278+dbpedia_677,1.0
dbpedia_4214+Kaggle_54830,1.0
Kaggle_24893+dbpedia_101,1.0
Kaggle_15857+dbpedia_4456,1.0
dbpedia_4727+Kaggle_2506,1.0
Kaggle_384956+dbpedia_3661,1.0
dbpedia_2230+Kaggle_68115,1.0
Kaggle_1294617+dbpedia_946,1.0
dbpedia_4532+Kaggle_4542,1.0
Kaggle_1115667+dbpedia_2926,1.0
Kaggle_5768444+dbpedia_4538,1.0
Kaggle_1602792+dbpedia_2710,1.0
dbpedia_1068+Kaggle_91253,1.0
Kaggle_152916+dbpedia_3709,1.0
Kaggle_612+dbpedia_4536,1.0
Kaggle_2908164+dbpedia_2729,1.0
dbpedia_1565+Kaggle_3656,1.0
Kaggle_187591+dbpedia_4808,1.0
Kaggle_49107+dbpedia_4641,1.0
dbpedia_2406+Kaggle_164411,1.0
dbpedia_246+Kaggle_6797843,1.0
Kaggle_21340+dbpedia_2891,1.0
dbpedia_321+Kaggle_4582728,1.0
Kaggle_265461+dbpedia_1340,1.0
Kaggle_98530+dbpedia_381,1.0
Kaggle_3575077+dbpedia_2243,1.0
dbpedia_4811+Kaggle_16400,1.0
dbpedia_3599+Kaggle_508,1.0
dbpedia_1156+Kaggle_108415,1.0
Kaggle_4435+dbpedia_2705,1.0
Kaggle_6856+dbpedia_3244,1.0
Kaggle_2984+dbpedia_2075,1.0
dbpedia_4687+Kaggle_5285,1.0
dbpedia_2234+Kaggle_2771,1.0
dbpedia_1578+Kaggle_35197,1.0
Kaggle_214612+dbpedia_611,1.0
dbpedia_980+Kaggle_3455525,1.0
Kaggle_2689314+dbpedia_1793,1.0
Kaggle_4900+dbpedia_162,1.0
Kaggle_181146+dbpedia_2274,1.0
Kaggle_7063+dbpedia_4280,1.0
dbpedia_123+Kaggle_41424,1.0
dbpedia_3850+Kaggle_48261,1.0
dbpedia_2046+Kaggle_160336,1.0
Kaggle_23246+dbpedia_979,1.0
Kaggle_26820+dbpedia_716,1.0
Kaggle_292938+dbpedia_3792,1.0
dbpedia_3104+Kaggle_103694,1.0
dbpedia_1303+Kaggle_4085921,1.0
dbpedia_582+Kaggle_175036,1.0
Kaggle_37756+dbpedia_313,1.0
dbpedia_2674+Kaggle_9236,1.0
Kaggle_5410295+dbpedia_226,1.0
dbpedia_3388+Kaggle_336599,1.0
Kaggle_1485+dbpedia_2000,1.0
Kaggle_32959+dbpedia_3025,1.0
Kaggle_152281+dbpedia_3253,1.0
Kaggle_191+dbpedia_1409,1.0
Kaggle_114729+dbpedia_2067,1.0
Kaggle_240879+dbpedia_3003,1.0
dbpedia_4736+Kaggle_5565,1.0
Kaggle_43377+dbpedia_989,1.0
dbpedia_1044+Kaggle_93646,1.0
dbpedia_1496+Kaggle_221492,1.0
Kaggle_108527+dbpedia_4138,1.0
dbpedia_1589+Kaggle_64884,1.0
dbpedia_1181+Kaggle_71018,1.0
Kaggle_20819+dbpedia_368,1.0
Kaggle_4217+dbpedia_4593,1.0
dbpedia_357+Kaggle_1175,1.0
Kaggle_1029454+dbpedia_1646,1.0
Kaggle_41081+dbpedia_231,1.0
dbpedia_2558+Kaggle_201301,1.0
Kaggle_40383+dbpedia_3240,1.0
Kaggle_27109+dbpedia_754,1.0
Kaggle_26369+dbpedia_83,1.0
dbpedia_3514+Kaggle_2477180,1.0
Kaggle_266505+dbpedia_149,1.0
Kaggle_276658+dbpedia_802,1.0
Kaggle_410+dbpedia_2913,1.0
Kaggle_5532514+dbpedia_3822,1.0
dbpedia_2572+Kaggle_9464,1.0
Kaggle_4675+dbpedia_2620,1.0
Kaggle_432+dbpedia_3839,1.0
Kaggle_20204+dbpedia_2518,1.0
Kaggle_2435+dbpedia_2123,1.0
Kaggle_28925+dbpedia_3188,1.0
Kaggle_8849+dbpedia_433,1.0
dbpedia_2557+Kaggle_189398,1.0
Kaggle_15499+dbpedia_3699,1.0
Kaggle_493778+dbpedia_3708,1.0
Kaggle_54844+dbpedia_4477,1.0
Kaggle_6804866+dbpedia_4213,1.0
dbpedia_3170+Kaggle_35012,1.0
Kaggle_5237505+dbpedia_4630,1.0
dbpedia_3683+Kaggle_745,1.0
Kaggle_10609+dbpedia_1424,1.0
Kaggle_85597+dbpedia_223,1.0
dbpedia_4203+Kaggle_321891,1.0
dbpedia_2825+Kaggle_1308,1.0
dbpedia_466+Kaggle_10117,1.0
dbpedia_3560+Kaggle_9279,1.0
dbpedia_3408+Kaggle_171617,1.0
dbpedia_2504+Kaggle_55946,1.0
dbpedia_4644+Kaggle_44823,1.0
dbpedia_4322+Kaggle_149468,1.0
Kaggle_250401+dbpedia_3259,1.0
dbpedia_4568+Kaggle_2100,1.0
dbpedia_269+Kaggle_88029,1.0
Kaggle_161173+dbpedia_954,1.0
Kaggle_166911+dbpedia_1088,1.0
dbpedia_3544+Kaggle_7100,1.0
dbpedia_3533+Kaggle_31235,1.0
dbpedia_460+Kaggle_75198,1.0
dbpedia_2820+Kaggle_144493,1.0
Kaggle_3648+dbpedia_728,1.0
Kaggle_164277+dbpedia_419,1.0
Kaggle_60387+dbpedia_4232,1.0
Kaggle_412553+dbpedia_2587,1.0
dbpedia_3506+Kaggle_25799,1.0
Kaggle_48874+dbpedia_3776,1.0
dbpedia_2365+Kaggle_394133,1.0
dbpedia_4513+Kaggle_11493,1.0
dbpedia_4122+Kaggle_9950,1.0
Kaggle_24354+dbpedia_653,1.0
Kaggle_2237+dbpedia_3455,1.0
dbpedia_1821+Kaggle_3395,1.0
Kaggle_3119105+dbpedia_2789,1.0
dbpedia_3588+Kaggle_6088,1.0
Kaggle_6769+dbpedia_693,1.0
dbpedia_1588+Kaggle_5508,1.0
dbpedia_2158+Kaggle_47315,1.0
Kaggle_4853+dbpedia_352,1.0
dbpedia_2224+Kaggle_70547,1.0
dbpedia_2118+Kaggle_249425,1.0
dbpedia_3445+Kaggle_368,1.0
Kaggle_9853+dbpedia_4741,1.0
dbpedia_3536+Kaggle_2433606,1.0
dbpedia_1959+Kaggle_56365,1.0
Kaggle_99971+dbpedia_1860,1.0
dbpedia_4479+Kaggle_9008,1.0
Kaggle_1788+dbpedia_1600,1.0
Kaggle_2239+dbpedia_613,1.0
dbpedia_4250+Kaggle_255,1.0
Kaggle_150199+dbpedia_1404,1.0
Kaggle_186610+dbpedia_543,1.0
Kaggle_15375+dbpedia_283,1.0
dbpedia_1624+Kaggle_203504,1.0
Kaggle_142503+dbpedia_713,1.0
dbpedia_4478+Kaggle_52196,1.0
Kaggle_6864+dbpedia_26,1.0
dbpedia_777+Kaggle_20959,1.0
dbpedia_4450+Kaggle_11518,1.0
Kaggle_21597+dbpedia_2135,1.0
Kaggle_325753+dbpedia_206,1.0
dbpedia_2266+Kaggle_33688,1.0
Kaggle_398+dbpedia_2998,1.0
Kaggle_632+dbpedia_1466,1.0
dbpedia_2767+Kaggle_2276,1.0
dbpedia_3665+Kaggle_28380,1.0
dbpedia_1426+Kaggle_153826,1.0
dbpedia_1119+Kaggle_17412,1.0
Kaggle_17+dbpedia_517,1.0
dbpedia_1911+Kaggle_46076,1.0
dbpedia_2979+Kaggle_4252,1.0
Kaggle_265693+dbpedia_3435,1.0
Kaggle_41+dbpedia_1739,1.0
Kaggle_15467+dbpedia_3187,1.0
dbpedia_459+Kaggle_6852577,1.0
Kaggle_1583683+dbpedia_3450,1.0
dbpedia_3191+Kaggle_994933,1.0
dbpedia_4685+Kaggle_19059,1.0
dbpedia_496+Kaggle_2365,1.0
Kaggle_26935+dbpedia_902,1.0
Kaggle_3623+dbpedia_1893,1.0
dbpedia_156+Kaggle_1406,1.0
dbpedia_586+Kaggle_192328,1.0
dbpedia_1939+Kaggle_83553,1.0
Kaggle_2070+dbpedia_2078,1.0
dbpedia_1027+Kaggle_2428,1.0
Kaggle_358834+dbpedia_3880,1.0
Kaggle_276539+dbpedia_3034,1.0
dbpedia_471+Kaggle_45591,1.0
dbpedia_4281+Kaggle_344969,1.0
Kaggle_42580+dbpedia_1256,1.0
dbpedia_4815+Kaggle_33247,1.0
dbpedia_779+Kaggle_10163,1.0
Kaggle_101+dbpedia_1550,1.0
dbpedia_2957+Kaggle_22973,1.0
Kaggle_275316+dbpedia_414,1.0
dbpedia_3798+Kaggle_53431,1.0
Kaggle_5292+dbpedia_1407,1.0
Kaggle_423+dbpedia_2671,1.0
dbpedia_1110+Kaggle_187372,1.0
dbpedia_2555+Kaggle_72765,1.0
Kaggle_4521127+dbpedia_2013,1.0
dbpedia_1288+Kaggle_29633,1.0
dbpedia_2907+Kaggle_804,1.0
Kaggle_497893+dbpedia_2477,1.0
Kaggle_118867+dbpedia_3948,1.0
dbpedia_2133+Kaggle_144228,1.0
dbpedia_4081+Kaggle_12647,1.0
Kaggle_249879+dbpedia_4612,1.0
Kaggle_1410+dbpedia_916,1.0
Kaggle_191515+dbpedia_783,1.0
dbpedia_1280+Kaggle_12155,1.0
Kaggle_57176+dbpedia_1132,1.0
Kaggle_1538772+dbpedia_617,1.0
Kaggle_77+dbpedia_4494,1.0
dbpedia_4753+Kaggle_1361,1.0
Kaggle_212940+dbpedia_1270,1.0
dbpedia_2934+Kaggle_55489,1.0
dbpedia_2502+Kaggle_82052,1.0
dbpedia_6+Kaggle_36184,1.0
Kaggle_124205+dbpedia_3483,1.0
dbpedia_1587+Kaggle_178381,1.0
Kaggle_306301+dbpedia_1950,1.0
dbpedia_2929+Kaggle_645996,1.0
dbpedia_4800+Kaggle_118529,1.0
dbpedia_1093+Kaggle_1305,1.0
Kaggle_5881083+dbpedia_1905,1.0
dbpedia_1823+Kaggle_194858,1.0
dbpedia_3469+Kaggle_28266,1.0
Kaggle_2148+dbpedia_2917,1.0
Kaggle_1844804+dbpedia_1095,1.0
Kaggle_298741+dbpedia_4770,1.0
Kaggle_14125+dbpedia_580,1.0
dbpedia_1945+Kaggle_3044,1.0
dbpedia_446+Kaggle_108398,1.0
Kaggle_162680+dbpedia_704,1.0
dbpedia_2093+Kaggle_2977590,1.0
dbpedia_3343+Kaggle_46303,1.0
Kaggle_1776+dbpedia_3131,1.0
dbpedia_2101+Kaggle_69465,1.0
Kaggle_1444+dbpedia_4060,1.0
Kaggle_42698+dbpedia_57,1.0
Kaggle_76415+dbpedia_922,1.0
Kaggle_131060+dbpedia_3628,1.0
dbpedia_997+Kaggle_47941,1.0
Kaggle_4560+dbpedia_2047,1.0
Kaggle_354123+dbpedia_4554,1.0
dbpedia_2611+Kaggle_1304,1.0
Kaggle_119044+dbpedia_1325,1.0
dbpedia_4224+Kaggle_6333,1.0
dbpedia_2530+Kaggle_5841417,1.0
Kaggle_14074+dbpedia_2273,1.0
Kaggle_372513+dbpedia_568,1.0
dbpedia_479+Kaggle_2041,1.0
Kaggle_127216+dbpedia_2228,1.0
Kaggle_491182+dbpedia_2063,1.0
dbpedia_599+Kaggle_11554,1.0
Kaggle_82369+dbpedia_1261,1.0
Kaggle_145661+dbpedia_3006,1.0
dbpedia_345+Kaggle_3072,1.0
dbpedia_2347+Kaggle_20431,1.0
dbpedia_2852+Kaggle_4152,1.0
Kaggle_16336+dbpedia_3676,1.0
dbpedia_253+Kaggle_87936,1.0
Kaggle_30955+dbpedia_689,1.0
Kaggle_12874+dbpedia_3576,1.0
Kaggle_28780+dbpedia_2492,1.0
dbpedia_1735+Kaggle_1147,1.0
dbpedia_1035+Kaggle_15684,1.0
Kaggle_55445+dbpedia_4112,1.0
Kaggle_40776+dbpedia_3265,1.0
Kaggle_18190+dbpedia_4132,1.0
Kaggle_498270+dbpedia_2958,1.0
Kaggle_3128+dbpedia_1750,1.0
dbpedia_35+Kaggle_39685,1.0
Kaggle_322574+dbpedia_4011,1.0
Kaggle_5175449+dbpedia_2517,1.0
Kaggle_4829+dbpedia_1617,1.0
Kaggle_14996+dbpedia_2450,1.0
Kaggle_3297919+dbpedia_3663,1.0
Kaggle_586+dbpedia_1557,1.0
dbpedia_3946+Kaggle_582528,1.0
dbpedia_4085+Kaggle_294938,1.0
dbpedia_93+Kaggle_147327,1.0
Kaggle_334798+dbpedia_816,1.0
Kaggle_89450+dbpedia_1760,1.0
Kaggle_154438+dbpedia_2474,1.0
Kaggle_3587+dbpedia_4401,1.0
Kaggle_7525+dbpedia_3456,1.0
dbpedia_1547+Kaggle_301886,1.0
Kaggle_53217+dbpedia_3504,1.0
dbpedia_225+Kaggle_10629,1.0
dbpedia_1485+Kaggle_321030,1.0
Kaggle_3115+dbpedia_2041,1.0
dbpedia_3237+Kaggle_237772,1.0
dbpedia_1016+Kaggle_674219,1.0
dbpedia_1851+Kaggle_34526,1.0
dbpedia_3500+Kaggle_18070,1.0
dbpedia_3702+Kaggle_1700,1.0
Kaggle_366861+dbpedia_402,1.0
dbpedia_3573+Kaggle_57773,1.0
dbpedia_2898+Kaggle_69956,1.0
dbpedia_4812+Kaggle_40578,1.0
Kaggle_48312+dbpedia_4486,1.0
Kaggle_15724+dbpedia_258,1.0
Kaggle_929+dbpedia_2827,1.0
Kaggle_123+dbpedia_3778,1.0
dbpedia_2552+Kaggle_226399,1.0
Kaggle_953+dbpedia_3611,1.0
Kaggle_24833+dbpedia_492,1.0
Kaggle_1158+dbpedia_396,1.0
Kaggle_6054869+dbpedia_1968,1.0
dbpedia_1117+Kaggle_98886,1.0
dbpedia_1013+Kaggle_36992,1.0
dbpedia_560+Kaggle_44651,1.0
Kaggle_473751+dbpedia_1306,1.0
Kaggle_167298+dbpedia_903,1.0
Kaggle_78043+dbpedia_334,1.0
dbpedia_598+Kaggle_54241,1.0
dbpedia_1622+Kaggle_4365,1.0
Kaggle_32084+dbpedia_3280,1.0
dbpedia_2179+Kaggle_14968,1.0
dbpedia_2823+Kaggle_17155,1.0
Kaggle_439278+dbpedia_2903,1.0
dbpedia_3414+Kaggle_2687212,1.0
Kaggle_228061+dbpedia_2376,1.0
Kaggle_10249+dbpedia_4288,1.0
Kaggle_1180185+dbpedia_921,1.0
Kaggle_9363+dbpedia_2476,1.0
dbpedia_248+Kaggle_423072,1.0
Kaggle_46463+dbpedia_165,1.0
Kaggle_48522+dbpedia_2556,1.0
dbpedia_1488+Kaggle_146577,1.0
Kaggle_30425+dbpedia_3030,1.0
dbpedia_4754+Kaggle_485812,1.0
Kaggle_6072+dbpedia_3613,1.0
dbpedia_2393+Kaggle_205394,1.0
Kaggle_193321+dbpedia_4222,1.0
dbpedia_4511+Kaggle_1230,1.0
dbpedia_3137+Kaggle_29325,1.0
Kaggle_184120+dbpedia_2744,1.0
Kaggle_438025+dbpedia_2175,1.0
Kaggle_11615+dbpedia_2906,1.0
dbpedia_2845+Kaggle_599985,1.0
dbpedia_970+Kaggle_145536,1.0
Kaggle_73059+dbpedia_675,1.0
Kaggle_140+dbpedia_2074,1.0
dbpedia_4209+Kaggle_456,1.0
dbpedia_750+Kaggle_134766,1.0
Kaggle_4695639+dbpedia_2037,1.0
dbpedia_3738+Kaggle_817,1.0
dbpedia_4447+Kaggle_3028669,1.0
dbpedia_2304+Kaggle_4052,1.0
Kaggle_698+dbpedia_2120,1.0
dbpedia_4388+Kaggle_444326,1.0
Kaggle_14027+dbpedia_4543,1.0
dbpedia_513+Kaggle_96247,1.0
dbpedia_718+Kaggle_15021,1.0
dbpedia_1740+Kaggle_7163182,1.0
Kaggle_196628+dbpedia_2296,1.0
dbpedia_1230+Kaggle_530049,1.0
Kaggle_308248+dbpedia_2838,1.0
dbpedia_366+Kaggle_517555,1.0
Kaggle_1270489+dbpedia_2244,1.0
Kaggle_275361+dbpedia_4672,1.0
dbpedia_137+Kaggle_28651,1.0
Kaggle_535911+dbpedia_347,1.0
dbpedia_1167+Kaggle_91139,1.0
dbpedia_4337+Kaggle_18143,1.0
dbpedia_3853+Kaggle_274143,1.0
dbpedia_36+Kaggle_405996,1.0
Kaggle_14918+dbpedia_1089,1.0
dbpedia_3863+Kaggle_6164,1.0
dbpedia_643+Kaggle_56764,1.0
dbpedia_2759+Kaggle_32268,1.0
Kaggle_72286+dbpedia_2137,1.0
Kaggle_428576+dbpedia_1398,1.0
dbpedia_2081+Kaggle_28596,1.0
Kaggle_209105+dbpedia_3000,1.0
Kaggle_12853+dbpedia_3264,1.0
dbpedia_252+Kaggle_12037,1.0
Kaggle_138773+dbpedia_2681,1.0
dbpedia_2535+Kaggle_11724,1.0
dbpedia_3537+Kaggle_2941,1.0
dbpedia_2955+Kaggle_38520,1.0
dbpedia_236+Kaggle_2170,1.0
Kaggle_349897+dbpedia_4340,1.0
dbpedia_2734+Kaggle_13722,1.0
dbpedia_920+Kaggle_3949,1.0
Kaggle_290659+dbpedia_2882,1.0
Kaggle_10860+dbpedia_542,1.0
Kaggle_73714+dbpedia_3243,1.0
Kaggle_210840+dbpedia_3444,1.0
dbpedia_1841+Kaggle_136803,1.0
Kaggle_535757+dbpedia_2423,1.0
dbpedia_3823+Kaggle_474436,1.0
dbpedia_975+Kaggle_824630,1.0
Kaggle_64922+dbpedia_2774,1.0
dbpedia_3748+Kaggle_370390,1.0
Kaggle_4522+dbpedia_127,1.0
dbpedia_3236+Kaggle_776308,1.0
dbpedia_1942+Kaggle_3364,1.0
dbpedia_3704+Kaggle_103177,1.0
Kaggle_441297+dbpedia_2100,1.0
dbpedia_4261+Kaggle_5518244,1.0
Kaggle_2874+dbpedia_440,1.0
dbpedia_3765+Kaggle_2192602,1.0
dbpedia_9+Kaggle_2032,1.0
dbpedia_2867+Kaggle_19832,1.0
Kaggle_317541+dbpedia_4452,1.0
dbpedia_472+Kaggle_17755,1.0
dbpedia_4+Kaggle_19489,1.0
dbpedia_358+Kaggle_3587252,1.0
Kaggle_71945+dbpedia_3729,1.0
dbpedia_4468+Kaggle_46971,1.0
Kaggle_95289+dbpedia_1921,1.0
Kaggle_24059+dbpedia_2441,1.0
Kaggle_45020+dbpedia_1521,1.0
Kaggle_2687774+dbpedia_3421,1.0
dbpedia_672+Kaggle_6713,1.0
Kaggle_35888+dbpedia_656,1.0
Kaggle_42589+dbpedia_800,1.0
dbpedia_511+Kaggle_30484,1.0
Kaggle_333+dbpedia_2418,1.0
dbpedia_2875+Kaggle_1624,1.0
Kaggle_5084+dbpedia_3655,1.0
Kaggle_244778+dbpedia_1816,1.0
Kaggle_10809+dbpedia_1067,1.0
Kaggle_227844+dbpedia_1655,1.0
dbpedia_4496+Kaggle_11618,1.0
dbpedia_2186+Kaggle_151401,1.0
dbpedia_1955+Kaggle_58858,1.0
dbpedia_4600+Kaggle_855,1.0
Kaggle_165414+dbpedia_4009,1.0
dbpedia_4412+Kaggle_7474,1.0
dbpedia_3978+Kaggle_312244,1.0
dbpedia_1546+Kaggle_3009,1.0
dbpedia_4698+Kaggle_56027,1.0
Kaggle_55285+dbpedia_4133,1.0
Kaggle_77541+dbpedia_1370,1.0
dbpedia_3461+Kaggle_5068,1.0
dbpedia_2560+Kaggle_28774,1.0
dbpedia_3825+Kaggle_20725,1.0
dbpedia_4270+Kaggle_11091,1.0
Kaggle_2244+dbpedia_341,1.0
dbpedia_3987+Kaggle_780766,1.0
dbpedia_3802+Kaggle_257120,1.0
dbpedia_828+Kaggle_15381,1.0
dbpedia_2070+Kaggle_54445,1.0
Kaggle_2434720+dbpedia_2199,1.0
dbpedia_2579+Kaggle_1161,1.0
dbpedia_4558+Kaggle_310220,1.0
Kaggle_289372+dbpedia_3130,1.0
Kaggle_85101+dbpedia_671,1.0
dbpedia_4574+Kaggle_89312,1.0
dbpedia_92+Kaggle_165080,1.0
Kaggle_60475+dbpedia_2310,1.0
dbpedia_4283+Kaggle_18089,1.0
dbpedia_3627+Kaggle_304011,1.0
Kaggle_13768+dbpedia_4106,1.0
dbpedia_1966+Kaggle_356252,1.0
Kaggle_205503+dbpedia_3907,1.0
dbpedia_4231+Kaggle_180832,1.0
Kaggle_34487+dbpedia_3522,1.0
dbpedia_2737+Kaggle_57666,1.0
Kaggle_30737+dbpedia_4059,1.0
Kaggle_14051+dbpedia_4691,1.0
Kaggle_234268+dbpedia_84,1.0
Kaggle_30072+dbpedia_3558,1.0
Kaggle_2306+dbpedia_4284,1.0
Kaggle_244610+dbpedia_260,1.0
dbpedia_2374+Kaggle_105394,1.0
dbpedia_454+Kaggle_402032,1.0
Kaggle_3713+dbpedia_208,1.0
Kaggle_86340+dbpedia_4141,1.0
Kaggle_5982831+dbpedia_59,1.0
dbpedia_375+Kaggle_231953,1.0
dbpedia_1713+Kaggle_2322,1.0
Kaggle_131700+dbpedia_1054,1.0
dbpedia_4726+Kaggle_601,1.0
Kaggle_126469+dbpedia_618,1.0
Kaggle_18633+dbpedia_4573,1.0
Kaggle_48755+dbpedia_4107,1.0
Kaggle_75482+dbpedia_309,1.0
dbpedia_4312+Kaggle_298288,1.0
Kaggle_64+dbpedia_4285,1.0
Kaggle_436544+dbpedia_2690,1.0
Kaggle_19305+dbpedia_2177,1.0
Kaggle_1576+dbpedia_3760,1.0
dbpedia_4745+Kaggle_3260,1.0
dbpedia_4546+Kaggle_21638,1.0
Kaggle_95084+dbpedia_3684,1.0
dbpedia_1813+Kaggle_20980,1.0
Kaggle_92933+dbpedia_3734,1.0
Kaggle_84273+dbpedia_1532,1.0
dbpedia_1953+Kaggle_90057,1.0
Kaggle_314515+dbpedia_3155,1.0
dbpedia_3095+Kaggle_44318,1.0
dbpedia_3518+Kaggle_25924,1.0
dbpedia_4714+Kaggle_31464,1.0
Kaggle_123254+dbpedia_324,1.0
Kaggle_505078+dbpedia_4230,1.0
dbpedia_1562+Kaggle_8005,1.0
dbpedia_1725+Kaggle_16627,1.0
Kaggle_62040+dbpedia_2672,1.0
Kaggle_3036+dbpedia_2876,1.0
Kaggle_152337+dbpedia_359,1.0
Kaggle_5274123+dbpedia_3915,1.0
dbpedia_2755+Kaggle_9687,1.0
Kaggle_4585+dbpedia_1053,1.0
dbpedia_1222+Kaggle_68427,1.0
dbpedia_294+Kaggle_76545,1.0
Kaggle_20138+dbpedia_3719,1.0
Kaggle_5685400+dbpedia_1512,1.0
Kaggle_1972+dbpedia_364,1.0
Kaggle_2925+dbpedia_1372,1.0
dbpedia_2018+Kaggle_24392,1.0
Kaggle_138550+dbpedia_2991,1.0
dbpedia_4684+Kaggle_515833,1.0
Kaggle_249694+dbpedia_1101,1.0
Kaggle_3303293+dbpedia_3175,1.0
Kaggle_198872+dbpedia_2355,1.0
Kaggle_330757+dbpedia_371,1.0
Kaggle_9172+dbpedia_315,1.0
dbpedia_3443+Kaggle_38873,1.0
Kaggle_8098+dbpedia_2571,1.0
Kaggle_4328213+dbpedia_2721,1.0
dbpedia_4062+Kaggle_60901,1.0
dbpedia_23+Kaggle_1715,1.0
dbpedia_4590+Kaggle_70974,1.0
Kaggle_24587+dbpedia_3510,1.0
dbpedia_2667+Kaggle_21680,1.0
dbpedia_773+Kaggle_2018,1.0
Kaggle_2839+dbpedia_1639,1.0
dbpedia_145+Kaggle_269264,1.0
dbpedia_4038+Kaggle_258183,1.0
dbpedia_4408+Kaggle_8204,1.0
Kaggle_297775+dbpedia_2559,1.0
Kaggle_164+dbpedia_804,1.0
dbpedia_4798+Kaggle_199072,1.0
Kaggle_36608+dbpedia_4174,1.0
dbpedia_806+Kaggle_33845,1.0
dbpedia_4061+Kaggle_2883059,1.0
dbpedia_33+Kaggle_174,1.0
Kaggle_300146+dbpedia_4790,1.0
dbpedia_2259+Kaggle_4372,1.0
dbpedia_1033+Kaggle_1724,1.0
dbpedia_2968+Kaggle_35162,1.0
Kaggle_20263+dbpedia_3809,1.0
dbpedia_3897+Kaggle_141014,1.0
dbpedia_4050+Kaggle_208249,1.0
Kaggle_138+dbpedia_1794,1.0
dbpedia_3649+Kaggle_14794,1.0
Kaggle_332889+dbpedia_3354,1.0
dbpedia_1503+Kaggle_73044,1.0
dbpedia_992+Kaggle_81776,1.0
Kaggle_11060+dbpedia_4809,1.0
dbpedia_1290+Kaggle_156378,1.0
dbpedia_3638+Kaggle_140005,1.0
dbpedia_1076+Kaggle_7224,1.0
dbpedia_576+Kaggle_17731,1.0
dbpedia_441+Kaggle_49395,1.0
dbpedia_338+Kaggle_69116,1.0
dbpedia_4621+Kaggle_55611,1.0
Kaggle_4499+dbpedia_1296,1.0
dbpedia_132+Kaggle_11115,1.0
dbpedia_2701+Kaggle_41558,1.0
dbpedia_99+Kaggle_22775,1.0
dbpedia_2668+Kaggle_1915888,1.0
dbpedia_2108+Kaggle_382142,1.0
Kaggle_23881+dbpedia_794,1.0
Kaggle_7700+dbpedia_701,1.0
Kaggle_149+dbpedia_602,1.0
dbpedia_3755+Kaggle_459422,1.0
Kaggle_38468+dbpedia_1458,1.0
dbpedia_1831+Kaggle_13458,1.0
dbpedia_3355+Kaggle_75357,1.0
dbpedia_2842+Kaggle_142680,1.0
dbpedia_4669+Kaggle_658,1.0
Kaggle_14015+dbpedia_3874,1.0
dbpedia_1155+Kaggle_4709,1.0
dbpedia_3193+Kaggle_1328,1.0
Kaggle_1940+dbpedia_1455,1.0
Kaggle_8598+dbpedia_4003,1.0
dbpedia_3689+Kaggle_5402,1.0
Kaggle_12599+dbpedia_4012,1.0
Kaggle_301546+dbpedia_3076,1.0
dbpedia_1875+Kaggle_19137,1.0
dbpedia_4301+Kaggle_357929,1.0
dbpedia_2012+Kaggle_54,1.0
Kaggle_952317+dbpedia_4021,1.0
Kaggle_2953+dbpedia_1906,1.0
dbpedia_3864+Kaggle_51563,1.0
Kaggle_2480+dbpedia_1517,1.0
dbpedia_3832+Kaggle_1205,1.0
Kaggle_120323+dbpedia_3981,1.0
dbpedia_2112+Kaggle_15903,1.0
Kaggle_48904+dbpedia_2131,1.0
dbpedia_3334+Kaggle_92102,1.0
dbpedia_2655+Kaggle_100806,1.0
dbpedia_741+Kaggle_278642,1.0
Kaggle_91003+dbpedia_3285,1.0
dbpedia_453+Kaggle_9701,1.0
Kaggle_255050+dbpedia_963,1.0
Kaggle_354266+dbpedia_3912,1.0
Kaggle_5042+dbpedia_2529,1.0
dbpedia_509+Kaggle_12679,1.0
dbpedia_3830+Kaggle_10925,1.0
Kaggle_32948+dbpedia_4530,1.0
Kaggle_57699+dbpedia_3980,1.0
dbpedia_144+Kaggle_106778,1.0
dbpedia_1603+Kaggle_229688,1.0
dbpedia_2211+Kaggle_76421,1.0
Kaggle_75788+dbpedia_151,1.0
Kaggle_20829+dbpedia_77,1.0
dbpedia_2715+Kaggle_2547,1.0
dbpedia_4627+Kaggle_55340,1.0
dbpedia_1289+Kaggle_14173,1.0
dbpedia_2644+Kaggle_136159,1.0
dbpedia_4646+Kaggle_384076,1.0
Kaggle_53865+dbpedia_2237,1.0
dbpedia_1106+Kaggle_19040,1.0
dbpedia_3145+Kaggle_18906,1.0
Kaggle_986+dbpedia_158,1.0
dbpedia_2981+Kaggle_23979,1.0
dbpedia_3494+Kaggle_372,1.0
Kaggle_5318+dbpedia_3691,1.0
Kaggle_529256+dbpedia_4163,1.0
Kaggle_813+dbpedia_407,1.0
dbpedia_3569+Kaggle_6365,1.0
Kaggle_185849+dbpedia_3020,1.0
dbpedia_630+Kaggle_54298,1.0
dbpedia_221+Kaggle_3144370,1.0
dbpedia_157+Kaggle_82847,1.0
dbpedia_1168+Kaggle_27096,1.0
dbpedia_3298+Kaggle_80167,1.0
dbpedia_3862+Kaggle_148217,1.0
Kaggle_402+dbpedia_1369,1.0
dbpedia_1544+Kaggle_46647,1.0
dbpedia_4095+Kaggle_43996,1.0
dbpedia_1808+Kaggle_28664,1.0
dbpedia_1150+Kaggle_38388,1.0
Kaggle_147365+dbpedia_4834,1.0
Kaggle_235241+dbpedia_272,1.0
Kaggle_638+dbpedia_974,1.0
Kaggle_2809293+dbpedia_3664,1.0
dbpedia_4666+Kaggle_47857,1.0
dbpedia_2433+Kaggle_9913,1.0
dbpedia_2022+Kaggle_9694,1.0
Kaggle_2421574+dbpedia_738,1.0
Kaggle_14059+dbpedia_109,1.0
dbpedia_3027+Kaggle_7048,1.0
Kaggle_467445+dbpedia_702,1.0
Kaggle_3905+dbpedia_3453,1.0
Kaggle_122293+dbpedia_587,1.0
Kaggle_66717+dbpedia_114,1.0
dbpedia_3438+Kaggle_9119,1.0
Kaggle_6174283+dbpedia_1506,1.0
dbpedia_3260+Kaggle_292499,1.0
Kaggle_3953709+dbpedia_2541,1.0
Kaggle_21115+dbpedia_4302,1.0
dbpedia_3420+Kaggle_225136,1.0
dbpedia_4008+Kaggle_49629,1.0
dbpedia_620+Kaggle_805939,1.0
Kaggle_5535+dbpedia_129,1.0
Kaggle_94298+dbpedia_3598,1.0
Kaggle_351121+dbpedia_3974,1.0
dbpedia_3490+Kaggle_237372,1.0
Kaggle_126814+dbpedia_47,1.0
Kaggle_92834+dbpedia_4720,1.0
dbpedia_3179+Kaggle_12209,1.0
dbpedia_177+Kaggle_101618,1.0
dbpedia_2654+Kaggle_15007,1.0
dbpedia_1757+Kaggle_55573,1.0
dbpedia_1109+Kaggle_236371,1.0
Kaggle_83342+dbpedia_985,1.0
dbpedia_652+Kaggle_17165,1.0
dbpedia_4226+Kaggle_453937,1.0
Kaggle_97135+dbpedia_3114,1.0
Kaggle_10669+dbpedia_314,1.0
dbpedia_3523+Kaggle_145564,1.0
dbpedia_881+Kaggle_470,1.0
dbpedia_3747+Kaggle_3068888,1.0
dbpedia_4091+Kaggle_1316,1.0
Kaggle_366+dbpedia_956,1.0
dbpedia_667+Kaggle_102032,1.0
Kaggle_100+dbpedia_3102,1.0
Kaggle_49185+dbpedia_3275,1.0
Kaggle_52416+dbpedia_1691,1.0
Kaggle_26147+dbpedia_1545,1.0
dbpedia_4706+Kaggle_48670,1.0
Kaggle_376899+dbpedia_4560,1.0
dbpedia_4712+Kaggle_302457,1.0
dbpedia_3878+Kaggle_287861,1.0
dbpedia_72+Kaggle_296165,1.0
Kaggle_584+dbpedia_3291,1.0
dbpedia_2357+Kaggle_51074,1.0
Kaggle_6811520+dbpedia_2298,1.0
Kaggle_92945+dbpedia_3479,1.0
dbpedia_961+Kaggle_2642316,1.0
Kaggle_87712+dbpedia_3554,1.0
dbpedia_1090+Kaggle_9463,1.0
dbpedia_4411+Kaggle_7984,1.0
dbpedia_1431+Kaggle_25064,1.0
dbpedia_866+Kaggle_63871,1.0
dbpedia_4436+Kaggle_11769,1.0
dbpedia_1286+Kaggle_106396,1.0
Kaggle_74415+dbpedia_2460,1.0
dbpedia_3631+Kaggle_336210,1.0
Kaggle_178424+dbpedia_4531,1.0
Kaggle_36215+dbpedia_3136,1.0
Kaggle_1663057+dbpedia_312,1.0
Kaggle_4539+dbpedia_1510,1.0
dbpedia_1429+Kaggle_9411,1.0
Kaggle_311038+dbpedia_3706,1.0
Kaggle_281094+dbpedia_1453,1.0
Kaggle_85498+dbpedia_1642,1.0
dbpedia_3299+Kaggle_46654,1.0
dbpedia_592+Kaggle_23133,1.0
Kaggle_310441+dbpedia_1450,1.0
Kaggle_20512+dbpedia_2383,1.0
Kaggle_8028+dbpedia_491,1.0
Kaggle_30564+dbpedia_646,1.0
Kaggle_45990+dbpedia_4200,1.0
dbpedia_2935+Kaggle_2461,1.0
Kaggle_5977+dbpedia_3142,1.0
Kaggle_182354+dbpedia_3345,1.0
Kaggle_272116+dbpedia_3486,1.0
dbpedia_4435+Kaggle_22813,1.0
dbpedia_241+Kaggle_42689,1.0
dbpedia_1223+Kaggle_20379,1.0
dbpedia_1066+Kaggle_69477,1.0
dbpedia_2564+Kaggle_6641,1.0
dbpedia_4300+Kaggle_296084,1.0
dbpedia_2+Kaggle_201010,1.0
dbpedia_1427+Kaggle_271174,1.0
Kaggle_155064+dbpedia_3462,1.0
dbpedia_1363+Kaggle_284665,1.0
dbpedia_3304+Kaggle_194311,1.0
Kaggle_557+dbpedia_2531,1.0
Kaggle_37690+dbpedia_1096,1.0
dbpedia_1239+Kaggle_5904,1.0
Kaggle_15435+dbpedia_4275,1.0
Kaggle_4262118+dbpedia_298,1.0
dbpedia_4131+Kaggle_28861,1.0
Kaggle_5189611+dbpedia_1100,1.0
Kaggle_4643466+dbpedia_827,1.0
dbpedia_4129+Kaggle_88079,1.0
dbpedia_4586+Kaggle_16136,1.0
Kaggle_4263+dbpedia_2055,1.0
dbpedia_2503+Kaggle_8766,1.0
Kaggle_60711+dbpedia_999,1.0
dbpedia_1723+Kaggle_5356107,1.0
Kaggle_123385+dbpedia_2454,1.0
dbpedia_692+Kaggle_484002,1.0
dbpedia_962+Kaggle_113260,1.0
dbpedia_807+Kaggle_2862,1.0
Kaggle_43654+dbpedia_1859,1.0
Kaggle_74705+dbpedia_3571,1.0
Kaggle_7799+dbpedia_969,1.0
Kaggle_334475+dbpedia_4551,1.0
dbpedia_4217+Kaggle_13325,1.0
dbpedia_1878+Kaggle_1448201,1.0
dbpedia_3726+Kaggle_3004,1.0
Kaggle_48655+dbpedia_865,1.0
dbpedia_1701+Kaggle_95832,1.0
dbpedia_1125+Kaggle_128212,1.0
dbpedia_4139+Kaggle_30036,1.0
dbpedia_4635+Kaggle_17423,1.0
dbpedia_1599+Kaggle_63185,1.0
Kaggle_155361+dbpedia_3918,1.0
dbpedia_302+Kaggle_279758,1.0
dbpedia_4816+Kaggle_2278,1.0
dbpedia_2742+Kaggle_6526,1.0
dbpedia_3824+Kaggle_15331,1.0
dbpedia_680+Kaggle_173470,1.0
Kaggle_489+dbpedia_2196,1.0
Kaggle_24773+dbpedia_755,1.0
dbpedia_287+Kaggle_104967,1.0
Kaggle_334428+dbpedia_4331,1.0
Kaggle_256+dbpedia_3470,1.0
dbpedia_1405+Kaggle_13375,1.0
Kaggle_36895+dbpedia_244,1.0
Kaggle_255892+dbpedia_2844,1.0
dbpedia_2124+Kaggle_28020,1.0
dbpedia_2431+Kaggle_42351,1.0
dbpedia_2977+Kaggle_5279,1.0
dbpedia_1473+Kaggle_22361,1.0
Kaggle_8327+dbpedia_3296,1.0
Kaggle_2744+dbpedia_1781,1.0
dbpedia_256+Kaggle_77361,1.0
Kaggle_6161979+dbpedia_3774,1.0
dbpedia_4533+Kaggle_47923,1.0
Kaggle_3586+dbpedia_786,1.0
dbpedia_3851+Kaggle_55401,1.0
Kaggle_3347+dbpedia_4239,1.0
dbpedia_4336+Kaggle_106089,1.0
Kaggle_86867+dbpedia_4571,1.0
Kaggle_4383+dbpedia_2771,1.0
dbpedia_3507+Kaggle_127890,1.0
dbpedia_4667+Kaggle_42444,1.0
dbpedia_394+Kaggle_553166,1.0
Kaggle_31280+dbpedia_3561,1.0
dbpedia_490+Kaggle_147402,1.0
Kaggle_189563+dbpedia_337,1.0
Kaggle_15544+dbpedia_2815,1.0
Kaggle_6009+dbpedia_556,1.0
dbpedia_379+Kaggle_3013,1.0
Kaggle_508948+dbpedia_757,1.0
Kaggle_35268+dbpedia_1726,1.0
dbpedia_2887+Kaggle_12952,1.0
Kaggle_145033+dbpedia_4152,1.0
Kaggle_368622+dbpedia_3791,1.0
dbpedia_152+Kaggle_5238,1.0
Kaggle_13804+dbpedia_2859,1.0
dbpedia_1540+Kaggle_518711,1.0
Kaggle_27169+dbpedia_4594,1.0
dbpedia_422+Kaggle_19990,1.0
dbpedia_2489+Kaggle_6702,1.0
